timestamp,Close,Open,Low,High,Volume,AdjClose
2019-09-11,3.2699999809265137,3.2799999713897705,3.1600000858306885,3.3299999237060547,13619900,3.2699999809265137
2020-11-09,44.02000045776367,41.650001525878906,40.380001068115234,45.290000915527344,218733300,44.02000045776367
2024-05-06,5.690000057220459,5.75,5.570000171661377,6.039999961853027,75633400,5.690000057220459
2020-08-07,13.420000076293944,13.539999961853027,13.199999809265137,13.729999542236328,57746000,13.420000076293944
2020-10-26,26.01000022888184,26.61000061035156,25.459999084472656,27.350000381469727,72610300,26.01000022888184
2020-05-18,3.609999895095825,3.5,3.5,3.690000057220459,27771300,3.609999895095825
2020-05-08,3.7699999809265137,3.680000066757202,3.5999999046325684,3.799999952316284,27638000,3.7699999809265137
2021-09-14,37.88999938964844,38.4900016784668,37.68999862670898,39.400001525878906,30857200,37.88999938964844
2024-02-09,5.929999828338623,5.840000152587891,5.75,5.929999828338623,25563500,5.929999828338623
2021-01-26,60.310001373291016,60.040000915527344,58.63999938964844,60.66999816894531,70393300,60.310001373291016
2020-10-27,28.440000534057617,26.209999084472656,26.030000686645508,28.459999084472656,104257700,28.440000534057617
2023-12-26,9.329999923706056,8.770000457763672,8.630000114440918,9.43000030517578,130928200,9.329999923706056
2022-07-14,21.049999237060547,21.059999465942383,20.65999984741211,21.450000762939453,39870500,21.049999237060547
2024-02-12,6.079999923706055,5.909999847412109,5.900000095367432,6.28000020980835,43673000,6.079999923706055
2020-11-18,45.060001373291016,45.75,42.5,46.720001220703125,271678300,45.060001373291016
2019-06-05,2.8299999237060547,3.069999933242798,2.759999990463257,3.0899999141693115,38179100,2.8299999237060547
2019-05-17,4.420000076293945,4.579999923706055,4.420000076293945,4.699999809265137,19775700,4.420000076293945
2019-11-08,1.9800000190734863,2.130000114440918,1.940000057220459,2.130000114440918,38341600,1.9800000190734863
2024-08-30,4.039999961853027,4.190000057220459,4.0,4.210000038146973,65991100,4.039999961853027
2021-05-12,33.68000030517578,34.380001068115234,33.47999954223633,35.130001068115234,75993700,33.68000030517578
2019-11-20,1.840000033378601,1.850000023841858,1.7699999809265137,1.870000004768372,20728500,1.840000033378601
2025-07-23,4.920000076293945,5.190000057220459,4.869999885559082,5.210000038146973,108246500,4.920000076293945
2023-01-10,11.239999771118164,11.100000381469728,10.68000030517578,11.380000114440918,44315500,11.239999771118164
2022-05-10,13.4399995803833,14.260000228881836,12.859999656677246,14.68000030517578,77181800,13.4399995803833
2022-08-24,18.8700008392334,18.010000228881836,18.0,19.229999542236328,29271000,18.8700008392334
2025-09-30,7.619999885559082,7.300000190734863,7.300000190734863,7.78000020980835,107657600,7.619999885559082
2022-05-25,14.640000343322754,14.789999961853027,14.09000015258789,15.0,44911100,14.640000343322754
2024-06-26,4.639999866485596,4.380000114440918,4.340000152587891,4.679999828338623,53248100,4.639999866485596
2020-03-05,3.7200000286102295,3.7799999713897705,3.680000066757202,3.890000104904175,72697800,3.7200000286102295
2025-06-23,3.430000066757202,3.400000095367432,3.3399999141693115,3.450000047683716,28943200,3.430000066757202
2024-05-28,4.900000095367432,4.96999979019165,4.829999923706055,5.010000228881836,46519700,4.900000095367432
2023-12-06,7.75,7.650000095367432,7.590000152587891,8.279999732971191,118989400,7.75
2024-01-16,6.550000190734863,7.039999961853027,6.449999809265137,7.050000190734863,121078900,6.550000190734863
2025-07-01,3.509999990463257,3.470000028610229,3.450000047683716,3.569999933242798,46064800,3.509999990463257
2019-05-24,3.859999895095825,3.9800000190734863,3.809999942779541,4.050000190734863,26069400,3.859999895095825
2025-06-18,3.4200000762939453,3.4600000381469727,3.4200000762939453,3.4800000190734863,25543100,3.4200000762939453
2024-09-30,6.679999828338623,7.699999809265137,6.659999847412109,7.710000038146973,213140800,6.679999828338623
2021-10-19,40.02999877929688,40.27000045776367,39.560001373291016,40.900001525878906,37820000,40.02999877929688
2024-09-10,5.480000019073486,5.429999828338623,5.320000171661377,5.5,58595000,5.480000019073486
2020-01-10,3.509999990463257,3.490000009536743,3.400000095367432,3.5799999237060547,35626700,3.509999990463257
2024-01-08,7.929999828338623,7.860000133514404,7.730000019073486,8.050000190734863,49933600,7.929999828338623
2023-08-08,14.06999969482422,13.949999809265137,13.729999542236328,14.170000076293944,63081100,14.06999969482422
2022-06-01,17.56999969482422,17.59000015258789,17.479999542236328,18.93000030517578,92493700,17.56999969482422
2022-05-23,16.0,15.800000190734863,15.239999771118164,16.010000228881836,65594700,16.0
2020-09-16,19.01000022888184,19.270000457763672,18.520000457763672,19.540000915527344,57671000,19.01000022888184
2021-05-26,37.7599983215332,36.25,36.06999969482422,38.08000183105469,55929000,37.7599983215332
2023-08-03,15.460000038146973,14.68000030517578,14.65999984741211,15.859999656677246,86032100,15.460000038146973
2019-06-27,2.5999999046325684,2.509999990463257,2.440000057220459,2.619999885559082,27685600,2.5999999046325684
2018-10-03,6.300000190734863,6.119999885559082,6.119999885559082,6.550000190734863,13251200,6.300000190734863
2019-10-02,1.590000033378601,1.190000057220459,1.190000057220459,1.649999976158142,98992700,1.590000033378601
2022-03-22,21.770000457763672,20.84000015258789,20.59000015258789,22.09000015258789,79808500,21.770000457763672
2021-07-23,43.9900016784668,43.66999816894531,42.5,44.5,49559100,43.9900016784668
2023-08-07,14.81999969482422,15.020000457763672,14.380000114440918,15.199999809265137,53768400,14.81999969482422
2020-09-28,18.809999465942383,18.8799991607666,18.43000030517578,19.15999984741211,42786200,18.809999465942383
2021-10-20,39.77999877929688,39.970001220703125,39.15999984741211,40.34000015258789,25120700,39.77999877929688
2020-11-13,44.560001373291016,51.290000915527344,40.54999923706055,54.20000076293945,577185100,44.560001373291016
2021-09-27,36.77000045776367,35.43000030517578,34.41999816894531,36.86000061035156,36093000,36.77000045776367
2024-04-24,4.150000095367432,4.150000095367432,4.050000190734863,4.21999979019165,34562000,4.150000095367432
2021-11-30,39.130001068115234,40.369998931884766,38.34999847412109,41.41999816894531,47970900,39.130001068115234
2025-02-18,4.360000133514404,4.489999771118164,4.349999904632568,4.5,43222800,4.360000133514404
2019-06-28,2.549999952316284,2.5999999046325684,2.509999990463257,2.630000114440918,17640300,2.549999952316284
2021-09-15,38.02999877929688,38.0,36.95000076293945,38.150001525878906,27049400,38.02999877929688
2023-02-14,10.3100004196167,10.1899995803833,9.90999984741211,10.350000381469728,38028600,10.3100004196167
2025-02-07,4.239999771118164,4.28000020980835,4.190000057220459,4.329999923706055,37198200,4.239999771118164
2024-08-09,3.7799999713897705,3.799999952316284,3.75,3.890000104904175,25866100,3.7799999713897705
2023-05-04,8.0600004196167,7.75,7.75,8.119999885559082,50555800,8.0600004196167
2024-09-26,5.78000020980835,6.0,5.699999809265137,6.199999809265137,139473600,5.78000020980835
2023-06-09,7.730000019073486,7.840000152587891,7.690000057220459,8.75,140273500,7.730000019073486
2021-08-03,44.56999969482422,45.22999954223633,43.7599983215332,45.79999923706055,46029300,44.56999969482422
2023-04-19,8.789999961853027,9.15999984741211,8.770000457763672,9.199999809265137,60655900,8.789999961853027
2024-05-21,5.25,5.190000057220459,5.139999866485596,5.539999961853027,75042200,5.25
2021-01-13,62.150001525878906,62.93999862670898,61.40999984741211,64.41000366210938,116059200,62.150001525878906
2022-07-19,20.200000762939453,21.100000381469727,19.520000457763672,21.100000381469727,63211700,20.200000762939453
2019-12-05,2.2699999809265137,2.5299999713897705,2.25,2.569999933242798,53235200,2.2699999809265137
2018-11-30,7.710000038146973,7.800000190734863,7.679999828338623,8.0,10994700,7.710000038146973
2022-08-03,20.299999237060547,20.309999465942383,19.43000030517578,20.3700008392334,44049900,20.299999237060547
2023-09-06,10.579999923706056,10.710000038146973,10.470000267028809,10.90999984741211,31426100,10.579999923706056
2023-06-01,7.539999961853027,7.239999771118164,7.0,7.639999866485596,74201600,7.539999961853027
2023-12-27,9.100000381469728,9.260000228881836,8.890000343322754,9.329999923706056,99997200,9.100000381469728
2021-01-21,58.34000015258789,57.02000045776367,55.880001068115234,58.58000183105469,73119500,58.34000015258789
2018-11-12,6.650000095367432,6.71999979019165,6.559999942779541,6.929999828338623,12709100,6.650000095367432
2019-02-06,8.399999618530273,7.949999809265137,7.829999923706055,8.59000015258789,33404700,8.399999618530273
2019-10-15,1.5499999523162842,1.6299999952316284,1.5399999618530271,1.6399999856948853,25901200,1.5499999523162842
2023-10-19,7.690000057220459,7.760000228881836,7.590000152587891,7.880000114440918,39606100,7.690000057220459
2020-02-07,3.809999942779541,4.019999980926514,3.740000009536743,4.019999980926514,80780700,3.809999942779541
2019-02-07,8.039999961853027,8.279999732971191,7.800000190734863,8.369999885559082,23198200,8.039999961853027
2025-07-18,4.389999866485596,4.380000114440918,4.28000020980835,4.570000171661377,78373600,4.389999866485596
2021-12-14,32.29999923706055,32.22999954223633,31.200000762939453,32.380001068115234,45998500,32.29999923706055
2019-02-15,7.409999847412109,7.550000190734863,7.260000228881836,7.639999866485596,15620200,7.409999847412109
2021-02-22,50.68000030517578,54.18000030517578,50.400001525878906,54.369998931884766,68831300,50.68000030517578
2025-12-04,5.010000228881836,4.940000057220459,4.909999847412109,5.03000020980835,57001900,5.010000228881836
2024-01-30,5.789999961853027,6.010000228881836,5.789999961853027,6.039999961853027,66444800,5.789999961853027
2022-03-03,19.8799991607666,21.729999542236328,19.71999931335449,21.809999465942383,69419400,19.8799991607666
2025-02-24,4.360000133514404,4.440000057220459,4.349999904632568,4.460000038146973,37454200,4.360000133514404
2023-05-19,8.069999694824219,7.900000095367432,7.849999904632568,8.140000343322754,41574800,8.069999694824219
2021-09-17,37.5099983215332,37.29999923706055,36.970001220703125,37.56999969482422,29557200,37.5099983215332
2020-05-22,3.2699999809265137,3.3299999237060547,3.180000066757202,3.3399999141693115,22887300,3.2699999809265137
2024-10-25,5.260000228881836,5.059999942779541,5.010000228881836,5.349999904632568,67917100,5.260000228881836
2023-06-06,7.880000114440918,7.659999847412109,7.300000190734863,7.880000114440918,79001900,7.880000114440918
2019-03-19,5.960000038146973,5.75,5.730000019073486,6.03000020980835,54509200,5.960000038146973
2024-03-04,5.329999923706055,5.579999923706055,5.25,5.610000133514404,94275800,5.329999923706055
2023-11-17,7.389999866485596,7.400000095367432,7.25,7.5,26658000,7.389999866485596
2025-07-10,3.690000057220459,3.549999952316284,3.490000009536743,3.700000047683716,74015200,3.690000057220459
2024-06-24,4.440000057220459,4.300000190734863,4.289999961853027,4.53000020980835,28749700,4.440000057220459
2023-02-24,9.300000190734863,9.510000228881836,9.130000114440918,9.520000457763672,56808900,9.300000190734863
2022-12-23,10.970000267028809,11.220000267028809,10.6899995803833,11.220000267028809,33666100,10.970000267028809
2023-03-21,9.270000457763672,8.960000038146973,8.90999984741211,9.369999885559082,52342800,9.270000457763672
2023-03-13,8.550000190734863,8.350000381469727,8.029999732971191,8.6899995803833,43877100,8.550000190734863
2022-03-14,14.100000381469728,15.09000015258789,13.81999969482422,15.739999771118164,115290300,14.100000381469728
2022-08-02,20.18000030517578,19.68000030517578,19.61000061035156,20.950000762939453,51262000,20.18000030517578
2024-12-06,4.610000133514404,4.699999809265137,4.559999942779541,4.710000038146973,44028300,4.610000133514404
2020-08-31,19.030000686645508,17.190000534057617,16.81999969482422,19.82999992370605,226610900,19.030000686645508
2025-12-17,4.860000133514404,5.010000228881836,4.849999904632568,5.059999942779541,29067700,4.860000133514404
2025-12-01,5.179999828338623,5.329999923706055,5.139999866485596,5.429999828338623,58805800,5.179999828338623
2021-01-15,56.27000045776367,59.84000015258789,55.66999816894531,60.220001220703125,132247900,56.27000045776367
2025-09-04,6.130000114440918,6.070000171661377,5.96999979019165,6.190000057220459,72831200,6.130000114440918
2022-12-22,11.289999961853027,11.449999809265137,10.760000228881836,11.579999923706056,32468900,11.289999961853027
2022-04-06,21.68000030517578,22.040000915527344,20.93000030517578,22.07999992370605,73501100,21.68000030517578
2024-08-14,3.7200000286102295,3.920000076293945,3.7100000381469727,3.930000066757202,37694800,3.7200000286102295
2021-07-12,46.34000015258789,45.970001220703125,44.59999847412109,46.81999969482422,54668300,46.34000015258789
2020-04-23,3.059999942779541,3.200000047683716,3.049999952316284,3.200000047683716,17434200,3.059999942779541
2024-05-07,5.510000228881836,5.539999961853027,5.460000038146973,5.829999923706055,43754100,5.510000228881836
2024-10-02,7.210000038146973,7.239999771118164,6.820000171661377,7.380000114440918,135598100,7.210000038146973
2025-10-13,7.179999828338623,7.010000228881836,6.960000038146973,7.21999979019165,65388200,7.179999828338623
2025-06-11,3.740000009536743,3.849999904632568,3.740000009536743,3.900000095367432,31465400,3.740000009536743
2024-08-19,4.070000171661377,4.03000020980835,4.03000020980835,4.110000133514404,23455100,4.070000171661377
2019-12-04,2.4200000762939453,2.4200000762939453,2.4100000858306885,2.5799999237060547,46792900,2.4200000762939453
2019-08-07,3.0899999141693115,3.039999961853028,2.930000066757202,3.0899999141693115,18090400,3.0899999141693115
2019-08-14,2.900000095367432,3.0799999237060547,2.880000114440918,3.0799999237060547,28205900,2.900000095367432
2024-02-29,5.75,5.559999942779541,5.539999961853027,5.789999961853027,63187100,5.75
2024-12-04,4.599999904632568,4.670000076293945,4.519999980926514,4.739999771118164,47932700,4.599999904632568
2021-02-12,59.84999847412109,60.2599983215332,59.09999847412109,61.04999923706055,40233100,59.84999847412109
2019-05-08,4.570000171661377,4.789999961853027,4.559999942779541,4.809999942779541,20456900,4.570000171661377
2022-03-23,21.8700008392334,21.600000381469727,20.88999938964844,22.600000381469727,88922000,21.8700008392334
2021-06-16,45.02000045776367,44.22999954223633,43.77000045776367,45.130001068115234,47381500,45.02000045776367
2019-10-03,1.6399999856948853,1.590000033378601,1.4299999475479126,1.7000000476837158,58630100,1.6399999856948853
2019-04-16,4.449999809265137,4.800000190734863,4.429999828338623,4.809999942779541,46354500,4.449999809265137
2022-09-12,21.75,20.100000381469727,20.01000022888184,21.8799991607666,86994000,21.75
2022-04-08,20.0,20.11000061035156,19.82999992370605,20.709999084472656,59574300,20.0
2021-02-19,55.040000915527344,55.720001220703125,54.09999847412109,56.040000915527344,43020700,55.040000915527344
2023-07-14,10.539999961853027,10.670000076293944,10.460000038146973,10.84000015258789,40233500,10.539999961853027
2024-06-18,4.429999828338623,4.360000133514404,4.320000171661377,4.46999979019165,28884900,4.429999828338623
2019-11-29,2.2699999809265137,2.359999895095825,2.200000047683716,2.359999895095825,32640300,2.2699999809265137
2019-06-19,2.740000009536743,2.6700000762939453,2.559999942779541,2.8399999141693115,43761900,2.740000009536743
2025-08-25,6.090000152587891,6.699999809265137,6.070000171661377,6.730000019073486,156581500,6.090000152587891
2023-08-09,13.460000038146973,13.949999809265137,13.210000038146973,14.119999885559082,57706700,13.460000038146973
2021-01-29,57.0,59.02999877929688,56.43999862670898,60.709999084472656,78678200,57.0
2022-12-08,13.40999984741211,13.0,12.880000114440918,13.550000190734863,52377700,13.40999984741211
2023-08-10,13.25,13.609999656677246,13.1899995803833,13.970000267028809,55643000,13.25
2022-12-15,11.880000114440918,12.329999923706056,11.68000030517578,12.630000114440918,41620900,11.880000114440918
2021-12-10,34.2599983215332,33.900001525878906,33.25,34.54999923706055,32196300,34.2599983215332
2019-10-31,1.4500000476837158,1.4700000286102295,1.440000057220459,1.5399999618530271,22381000,1.4500000476837158
2025-09-16,7.019999980926514,6.550000190734863,6.480000019073486,7.090000152587891,130662500,7.019999980926514
2022-02-16,25.61000061035156,25.399999618530277,25.049999237060547,25.84000015258789,32627200,25.61000061035156
2025-10-23,6.889999866485596,6.920000076293945,6.869999885559082,6.96999979019165,30262000,6.889999866485596
2024-09-12,5.28000020980835,5.539999961853027,5.099999904632568,5.539999961853027,70949400,5.28000020980835
2024-07-10,4.619999885559082,4.510000228881836,4.5,4.769999980926514,43456600,4.619999885559082
2023-12-11,7.679999828338623,7.489999771118164,7.409999847412109,7.699999809265137,39418200,7.679999828338623
2023-03-16,8.5,8.130000114440918,8.100000381469727,8.539999961853027,27563000,8.5
2021-06-14,46.54999923706055,45.95000076293945,45.58000183105469,47.25,65288400,46.54999923706055
2021-10-13,36.2400016784668,35.779998779296875,35.470001220703125,36.68000030517578,33439600,36.2400016784668
2020-12-11,41.97999954223633,42.47999954223633,41.2599983215332,43.630001068115234,147076100,41.97999954223633
2022-05-03,17.530000686645508,17.290000915527344,16.950000762939453,17.84000015258789,44062200,17.530000686645508
2024-07-16,4.900000095367432,4.619999885559082,4.619999885559082,4.920000076293945,50004800,4.900000095367432
2022-05-04,18.1299991607666,17.18000030517578,16.719999313354492,18.21999931335449,53869900,18.1299991607666
2023-10-05,8.65999984741211,8.65999984741211,8.510000228881836,8.710000038146973,21933500,8.65999984741211
2023-11-16,7.400000095367432,7.579999923706055,7.139999866485596,7.590000152587891,68800100,7.400000095367432
2022-02-14,23.790000915527344,23.76000022888184,23.34000015258789,24.540000915527344,41441600,23.790000915527344
2020-08-27,19.8799991607666,19.989999771118164,18.76000022888184,20.46999931335449,199850300,19.8799991607666
2023-07-06,9.5600004196167,9.970000267028809,9.489999771118164,10.010000228881836,52767400,9.5600004196167
2019-10-18,1.5199999809265137,1.4500000476837158,1.440000057220459,1.5499999523162842,21393400,1.5199999809265137
2025-06-12,3.619999885559082,3.670000076293945,3.609999895095825,3.690000057220459,22556000,3.619999885559082
2020-02-14,3.7699999809265137,4.019999980926514,3.75,4.039999961853027,69655600,3.7699999809265137
2023-05-10,8.130000114440918,8.199999809265137,8.039999961853027,8.520000457763672,47366600,8.130000114440918
2019-08-21,3.049999952316284,3.2300000190734863,3.0199999809265137,3.2699999809265137,21513600,3.049999952316284
2025-07-14,4.170000076293945,4.110000133514404,4.019999980926514,4.21999979019165,122870700,4.170000076293945
2021-10-05,33.869998931884766,33.29999923706055,33.27000045776367,34.310001373291016,26441300,33.869998931884766
2019-07-12,3.450000047683716,3.3399999141693115,3.319999933242798,3.640000104904175,39432200,3.450000047683716
2023-10-02,8.789999961853027,8.899999618530273,8.699999809265137,9.0,38390600,8.789999961853027
2025-11-25,5.5,5.590000152587891,5.380000114440918,5.699999809265137,88421200,5.5
2018-12-04,7.079999923706055,7.599999904632568,7.050000190734863,7.639999866485596,19624700,7.079999923706055
2024-07-05,4.619999885559082,4.71999979019165,4.409999847412109,4.75,61604000,4.619999885559082
2024-06-25,4.369999885559082,4.400000095367432,4.320000171661377,4.429999828338623,22851100,4.369999885559082
2020-02-24,3.880000114440918,3.7899999618530273,3.759999990463257,3.940000057220459,56247100,3.880000114440918
2022-06-10,18.13999938964844,18.86000061035156,17.809999465942383,19.18000030517578,61204800,18.13999938964844
2022-12-01,12.09000015258789,12.350000381469728,11.949999809265137,12.550000190734863,59583400,12.09000015258789
2023-05-23,8.75,8.640000343322754,8.59000015258789,8.850000381469727,38540000,8.75
2024-07-29,4.389999866485596,4.440000057220459,4.300000190734863,4.46999979019165,33918300,4.389999866485596
2023-08-01,14.630000114440918,14.859999656677246,14.40999984741211,15.260000228881836,89527700,14.630000114440918
2021-07-27,39.36000061035156,42.43999862670898,38.65999984741211,43.29999923706055,102714000,39.36000061035156
2022-01-10,28.90999984741211,29.0,27.780000686645508,29.15999984741211,44833600,28.90999984741211
2021-06-25,45.06999969482422,45.77999877929688,44.880001068115234,45.93999862670898,32605400,45.06999969482422
2019-03-05,10.15999984741211,9.800000190734863,9.699999809265137,10.630000114440918,53680800,10.15999984741211
2023-04-11,9.520000457763672,9.1899995803833,9.18000030517578,9.789999961853027,44751300,9.520000457763672
2023-07-17,10.5600004196167,10.300000190734863,10.210000038146973,10.630000114440918,28845700,10.5600004196167
2020-10-08,21.440000534057617,22.049999237060547,21.290000915527344,22.450000762939453,77719600,21.440000534057617
2020-09-25,18.31999969482422,18.020000457763672,17.950000762939453,18.6200008392334,44122100,18.31999969482422
2019-01-09,6.630000114440918,6.409999847412109,6.349999904632568,6.690000057220459,11489900,6.630000114440918
2023-09-05,10.8100004196167,10.729999542236328,10.720000267028809,11.18000030517578,37911800,10.8100004196167
2022-02-24,21.21999931335449,18.5,18.46999931335449,21.309999465942383,77198400,21.21999931335449
2020-03-18,2.430000066757202,2.400000095367432,2.109999895095825,2.5799999237060547,94431900,2.430000066757202
2024-11-19,4.630000114440918,4.75,4.480000019073486,4.75,81563500,4.630000114440918
2019-01-14,6.800000190734863,6.510000228881836,6.369999885559082,7.150000095367432,19454100,6.800000190734863
2024-11-05,5.28000020980835,5.28000020980835,5.21999979019165,5.380000114440918,32012100,5.28000020980835
2020-01-03,3.829999923706055,3.5,3.4800000190734863,3.900000095367432,82892400,3.829999923706055
2022-06-24,24.07999992370605,23.21999931335449,23.15999984741211,24.170000076293945,67062600,24.07999992370605
2024-11-07,5.309999942779541,5.230000019073486,5.130000114440918,5.349999904632568,56496100,5.309999942779541
2024-09-06,5.019999980926514,4.940000057220459,4.900000095367432,5.179999828338623,105245000,5.019999980926514
2022-01-13,30.479999542236328,31.68000030517578,30.479999542236328,31.850000381469727,35401300,30.479999542236328
2022-06-15,20.11000061035156,18.959999084472656,18.18000030517578,20.26000022888184,121426000,20.11000061035156
2020-06-29,7.230000019073486,6.980000019073486,6.710000038146973,7.25,46070400,7.230000019073486
2020-08-24,14.970000267028809,14.630000114440918,14.3100004196167,14.979999542236328,98697700,14.970000267028809
2024-02-08,5.820000171661377,5.820000171661377,5.71999979019165,5.880000114440918,32055300,5.820000171661377
2019-11-01,1.5199999809265137,1.4900000095367432,1.4900000095367432,1.5499999523162842,17957200,1.5199999809265137
2024-12-05,4.610000133514404,4.650000095367432,4.599999904632568,4.769999980926514,86599500,4.610000133514404
2025-12-11,5.130000114440918,4.989999771118164,4.900000095367432,5.190000057220459,39079200,5.130000114440918
2025-03-14,4.900000095367432,4.860000133514404,4.829999923706055,5.059999942779541,53620000,4.900000095367432
2021-04-20,36.93000030517578,37.16999816894531,35.939998626708984,37.81999969482422,71208600,36.93000030517578
2024-07-23,4.480000019073486,4.579999923706055,4.46999979019165,4.599999904632568,37498700,4.480000019073486
2024-05-22,5.239999771118164,5.260000228881836,5.139999866485596,5.309999942779541,36743200,5.239999771118164
2021-09-13,38.38999938964844,38.0099983215332,36.560001373291016,38.38999938964844,38410000,38.38999938964844
2024-02-01,5.710000038146973,5.730000019073486,5.539999961853027,5.920000076293945,51425400,5.710000038146973
2022-08-11,20.81999969482422,20.399999618530277,20.07999992370605,21.96999931335449,56333100,20.81999969482422
2025-07-02,3.4800000190734863,3.5,3.470000028610229,3.539999961853028,22912600,3.4800000190734863
2019-12-31,4.019999980926514,4.150000095367432,3.819999933242798,4.420000076293945,215008600,4.019999980926514
2025-09-23,6.929999828338623,6.900000095367432,6.769999980926514,7.170000076293945,80663300,6.929999828338623
2021-09-24,35.380001068115234,35.59000015258789,35.20000076293945,36.06999969482422,23755100,35.380001068115234
2022-07-27,19.3799991607666,19.13999938964844,18.75,19.5,32854100,19.3799991607666
2021-11-03,41.5,41.97999954223633,40.630001068115234,42.40999984741211,34202100,41.5
2021-09-10,37.97999954223633,38.619998931884766,37.900001525878906,39.52000045776367,29273600,37.97999954223633
2019-05-29,3.609999895095825,3.890000104904175,3.5999999046325684,3.900000095367432,41690400,3.609999895095825
2023-02-15,10.5,10.09000015258789,10.09000015258789,10.5,35660100,10.5
2021-11-24,41.41999816894531,41.70000076293945,40.88999938964844,42.5099983215332,33467200,41.41999816894531
2019-01-16,6.710000038146973,6.800000190734863,6.679999828338623,6.900000095367432,6941200,6.710000038146973
2025-02-04,4.389999866485596,4.369999885559082,4.360000133514404,4.5,44232100,4.389999866485596
2025-08-19,5.070000171661377,4.940000057220459,4.929999828338623,5.230000019073486,90447700,5.070000171661377
2020-07-08,12.880000114440918,14.100000381469728,12.0,15.279999732971191,570911400,12.880000114440918
2018-11-28,8.119999885559082,7.599999904632568,7.599999904632568,8.149999618530273,22096900,8.119999885559082
2024-03-08,5.800000190734863,5.78000020980835,5.659999847412109,5.920000076293945,39080200,5.800000190734863
2019-07-31,3.470000028610229,3.380000114440918,3.359999895095825,3.5299999713897705,19917200,3.470000028610229
2019-02-26,9.789999961853027,9.15999984741211,8.819999694824219,10.640000343322754,106022600,9.789999961853027
2022-09-08,17.68000030517578,17.3700008392334,16.989999771118164,17.700000762939453,30487800,17.68000030517578
2023-03-14,8.420000076293945,8.510000228881836,8.350000381469727,8.5600004196167,36783100,8.420000076293945
2025-01-15,4.099999904632568,4.110000133514404,4.019999980926514,4.139999866485596,32661000,4.099999904632568
2019-05-23,3.930000066757202,3.9600000381469727,3.829999923706055,4.03000020980835,27855500,3.930000066757202
2022-09-28,17.329999923706055,16.799999237060547,16.65999984741211,17.459999084472656,37295600,17.329999923706055
2021-01-14,60.869998931884766,62.630001068115234,60.040000915527344,63.22999954223633,99338400,60.869998931884766
2024-05-29,4.929999828338623,4.829999923706055,4.809999942779541,5.0,37706200,4.929999828338623
2018-10-08,6.039999961853027,6.070000171661377,5.949999809265137,6.179999828338623,11508800,6.039999961853027
2020-05-19,3.690000057220459,3.619999885559082,3.5899999141693115,3.75,21707400,3.690000057220459
2023-08-04,14.720000267028809,15.859999656677246,14.699999809265137,16.18000030517578,85225300,14.720000267028809
2019-10-30,1.4299999475479126,1.4199999570846558,1.3600000143051147,1.4500000476837158,20769100,1.4299999475479126
2024-07-03,4.869999885559082,4.590000152587891,4.590000152587891,5.039999961853027,72459800,4.869999885559082
2020-05-27,4.170000076293945,4.010000228881836,3.900000095367432,4.199999809265137,70718900,4.170000076293945
2025-12-12,5.03000020980835,5.130000114440918,5.019999980926514,5.260000228881836,33069400,5.03000020980835
2021-04-05,39.310001373291016,40.540000915527344,38.720001220703125,40.650001525878906,71418400,39.310001373291016
2018-10-25,6.449999809265137,6.269999980926514,6.25,6.570000171661377,9188700,6.449999809265137
2022-12-30,9.75,9.829999923706056,9.520000457763672,9.979999542236328,40863800,9.75
2022-01-26,22.65999984741211,24.600000381469727,22.530000686645508,24.780000686645508,72125700,22.65999984741211
2019-07-22,3.380000114440918,3.380000114440918,3.309999942779541,3.450000047683716,12376900,3.380000114440918
2024-06-13,4.409999847412109,4.46999979019165,4.400000095367432,4.610000133514404,27306300,4.409999847412109
2019-12-30,3.7200000286102295,2.9200000762939453,2.880000114440918,4.869999885559082,432720700,3.7200000286102295
2020-12-02,47.97999954223633,40.15999984741211,38.43000030517578,48.0,313028300,47.97999954223633
2022-10-10,13.279999732971191,13.65999984741211,13.020000457763672,13.729999542236328,48731700,13.279999732971191
2025-05-20,3.9600000381469727,3.990000009536743,3.9600000381469727,4.03000020980835,22933900,3.9600000381469727
2023-06-28,9.520000457763672,9.399999618530272,9.18000030517578,9.5600004196167,44832900,9.520000457763672
2020-01-22,4.789999961853027,5.420000076293945,4.690000057220459,5.650000095367432,207132700,4.789999961853027
2021-03-15,44.93000030517578,45.54999923706055,44.380001068115234,46.290000915527344,74013600,44.93000030517578
2019-04-15,4.75,4.989999771118164,4.71999979019165,5.0,27489100,4.75
2020-02-19,4.079999923706055,3.930000066757202,3.859999895095825,4.099999904632568,73256300,4.079999923706055
2019-01-11,6.590000152587891,6.5,6.480000019073486,6.619999885559082,6902300,6.590000152587891
2018-11-19,7.840000152587891,7.380000114440918,7.28000020980835,8.210000038146973,49171800,7.840000152587891
2020-07-23,12.149999618530272,12.59000015258789,11.850000381469728,12.630000114440918,95206300,12.149999618530272
2019-04-26,4.920000076293945,4.849999904632568,4.769999980926514,4.929999828338623,11891300,4.920000076293945
2023-02-06,10.93000030517578,10.949999809265137,10.670000076293944,11.029999732971191,45482600,10.93000030517578
2023-10-23,7.590000152587891,7.489999771118164,7.309999942779541,7.699999809265137,33550400,7.590000152587891
2025-12-02,5.03000020980835,5.159999847412109,5.03000020980835,5.179999828338623,43612900,5.03000020980835
2024-09-03,4.150000095367432,3.9800000190734863,3.9600000381469727,4.179999828338623,52928200,4.150000095367432
2020-09-08,17.030000686645508,17.170000076293945,16.510000228881836,17.860000610351562,89624600,17.030000686645508
2019-05-31,3.049999952316284,3.069999933242798,3.0,3.150000095367432,39383300,3.049999952316284
2024-03-11,6.099999904632568,5.920000076293945,5.880000114440918,6.230000019073486,64025300,6.099999904632568
2021-05-18,34.189998626708984,34.0099983215332,33.2599983215332,34.779998779296875,64929500,34.189998626708984
2023-05-18,7.820000171661377,7.940000057220459,7.730000019073486,8.029999732971191,46481500,7.820000171661377
2024-08-20,3.849999904632568,4.119999885559082,3.829999923706055,4.170000076293945,43921600,3.849999904632568
2020-10-16,28.479999542236328,29.18000030517578,27.940000534057617,29.399999618530277,186764700,28.479999542236328
2020-01-29,4.269999980926514,4.230000019073486,4.019999980926514,4.329999923706055,53844300,4.269999980926514
2023-10-03,8.609999656677246,8.550000190734863,8.539999961853027,8.760000228881836,27185700,8.609999656677246
2025-11-05,7.289999961853027,7.289999961853027,7.179999828338623,7.400000095367432,34733400,7.289999961853027
2023-03-22,9.09000015258789,9.5,9.0600004196167,9.529999732971191,36811700,9.09000015258789
2024-07-22,4.690000057220459,4.630000114440918,4.579999923706055,4.699999809265137,34131500,4.690000057220459
2022-10-04,16.729999542236328,16.170000076293945,15.949999809265137,16.8799991607666,45093600,16.729999542236328
2021-02-02,55.77000045776367,57.060001373291016,54.5099983215332,57.540000915527344,66234100,55.77000045776367
2022-05-17,16.6299991607666,15.3100004196167,15.260000228881836,16.690000534057617,93233100,16.6299991607666
2019-08-30,2.859999895095825,2.900000095367432,2.8399999141693115,2.9100000858306885,8155400,2.859999895095825
2023-10-24,8.09000015258789,7.559999942779541,7.559999942779541,8.119999885559082,42841700,8.09000015258789
2024-02-02,5.539999961853027,5.559999942779541,5.429999828338623,5.590000152587891,56919300,5.539999961853027
2019-12-09,2.220000028610229,2.2100000381469727,2.109999895095825,2.25,31542900,2.220000028610229
2020-06-05,5.590000152587891,6.03000020980835,5.519999980926514,6.079999923706055,90811800,5.590000152587891
2025-08-18,4.869999885559082,4.909999847412109,4.809999942779541,4.96999979019165,47355300,4.869999885559082
2021-11-12,42.66999816894531,42.68999862670898,41.90999984741211,43.54999923706055,34743100,42.66999816894531
2019-12-03,2.400000095367432,2.309999942779541,2.25,2.4800000190734863,37865200,2.400000095367432
2020-05-29,3.9800000190734863,3.819999933242798,3.7300000190734863,4.0,50303000,3.9800000190734863
2021-04-28,41.18999862670898,40.7400016784668,40.43999862670898,41.95000076293945,57639600,41.18999862670898
2020-03-04,3.869999885559082,4.03000020980835,3.7699999809265137,4.070000171661377,49465800,3.869999885559082
2020-12-10,45.220001220703125,42.43999862670898,41.88999938964844,45.66999816894531,107376800,45.220001220703125
2022-01-04,31.57999992370605,33.349998474121094,31.11000061035156,33.38999938964844,47866800,31.57999992370605
2019-06-04,3.039999961853028,3.0,2.970000028610229,3.109999895095825,30924000,3.039999961853028
2021-08-25,38.95000076293945,38.65999984741211,38.18000030517578,39.13999938964844,25641300,38.95000076293945
2021-03-03,41.52999877929688,44.58000183105469,41.11000061035156,45.08000183105469,107863400,41.52999877929688
2021-06-30,53.20000076293945,50.58000183105469,50.54999923706055,53.84000015258789,92031100,53.20000076293945
2022-09-09,19.15999984741211,18.399999618530277,18.290000915527344,19.59000015258789,54913900,19.15999984741211
2021-12-03,32.150001525878906,34.58000183105469,31.5,35.220001220703125,106366600,32.150001525878906
2025-06-04,3.75,3.609999895095825,3.559999942779541,3.920000076293945,72688800,3.75
2019-11-14,1.75,1.8600000143051147,1.659999966621399,1.8899999856948853,46683200,1.75
2021-10-08,35.83000183105469,36.43999862670898,35.83000183105469,36.54999923706055,31959800,35.83000183105469
2020-07-14,14.09000015258789,13.25,12.420000076293944,14.130000114440918,196123200,14.09000015258789
2024-07-09,4.5,4.46999979019165,4.420000076293945,4.539999961853027,26805400,4.5
2024-10-14,5.789999961853027,6.059999942779541,5.760000228881836,6.179999828338623,80930100,5.789999961853027
2020-03-13,3.109999895095825,3.2799999713897705,2.990000009536743,3.3299999237060547,41770400,3.109999895095825
2022-09-15,21.51000022888184,21.51000022888184,21.25,22.739999771118164,43787900,21.51000022888184
2019-02-13,7.489999771118164,7.519999980926514,7.389999866485596,7.679999828338623,10867800,7.489999771118164
2019-03-15,5.710000038146973,6.119999885559082,5.710000038146973,6.130000114440918,85777000,5.710000038146973
2025-12-22,5.0,5.019999980926514,4.980000019073486,5.050000190734863,23199300,5.0
2025-08-01,5.010000228881836,4.739999771118164,4.730000019073486,5.059999942779541,81680900,5.010000228881836
2020-02-11,3.9600000381469727,3.829999923706055,3.799999952316284,4.050000190734863,54097100,3.9600000381469727
2024-08-15,3.829999923706055,3.7899999618530273,3.7799999713897705,3.869999885559082,28523100,3.829999923706055
2021-05-28,38.619998931884766,38.7400016784668,38.16999816894531,39.7599983215332,58236000,38.619998931884766
2025-09-17,7.449999809265137,7.230000019073486,7.059999942779541,7.449999809265137,122761800,7.449999809265137
2023-11-09,7.46999979019165,7.820000171661377,7.460000038146973,7.960000038146973,36134800,7.46999979019165
2019-07-15,3.390000104904175,3.490000009536743,3.3399999141693115,3.5199999809265137,19833100,3.390000104904175
2022-10-14,11.75,12.989999771118164,11.729999542236328,13.18000030517578,59846600,11.75
2019-04-04,5.349999904632568,5.389999866485596,5.269999980926514,5.5,31696600,5.349999904632568
2023-12-08,7.380000114440918,7.369999885559082,7.300000190734863,7.570000171661377,42786200,7.380000114440918
2024-11-01,5.099999904632568,5.139999866485596,5.0,5.190000057220459,43951800,5.099999904632568
2023-07-27,13.239999771118164,13.859999656677246,13.15999984741211,13.869999885559082,103657400,13.239999771118164
2025-09-15,6.489999771118164,6.460000038146973,6.420000076293945,6.829999923706055,68234900,6.489999771118164
2022-08-31,19.90999984741211,20.11000061035156,19.280000686645508,20.3799991607666,39383500,19.90999984741211
2021-09-29,35.130001068115234,35.439998626708984,35.02000045776367,36.36000061035156,33553400,35.130001068115234
2023-04-27,7.96999979019165,7.699999809265137,7.610000133514404,7.96999979019165,36937500,7.96999979019165
2021-08-23,38.16999816894531,37.43999862670898,37.040000915527344,38.380001068115234,39610100,38.16999816894531
2021-08-16,38.619998931884766,39.459999084472656,38.06999969482422,39.59999847412109,66407900,38.619998931884766
2018-09-26,7.5,7.590000152587891,7.5,7.760000228881836,11088300,7.5
2024-11-27,4.380000114440918,4.440000057220459,4.28000020980835,4.449999809265137,45474500,4.380000114440918
2022-10-25,10.630000114440918,9.8100004196167,9.529999732971191,10.630000114440918,98189000,10.630000114440918
2019-10-25,1.5099999904632568,1.5399999618530271,1.5,1.559999942779541,20444900,1.5099999904632568
2019-11-07,2.069999933242798,2.109999895095825,2.049999952316284,2.200000047683716,39411800,2.069999933242798
2021-03-10,41.31999969482422,43.5,40.25,45.2599983215332,190801800,41.31999969482422
2021-11-23,42.040000915527344,41.5,40.470001220703125,43.119998931884766,55094300,42.040000915527344
2022-06-08,20.3799991607666,20.31999969482422,19.86000061035156,20.450000762939453,65311600,20.3799991607666
2019-03-20,5.849999904632568,6.019999980926514,5.710000038146973,6.03000020980835,39053700,5.849999904632568
2025-07-07,3.4100000858306885,3.440000057220459,3.390000104904175,3.470000028610229,31339200,3.4100000858306885
2019-12-24,2.5299999713897705,2.630000114440918,2.450000047683716,2.630000114440918,32029800,2.5299999713897705
2022-08-16,20.90999984741211,21.149999618530277,20.40999984741211,21.149999618530277,32103200,20.90999984741211
2021-10-27,39.310001373291016,40.900001525878906,39.2599983215332,41.27999877929688,28750900,39.310001373291016
2024-01-12,7.170000076293945,7.260000228881836,7.159999847412109,7.53000020980835,49034600,7.170000076293945
2025-07-09,3.4800000190734863,3.5199999809265137,3.4600000381469727,3.5899999141693115,26907300,3.4800000190734863
2025-04-28,4.309999942779541,4.090000152587891,4.090000152587891,4.389999866485596,60350200,4.309999942779541
2022-06-17,20.770000457763672,19.770000457763672,19.729999542236328,20.88999938964844,82067300,20.770000457763672
2021-06-17,47.36000061035156,45.04999923706055,44.86000061035156,47.7599983215332,64895500,47.36000061035156
2025-05-23,3.819999933242798,3.809999942779541,3.740000009536743,3.829999923706055,29176400,3.819999933242798
2022-04-29,16.700000762939453,17.780000686645508,16.65999984741211,18.190000534057617,62933900,16.700000762939453
2019-05-01,4.679999828338623,4.840000152587891,4.679999828338623,4.849999904632568,13308300,4.679999828338623
2022-01-18,29.61000061035156,30.030000686645508,29.600000381469727,30.90999984741211,33258200,29.61000061035156
2021-03-22,42.93999862670898,44.06999969482422,42.58000183105469,44.560001373291016,72838500,42.93999862670898
2020-09-30,21.21999931335449,21.71999931335449,20.76000022888184,22.59000015258789,183530500,21.21999931335449
2023-11-27,7.190000057220459,7.309999942779541,7.179999828338623,7.380000114440918,33857600,7.190000057220459
2021-01-27,57.150001525878906,57.95000076293945,56.59999847412109,59.790000915527344,73078300,57.150001525878906
2019-06-24,2.640000104904175,2.609999895095825,2.509999990463257,2.690000057220459,22693900,2.640000104904175
2025-11-26,5.460000038146973,5.539999961853027,5.300000190734863,5.730000019073486,85900500,5.460000038146973
2021-08-30,37.79999923706055,38.16999816894531,36.63999938964844,38.27999877929688,38128000,37.79999923706055
2020-04-30,3.4100000858306885,3.630000114440918,3.369999885559082,3.7200000286102295,44540400,3.4100000858306885
2019-01-31,7.880000114440918,7.400000095367432,7.400000095367432,7.889999866485596,21233900,7.880000114440918
2022-02-03,23.1299991607666,22.959999084472656,22.950000762939453,24.6200008392334,55361300,23.1299991607666
2021-11-29,40.459999084472656,40.84999847412109,39.4900016784668,41.20000076293945,35113900,40.459999084472656
2019-04-29,4.980000019073486,4.889999866485596,4.869999885559082,5.050000190734863,15202800,4.980000019073486
2020-05-13,3.440000057220459,3.640000104904175,3.319999933242798,3.680000066757202,34034700,3.440000057220459
2022-05-24,14.630000114440918,15.529999732971191,14.399999618530272,15.529999732971191,48413500,14.630000114440918
2020-08-05,13.920000076293944,13.40999984741211,13.369999885559082,14.079999923706056,60046000,13.920000076293944
2022-03-29,21.8799991607666,21.57999992370605,21.020000457763672,21.959999084472656,65946100,21.8799991607666
2021-05-10,34.33000183105469,36.77999877929688,34.29999923706055,36.790000915527344,92293900,34.33000183105469
2022-04-25,17.309999465942383,16.809999465942383,16.18000030517578,17.420000076293945,54990900,17.309999465942383
2022-06-06,19.18000030517578,18.989999771118164,18.799999237060547,19.799999237060547,68726800,19.18000030517578
2023-06-08,7.789999961853027,7.800000190734863,7.599999904632568,7.889999866485596,64405800,7.789999961853027
2020-06-23,7.230000019073486,7.550000190734863,7.190000057220459,7.690000057220459,79863500,7.230000019073486
2022-04-18,19.170000076293945,19.51000022888184,18.51000022888184,19.63999938964844,40647500,19.170000076293945
2019-05-30,3.240000009536743,3.549999952316284,3.109999895095825,3.549999952316284,55942200,3.240000009536743
2020-04-01,2.650000095367432,2.630000114440918,2.5999999046325684,2.759999990463257,17153800,2.650000095367432
2020-12-29,46.13999938964844,43.70000076293945,42.22999954223633,46.27999877929688,120689900,46.13999938964844
2025-11-13,6.239999771118164,6.440000057220459,6.139999866485596,6.489999771118164,62534800,6.239999771118164
2024-12-16,4.420000076293945,4.46999979019165,4.400000095367432,4.570000171661377,36537700,4.420000076293945
2023-05-01,7.809999942779541,7.829999923706055,7.550000190734863,7.860000133514404,39623700,7.809999942779541
2024-09-23,5.320000171661377,5.199999809265137,5.050000190734863,5.559999942779541,66291800,5.320000171661377
2021-10-06,33.65999984741211,33.40999984741211,33.16999816894531,34.15999984741211,22885100,33.65999984741211
2022-03-21,20.26000022888184,20.75,19.32999992370605,21.200000762939453,89586400,20.26000022888184
2022-01-11,30.020000457763672,28.850000381469727,28.46999931335449,30.440000534057617,41475700,30.020000457763672
2022-05-16,14.550000190734863,14.8100004196167,14.279999732971191,15.43000030517578,82270000,14.550000190734863
2021-05-04,37.93000030517578,38.9900016784668,36.91999816894531,39.31999969482422,78256800,37.93000030517578
2019-04-08,5.300000190734863,5.329999923706055,5.25,5.380000114440918,17349800,5.300000190734863
2024-04-01,4.639999866485596,4.630000114440918,4.570000171661377,4.75,42632700,4.639999866485596
2025-04-17,3.5199999809265137,3.509999990463257,3.490000009536743,3.5799999237060547,23168700,3.5199999809265137
2020-05-15,3.369999885559082,3.369999885559082,3.359999895095825,3.450000047683716,13699000,3.369999885559082
2021-03-24,36.959999084472656,41.20000076293945,36.58000183105469,41.290000915527344,130695000,36.959999084472656
2023-10-26,7.630000114440918,7.619999885559082,7.519999980926514,7.800000190734863,27283600,7.630000114440918
2023-10-27,7.440000057220459,7.78000020980835,7.389999866485596,7.809999942779541,33773500,7.440000057220459
2021-02-23,49.11000061035156,45.619998931884766,41.65999984741211,49.66999816894531,142544300,49.11000061035156
2019-11-12,1.940000057220459,1.899999976158142,1.830000042915344,2.049999952316284,27818000,1.940000057220459
2025-03-26,4.21999979019165,4.369999885559082,4.179999828338623,4.420000076293945,62695600,4.21999979019165
2025-08-22,6.340000152587891,5.869999885559082,5.78000020980835,6.579999923706055,234464700,6.340000152587891
2019-01-18,6.710000038146973,6.889999866485596,6.679999828338623,6.909999847412109,9240900,6.710000038146973
2018-11-08,6.690000057220459,6.489999771118164,6.46999979019165,7.099999904632568,20510700,6.690000057220459
2025-04-15,3.619999885559082,3.559999942779541,3.549999952316284,3.650000095367432,28866300,3.619999885559082
2025-10-02,7.889999866485596,7.849999904632568,7.639999866485596,8.020000457763672,86946400,7.889999866485596
2019-03-22,5.619999885559082,5.800000190734863,5.599999904632568,5.869999885559082,24956500,5.619999885559082
2025-11-07,6.860000133514404,7.03000020980835,6.679999828338623,7.03000020980835,65995400,6.860000133514404
2022-01-19,28.6299991607666,29.71999931335449,28.61000061035156,30.149999618530277,34011800,28.6299991607666
2024-05-16,5.260000228881836,5.369999885559082,5.21999979019165,5.460000038146973,41788900,5.260000228881836
2025-06-24,3.5,3.4600000381469727,3.4100000858306885,3.569999933242798,33481300,3.5
2023-12-14,7.860000133514404,7.46999979019165,7.460000038146973,8.020000457763672,94106100,7.860000133514404
2019-05-09,4.599999904632568,4.539999961853027,4.510000228881836,4.699999809265137,15759700,4.599999904632568
2021-07-29,42.619998931884766,42.25,41.63999938964844,43.29999923706055,46847600,42.619998931884766
2019-11-06,2.0299999713897705,2.4600000381469727,1.9600000381469729,2.4600000381469727,113933700,2.0299999713897705
2025-08-14,4.449999809265137,4.5,4.369999885559082,4.510000228881836,43446300,4.449999809265137
2025-05-12,4.199999809265137,4.230000019073486,4.090000152587891,4.269999980926514,44327900,4.199999809265137
2021-10-14,36.27999877929688,36.209999084472656,35.599998474121094,36.45000076293945,29898400,36.27999877929688
2020-01-31,3.7799999713897705,4.019999980926514,3.670000076293945,4.039999961853027,77923200,3.7799999713897705
2020-12-17,46.0,45.16999816894531,43.900001525878906,46.04999923706055,130003700,46.0
2025-10-16,6.829999923706055,6.289999961853027,6.28000020980835,6.869999885559082,125559000,6.829999923706055
2025-08-04,4.599999904632568,4.889999866485596,4.579999923706055,4.900000095367432,92178900,4.599999904632568
2024-03-06,5.769999980926514,5.389999866485596,5.380000114440918,5.880000114440918,77698800,5.769999980926514
2024-07-15,4.630000114440918,4.809999942779541,4.53000020980835,4.809999942779541,58503300,4.630000114440918
2024-12-26,4.690000057220459,4.630000114440918,4.610000133514404,4.829999923706055,33687400,4.690000057220459
2024-01-11,7.400000095367432,7.570000171661377,7.329999923706055,7.670000076293945,52385000,7.400000095367432
2020-07-09,14.56999969482422,13.5,13.06999969482422,14.630000114440918,316792000,14.56999969482422
2020-03-11,3.319999933242798,3.400000095367432,3.259999990463257,3.5299999713897705,31099400,3.319999933242798
2020-01-09,3.4600000381469727,3.440000057220459,3.3299999237060547,3.5799999237060547,54644200,3.4600000381469727
2024-07-11,4.679999828338623,4.789999961853027,4.599999904632568,4.800000190734863,56422800,4.679999828338623
2025-02-21,4.440000057220459,4.46999979019165,4.420000076293945,4.690000057220459,101148600,4.440000057220459
2024-01-09,7.559999942779541,7.800000190734863,7.519999980926514,7.840000152587891,70100900,7.559999942779541
2024-04-09,4.710000038146973,4.429999828338623,4.420000076293945,4.789999961853027,76418900,4.710000038146973
2022-11-17,10.670000076293944,10.25,9.93000030517578,10.720000267028809,62563500,10.670000076293944
2025-10-31,7.25,7.050000190734863,6.849999904632568,7.269999980926514,50928400,7.25
2024-12-13,4.510000228881836,4.53000020980835,4.449999809265137,4.550000190734863,31903300,4.510000228881836
2025-09-26,7.039999961853027,7.309999942779541,6.960000038146973,7.369999885559082,92524000,7.039999961853027
2024-07-26,4.429999828338623,4.309999942779541,4.239999771118164,4.429999828338623,32103400,4.429999828338623
2020-01-02,3.7200000286102295,4.099999904632568,3.609999895095825,4.099999904632568,103740100,3.7200000286102295
2022-04-13,20.420000076293945,19.549999237060547,19.030000686645508,20.559999465942383,57163200,20.420000076293945
2019-12-17,2.5899999141693115,2.539999961853028,2.5,2.630000114440918,45654500,2.5899999141693115
2025-03-11,5.21999979019165,4.75,4.71999979019165,5.329999923706055,162169100,5.21999979019165
2023-08-24,10.640000343322754,10.960000038146973,10.619999885559082,11.109999656677246,27131700,10.640000343322754
2025-03-31,3.809999942779541,3.670000076293945,3.569999933242798,3.849999904632568,64817600,3.809999942779541
2019-05-14,4.670000076293945,4.46999979019165,4.409999847412109,4.670000076293945,27925700,4.670000076293945
2018-09-28,6.980000019073486,6.96999979019165,6.679999828338623,7.28000020980835,21813600,6.980000019073486
2019-05-20,4.25,4.380000114440918,4.110000133514404,4.400000095367432,23571700,4.25
2021-04-13,38.47999954223633,37.47999954223633,37.33000183105469,38.65999984741211,62005700,38.47999954223633
2019-09-25,2.049999952316284,2.150000095367432,2.0199999809265137,2.150000095367432,38938700,2.049999952316284
2024-01-23,6.210000038146973,6.400000095367432,6.170000076293945,6.880000114440918,119010800,6.210000038146973
2023-10-31,7.300000190734863,7.340000152587891,7.179999828338623,7.400000095367432,29679200,7.300000190734863
2021-05-14,33.41999816894531,31.940000534057617,31.559999465942383,33.689998626708984,80214300,33.41999816894531
2019-09-23,2.720000028610229,2.9800000190734863,2.7100000381469727,2.9800000190734863,40356100,2.720000028610229
2023-01-30,12.020000457763672,12.43000030517578,11.850000381469728,12.4399995803833,54970000,12.020000457763672
2019-04-02,5.389999866485596,5.429999828338623,5.349999904632568,5.610000133514404,55814800,5.389999866485596
2025-06-02,3.5199999809265137,3.569999933242798,3.4800000190734863,3.5799999237060547,39573300,3.5199999809265137
2020-11-16,45.58000183105469,41.119998931884766,41.09999847412109,45.84999847412109,306209100,45.58000183105469
2025-09-03,6.320000171661377,6.380000114440918,6.039999961853027,6.400000095367432,89712400,6.320000171661377
2024-04-15,3.890000104904175,4.190000057220459,3.819999933242798,4.190000057220459,70661300,3.890000104904175
2024-09-24,5.940000057220459,5.760000228881836,5.610000133514404,5.960000038146973,116346100,5.940000057220459
2023-02-13,10.3100004196167,10.470000267028809,10.279999732971191,10.539999961853027,30815800,10.3100004196167
2020-11-30,50.52999877929688,54.209999084472656,48.18000030517578,54.38999938964844,179765400,50.52999877929688
2019-04-03,5.309999942779541,5.550000190734863,5.230000019073486,5.579999923706055,35197400,5.309999942779541
2025-01-23,4.130000114440918,4.21999979019165,4.090000152587891,4.21999979019165,33088000,4.130000114440918
2020-10-21,27.86000061035156,27.899999618530277,27.38999938964844,28.43000030517578,65357900,27.86000061035156
2019-08-05,2.950000047683716,3.140000104904175,2.8499999046325684,3.140000104904175,38736200,2.950000047683716
2021-07-28,41.84000015258789,40.90999984741211,39.790000915527344,42.0,59207200,41.84000015258789
2021-10-26,40.470001220703125,41.290000915527344,40.470001220703125,42.61000061035156,55875400,40.470001220703125
2025-09-05,5.949999809265137,6.179999828338623,5.920000076293945,6.230000019073486,59299500,5.949999809265137
2022-02-09,26.100000381469727,25.450000762939453,25.049999237060547,26.239999771118164,56547700,26.100000381469727
2020-04-29,3.609999895095825,3.829999923706055,3.5899999141693115,3.9800000190734863,89238800,3.609999895095825
2019-12-27,2.4200000762939453,2.539999961853028,2.4100000858306885,2.549999952316284,37553300,2.4200000762939453
2024-03-14,5.579999923706055,5.820000171661377,5.539999961853027,5.820000171661377,42679900,5.579999923706055
2019-11-19,1.830000042915344,1.7799999713897705,1.7799999713897705,1.8899999856948853,26780800,1.830000042915344
2023-04-21,8.329999923706055,8.300000190734863,8.050000190734863,8.380000114440918,34188200,8.329999923706055
2022-11-16,10.529999732971191,11.170000076293944,10.449999809265137,11.289999961853027,49624900,10.529999732971191
2025-03-19,5.170000076293945,5.199999809265137,5.099999904632568,5.25,38703300,5.170000076293945
2025-06-30,3.430000066757202,3.490000009536743,3.4100000858306885,3.490000009536743,24598900,3.430000066757202
2021-07-15,43.68000030517578,43.2599983215332,42.68000030517578,44.77000045776367,55860400,43.68000030517578
2022-02-11,24.100000381469727,24.989999771118164,23.700000762939453,25.68000030517578,47870100,24.100000381469727
2019-06-20,2.8299999237060547,2.869999885559082,2.799999952316284,3.049999952316284,55697200,2.8299999237060547
2020-06-12,6.099999904632568,6.199999809265137,5.920000076293945,6.320000171661377,59838800,6.099999904632568
2020-12-21,48.95000076293945,45.630001068115234,45.02000045776367,49.4900016784668,132558100,48.95000076293945
2020-09-11,17.969999313354492,18.0,17.450000762939453,18.100000381469727,55373500,17.969999313354492
2021-02-08,59.06999969482422,57.08000183105469,56.18000030517578,59.52000045776367,64030100,59.06999969482422
2022-12-19,11.0600004196167,11.65999984741211,10.829999923706056,11.65999984741211,40564600,11.0600004196167
2025-03-27,3.9800000190734863,3.900000095367432,3.880000114440918,4.03000020980835,156708300,3.9800000190734863
2022-01-21,27.350000381469727,28.979999542236328,27.21999931335449,28.989999771118164,60210500,27.350000381469727
2018-09-17,8.5,9.609999656677246,8.5,9.75,56323900,8.5
2023-07-20,10.31999969482422,10.470000267028809,10.220000267028809,10.5,34681100,10.31999969482422
2023-03-08,9.18000030517578,8.869999885559082,8.670000076293945,9.18000030517578,39709100,9.18000030517578
2020-07-22,12.380000114440918,12.380000114440918,11.8100004196167,12.829999923706056,112260500,12.380000114440918
2019-12-20,2.690000057220459,2.650000095367432,2.630000114440918,2.720000028610229,50971500,2.690000057220459
2018-09-19,8.5,7.880000114440918,7.539999961853027,9.149999618530272,48306500,8.5
2019-08-01,3.2799999713897705,3.450000047683716,3.200000047683716,3.509999990463257,28758400,3.2799999713897705
2020-11-12,48.29999923706055,44.47999954223633,43.95000076293945,49.34999847412109,345932900,48.29999923706055
2019-08-09,3.130000114440918,3.0999999046325684,3.0999999046325684,3.180000066757202,10610000,3.130000114440918
2018-11-06,6.400000095367432,7.21999979019165,6.400000095367432,7.320000171661377,49855800,6.400000095367432
2020-11-05,42.34999847412109,38.77999877929688,38.25,42.4900016784668,302472600,42.34999847412109
2019-08-29,2.8499999046325684,2.9100000858306885,2.8499999046325684,2.930000066757202,12325800,2.8499999046325684
2023-01-18,11.010000228881836,11.489999771118164,10.979999542236328,11.6899995803833,43306200,11.010000228881836
2019-03-29,5.099999904632568,5.059999942779541,5.03000020980835,5.130000114440918,23595900,5.099999904632568
2024-01-03,8.5,8.119999885559082,8.100000381469727,8.5600004196167,58659300,8.5
2025-02-14,4.440000057220459,4.349999904632568,4.320000171661377,4.550000190734863,54299000,4.440000057220459
2024-06-17,4.429999828338623,4.320000171661377,4.239999771118164,4.480000019073486,31751400,4.429999828338623
2025-03-18,5.190000057220459,5.28000020980835,5.059999942779541,5.329999923706055,79321100,5.190000057220459
2021-12-28,29.6299991607666,29.8799991607666,29.46999931335449,30.190000534057617,28807200,29.6299991607666
2020-06-19,7.340000152587891,7.360000133514404,7.230000019073486,7.630000114440918,84604200,7.340000152587891
2022-01-14,30.950000762939453,30.280000686645508,30.07999992370605,31.31999969482422,34862600,30.950000762939453
2025-05-06,3.920000076293945,3.910000085830689,3.849999904632568,3.950000047683716,33405900,3.920000076293945
2023-11-13,7.21999979019165,7.269999980926514,7.110000133514404,7.429999828338623,34211200,7.21999979019165
2022-12-07,12.579999923706056,12.420000076293944,12.149999618530272,12.720000267028809,52840500,12.579999923706056
2025-05-15,3.990000009536743,4.059999942779541,3.9600000381469727,4.079999923706055,29326600,3.990000009536743
2021-01-04,53.4900016784668,51.20000076293945,50.66999816894531,54.45000076293945,213109700,53.4900016784668
2025-02-27,4.789999961853027,4.670000076293945,4.639999866485596,5.130000114440918,134805400,4.789999961853027
2025-11-18,5.980000019073486,5.980000019073486,5.829999923706055,6.03000020980835,59008100,5.980000019073486
2021-04-29,38.9900016784668,41.380001068115234,38.72999954223633,41.4900016784668,82660700,38.9900016784668
2020-06-08,5.96999979019165,5.809999942779541,5.679999828338623,6.079999923706055,85951600,5.96999979019165
2025-06-25,3.470000028610229,3.569999933242798,3.440000057220459,3.569999933242798,21509500,3.470000028610229
2020-03-12,3.130000114440918,3.059999942779541,2.9800000190734863,3.2300000190734863,52438300,3.130000114440918
2024-02-05,5.380000114440918,5.480000019073486,5.300000190734863,5.480000019073486,45420800,5.380000114440918
2023-02-17,10.1899995803833,10.100000381469728,9.93000030517578,10.239999771118164,37467000,10.1899995803833
2019-12-11,2.259999990463257,2.259999990463257,2.2300000190734863,2.319999933242798,20342900,2.259999990463257
2020-06-16,6.989999771118164,7.429999828338623,6.53000020980835,7.440000057220459,130478600,6.989999771118164
2022-11-23,10.5600004196167,10.3100004196167,10.239999771118164,10.739999771118164,49399100,10.5600004196167
2019-12-18,2.630000114440918,2.5799999237060547,2.539999961853028,2.6700000762939453,31811100,2.630000114440918
2019-10-24,1.5399999618530271,1.5700000524520874,1.5299999713897705,1.600000023841858,21567700,1.5399999618530271
2025-12-19,4.989999771118164,4.989999771118164,4.980000019073486,5.03000020980835,29190000,4.989999771118164
2025-10-17,6.75,6.53000020980835,6.519999980926514,6.769999980926514,76615100,6.75
2025-02-28,4.630000114440918,4.550000190734863,4.429999828338623,4.670000076293945,60898600,4.630000114440918
2020-05-20,3.4800000190734863,3.759999990463257,3.400000095367432,3.819999933242798,52056900,3.4800000190734863
2020-11-20,49.25,48.27000045776367,47.880001068115234,50.59000015258789,209106300,49.25
2021-01-22,61.95000076293945,58.95000076293945,58.31999969482422,62.16999816894531,133918100,61.95000076293945
2025-11-10,6.710000038146973,6.96999979019165,6.650000095367432,7.059999942779541,58131400,6.710000038146973
2020-03-02,4.110000133514404,4.150000095367432,3.900000095367432,4.190000057220459,56063200,4.110000133514404
2023-10-18,7.909999847412109,8.529999732971191,7.869999885559082,8.539999961853027,51395200,7.909999847412109
2022-06-22,22.549999237060547,22.34000015258789,21.93000030517578,23.1299991607666,81297100,22.549999237060547
2023-05-17,8.029999732971191,7.820000171661377,7.789999961853027,8.050000190734863,33411500,8.029999732971191
2024-08-13,3.890000104904175,3.7699999809265137,3.759999990463257,3.910000085830689,29584600,3.890000104904175
2022-05-02,17.5,16.530000686645508,16.399999618530273,17.5,56156200,17.5
2019-08-08,3.1700000762939453,3.130000114440918,3.109999895095825,3.259999990463257,20999800,3.1700000762939453
2024-01-22,5.980000019073486,5.829999923706055,5.800000190734863,6.170000076293945,74314700,5.980000019073486
2023-02-10,10.3100004196167,10.25,10.020000457763672,10.390000343322754,38377100,10.3100004196167
2023-09-28,8.90999984741211,8.369999885559082,8.359999656677246,8.989999771118164,55093400,8.90999984741211
2022-09-02,17.729999542236328,18.43000030517578,17.709999084472656,18.649999618530277,44132000,17.729999542236328
2018-12-17,7.03000020980835,7.630000114440918,6.960000038146973,7.639999866485596,18132800,7.03000020980835
2020-04-06,2.470000028610229,2.4800000190734863,2.400000095367432,2.549999952316284,34866700,2.470000028610229
2020-12-30,48.380001068115234,46.5,45.720001220703125,48.380001068115234,116691700,48.380001068115234
2018-10-16,8.039999961853027,8.0600004196167,7.829999923706055,8.199999809265137,17490500,8.039999961853027
2019-07-17,3.440000057220459,3.2799999713897705,3.25,3.5199999809265137,26705000,3.440000057220459
2024-04-26,4.489999771118164,4.429999828338623,4.389999866485596,4.539999961853027,59264500,4.489999771118164
2019-04-10,5.050000190734863,5.059999942779541,4.960000038146973,5.110000133514404,25958700,5.050000190734863
2020-10-28,27.51000022888184,27.920000076293945,26.51000022888184,28.100000381469727,89374900,27.51000022888184
2021-12-01,38.310001373291016,40.40999984741211,38.20000076293945,40.83000183105469,48006000,38.310001373291016
2022-10-19,10.920000076293944,11.800000190734863,10.710000038146973,11.899999618530272,99014200,10.920000076293944
2022-07-12,20.8700008392334,20.40999984741211,20.040000915527344,21.190000534057617,49780800,20.8700008392334
2019-01-15,6.820000171661377,6.849999904632568,6.75,7.070000171661377,12633000,6.820000171661377
2025-04-16,3.5199999809265137,3.450000047683716,3.4200000762939453,3.569999933242798,33469500,3.5199999809265137
2019-10-11,1.559999942779541,1.5499999523162842,1.5,1.590000033378601,25648800,1.559999942779541
2023-05-24,7.920000076293945,8.140000343322754,7.71999979019165,8.210000038146973,84695800,7.920000076293945
2023-01-12,11.8100004196167,11.489999771118164,11.130000114440918,11.8100004196167,40125300,11.8100004196167
2022-07-11,20.56999969482422,21.600000381469727,20.5,21.739999771118164,54656800,20.56999969482422
2025-04-21,3.5999999046325684,3.539999961853028,3.4800000190734863,3.609999895095825,28419000,3.5999999046325684
2021-03-16,43.68000030517578,45.040000915527344,43.16999816894531,45.65999984741211,84361400,43.68000030517578
2023-09-14,10.380000114440918,10.149999618530272,10.140000343322754,10.380000114440918,26475900,10.380000114440918
2025-07-16,4.110000133514404,4.190000057220459,3.9600000381469727,4.190000057220459,69862800,4.110000133514404
2023-06-27,9.34000015258789,8.720000267028809,8.65999984741211,9.34000015258789,73607600,9.34000015258789
2023-09-13,10.06999969482422,10.199999809265137,10.0600004196167,10.470000267028809,36890000,10.06999969482422
2022-11-22,10.010000228881836,9.869999885559082,9.75,10.100000381469728,36096300,10.010000228881836
2020-09-15,19.190000534057617,19.100000381469727,18.8799991607666,20.25,111630500,19.190000534057617
2019-10-14,1.5299999713897705,1.559999942779541,1.5199999809265137,1.5700000524520874,12534600,1.5299999713897705
2020-09-17,19.299999237060547,18.26000022888184,18.07999992370605,19.32999992370605,55186600,19.299999237060547
2023-07-03,10.029999732971191,10.149999618530272,9.789999961853027,10.489999771118164,68989300,10.029999732971191
2020-02-21,4.079999923706055,4.199999809265137,4.019999980926514,4.199999809265137,40425900,4.079999923706055
2025-05-21,3.940000057220459,3.990000009536743,3.920000076293945,4.059999942779541,38257000,3.940000057220459
2025-02-12,4.210000038146973,4.079999923706055,4.050000190734863,4.21999979019165,73192500,4.210000038146973
2021-03-04,39.27999877929688,40.4900016784668,37.59000015258789,42.43000030517578,205872700,39.27999877929688
2018-09-14,9.899999618530272,12.65999984741211,9.220000267028809,13.800000190734863,172473600,9.899999618530272
2018-09-20,8.779999732971191,9.06999969482422,8.420000076293945,9.470000267028809,40275000,8.779999732971191
2023-11-24,7.400000095367432,7.400000095367432,7.28000020980835,7.480000019073486,22881100,7.400000095367432
2019-12-06,2.259999990463257,2.319999933242798,2.200000047683716,2.3399999141693115,31931900,2.259999990463257
2023-08-21,10.949999809265137,10.729999542236328,10.539999961853027,11.170000076293944,54080100,10.949999809265137
2022-07-13,21.09000015258789,20.229999542236328,20.229999542236328,21.799999237060547,50089200,21.09000015258789
2021-05-05,37.709999084472656,38.34000015258789,37.34000015258789,38.70000076293945,56336200,37.709999084472656
2020-02-25,4.400000095367432,5.179999828338623,4.239999771118164,5.190000057220459,206259400,4.400000095367432
2025-11-21,5.579999923706055,5.489999771118164,5.389999866485596,5.699999809265137,56288300,5.579999923706055
2019-07-23,3.4600000381469727,3.430000066757202,3.369999885559082,3.490000009536743,12462000,3.4600000381469727
2025-08-15,4.809999942779541,4.559999942779541,4.550000190734863,4.820000171661377,69021000,4.809999942779541
2018-10-19,7.320000171661377,7.590000152587891,7.21999979019165,7.75,7336200,7.320000171661377
2023-12-07,7.489999771118164,7.849999904632568,7.429999828338623,7.960000038146973,63206600,7.489999771118164
2020-10-13,21.6200008392334,21.86000061035156,21.170000076293945,21.96999931335449,42581500,21.6200008392334
2025-12-03,4.789999961853027,4.980000019073486,4.730000019073486,4.989999771118164,94553700,4.789999961853027
2022-08-10,20.049999237060547,19.57999992370605,19.06999969482422,20.06999969482422,35345700,20.049999237060547
2021-03-26,36.130001068115234,35.650001525878906,34.0,36.650001525878906,163039700,36.130001068115234
2019-11-22,1.940000057220459,2.039999961853028,1.8799999952316284,2.049999952316284,25152300,1.940000057220459
2021-07-21,46.77000045776367,44.09999847412109,44.0,47.380001068115234,59851700,46.77000045776367
2021-06-11,45.68000030517578,42.93000030517578,42.7599983215332,46.2599983215332,85733900,45.68000030517578
2024-09-25,5.650000095367432,5.699999809265137,5.570000171661377,5.840000152587891,72687400,5.650000095367432
2025-01-14,4.079999923706055,4.139999866485596,4.019999980926514,4.199999809265137,32476600,4.079999923706055
2021-03-08,35.209999084472656,36.970001220703125,34.900001525878906,39.47999954223633,143074800,35.209999084472656
2018-09-21,8.59000015258789,9.050000190734863,8.5,9.06999969482422,15118500,8.59000015258789
2019-09-19,3.0999999046325684,3.119999885559082,3.0799999237060547,3.1600000858306885,8733200,3.0999999046325684
2021-11-18,38.40999984741211,39.0,37.45000076293945,39.43999862670898,42260200,38.40999984741211
2018-10-17,7.769999980926514,8.119999885559082,7.730000019073486,8.15999984741211,11705300,7.769999980926514
2020-01-14,3.759999990463257,3.700000047683716,3.609999895095825,3.819999933242798,55194000,3.759999990463257
2020-12-18,46.720001220703125,45.88999938964844,45.52000045776367,48.0,126251100,46.720001220703125
2018-11-16,7.190000057220459,7.400000095367432,7.159999847412109,7.650000095367432,14972500,7.190000057220459
2024-02-07,5.860000133514404,5.809999942779541,5.730000019073486,6.0,42818400,5.860000133514404
2019-02-14,7.480000019073486,7.699999809265137,7.420000076293945,7.78000020980835,14728300,7.480000019073486
2020-02-03,4.059999942779541,3.539999961853028,3.5199999809265137,4.110000133514404,73783600,4.059999942779541
2018-11-29,7.789999961853027,8.0600004196167,7.760000228881836,8.119999885559082,13207600,7.789999961853027
2019-08-23,2.9200000762939453,2.970000028610229,2.890000104904175,3.039999961853028,13584500,2.9200000762939453
2019-07-19,3.369999885559082,3.430000066757202,3.359999895095825,3.4800000190734863,13784300,3.369999885559082
2019-03-07,7.090000152587891,7.809999942779541,7.0,7.949999809265137,52469600,7.090000152587891
2025-10-20,7.059999942779541,6.75,6.71999979019165,7.079999923706055,52665400,7.059999942779541
2025-03-25,4.389999866485596,4.329999923706055,4.300000190734863,4.480000019073486,38082100,4.389999866485596
2021-11-04,43.119998931884766,42.7599983215332,42.5,44.0,53634400,43.119998931884766
2018-12-26,6.360000133514404,6.110000133514404,5.960000038146973,6.369999885559082,9912300,6.360000133514404
2022-05-11,12.710000038146973,13.789999961853027,12.640000343322754,14.359999656677246,86081300,12.710000038146973
2021-12-02,36.20000076293945,38.83000183105469,34.02000045776367,39.68000030517578,85263200,36.20000076293945
2025-01-06,4.710000038146973,4.760000228881836,4.670000076293945,4.909999847412109,53340700,4.710000038146973
2019-01-03,6.050000190734863,6.099999904632568,6.019999980926514,6.150000095367432,7562900,6.050000190734863
2022-06-13,15.989999771118164,17.31999969482422,15.84000015258789,17.489999771118164,60529400,15.989999771118164
2022-10-24,9.449999809265137,10.010000228881836,8.380000114440918,10.029999732971191,166523700,9.449999809265137
2018-11-14,7.099999904632568,6.800000190734863,6.800000190734863,7.449999809265137,29585100,7.099999904632568
2024-10-29,5.599999904632568,5.900000095367432,5.590000152587891,5.909999847412109,64407100,5.599999904632568
2020-10-09,21.46999931335449,21.6200008392334,21.31999969482422,21.739999771118164,37329000,21.46999931335449
2019-08-15,2.819999933242798,2.990000009536743,2.7699999809265137,2.990000009536743,15736000,2.819999933242798
2021-04-06,40.0,38.83000183105469,38.41999816894531,40.38999938964844,67969400,40.0
2024-01-25,6.039999961853027,5.909999847412109,5.829999923706055,6.079999923706055,59221400,6.039999961853027
2024-03-18,5.539999961853027,5.829999923706055,5.480000019073486,5.860000133514404,48581900,5.539999961853027
2023-01-26,12.170000076293944,12.43000030517578,11.800000190734863,12.470000267028809,51635100,12.170000076293944
2020-10-23,27.15999984741211,27.3700008392334,26.479999542236328,27.420000076293945,51784000,27.15999984741211
2023-07-25,11.90999984741211,12.34000015258789,11.880000114440918,12.829999923706056,102994600,11.90999984741211
2024-03-19,5.190000057220459,5.489999771118164,5.130000114440918,5.489999771118164,77042900,5.190000057220459
2021-02-04,57.59999847412109,58.790000915527344,57.11000061035156,59.20000076293945,48667900,57.59999847412109
2020-07-20,12.81999969482422,11.420000076293944,11.380000114440918,12.84000015258789,155428100,12.81999969482422
2025-03-10,4.460000038146973,4.389999866485596,4.389999866485596,4.679999828338623,66742300,4.460000038146973
2021-10-28,40.790000915527344,39.52999877929688,39.18999862670898,40.79999923706055,32774200,40.790000915527344
2024-11-22,4.840000152587891,4.599999904632568,4.590000152587891,4.920000076293945,66538400,4.840000152587891
2023-01-06,10.369999885559082,10.0600004196167,9.5,10.390000343322754,70946700,10.369999885559082
2023-06-14,9.050000190734863,9.06999969482422,8.800000190734863,9.1899995803833,60867200,9.050000190734863
2018-12-07,6.989999771118164,7.360000133514404,6.960000038146973,7.380000114440918,11576200,6.989999771118164
2023-06-16,9.399999618530272,10.149999618530272,9.350000381469728,10.210000038146973,81400100,9.399999618530272
2023-04-24,8.289999961853027,8.380000114440918,8.15999984741211,8.399999618530273,29843600,8.289999961853027
2019-01-25,6.650000095367432,6.650000095367432,6.599999904632568,6.78000020980835,6723600,6.650000095367432
2021-05-06,36.68000030517578,37.4900016784668,35.77000045776367,38.040000915527344,71656000,36.68000030517578
2022-10-05,16.040000915527344,16.5,15.640000343322754,16.68000030517578,39737500,16.040000915527344
2024-11-15,4.489999771118164,4.440000057220459,4.360000133514404,4.510000228881836,46287400,4.489999771118164
2019-06-21,2.640000104904175,2.880000114440918,2.569999933242798,2.900000095367432,49602400,2.640000104904175
2019-10-23,1.5299999713897705,1.5800000429153442,1.5199999809265137,1.600000023841858,12246400,1.5299999713897705
2022-10-11,12.829999923706056,13.130000114440918,12.579999923706056,13.420000076293944,51761500,12.829999923706056
2020-02-18,3.799999952316284,3.900000095367432,3.759999990463257,3.9800000190734863,47700900,3.799999952316284
2025-05-16,4.099999904632568,4.079999923706055,4.03000020980835,4.119999885559082,25768200,4.099999904632568
2022-12-27,10.0600004196167,10.529999732971191,9.970000267028809,10.609999656677246,54165700,10.0600004196167
2022-01-24,24.8700008392334,25.729999542236328,23.100000381469727,25.979999542236328,94119800,24.8700008392334
2023-09-20,8.819999694824219,8.760000228881836,8.670000076293945,9.0600004196167,122782100,8.819999694824219
2019-02-21,7.639999866485596,7.699999809265137,7.429999828338623,7.730000019073486,8060100,7.639999866485596
2018-11-09,6.769999980926514,6.590000152587891,6.519999980926514,6.929999828338623,12789800,6.769999980926514
2019-03-14,6.03000020980835,6.630000114440918,6.0,6.639999866485596,58983400,6.03000020980835
2019-07-08,3.490000009536743,3.2100000381469727,3.130000114440918,3.5,40424000,3.490000009536743
2018-11-26,7.369999885559082,7.610000133514404,7.159999847412109,7.630000114440918,12164900,7.369999885559082
2020-11-10,41.54999923706055,44.5,38.11000061035156,45.20000076293945,237403600,41.54999923706055
2018-12-19,6.829999923706055,7.010000228881836,6.800000190734863,7.150000095367432,9299700,6.829999923706055
2022-11-10,10.34000015258789,10.300000190734863,10.050000190734863,10.829999923706056,84026800,10.34000015258789
2024-05-10,5.070000171661377,5.28000020980835,5.03000020980835,5.349999904632568,49019600,5.070000171661377
2019-06-06,2.650000095367432,2.900000095367432,2.539999961853028,2.900000095367432,54094300,2.650000095367432
2019-04-01,5.210000038146973,5.289999961853027,5.139999866485596,5.400000095367432,32404600,5.210000038146973
2022-04-07,20.36000061035156,21.489999771118164,19.729999542236328,21.68000030517578,82617000,20.36000061035156
2021-11-09,40.63999938964844,43.4900016784668,40.59999847412109,43.79999923706055,49158000,40.63999938964844
2019-03-25,5.349999904632568,5.619999885559082,5.269999980926514,5.659999847412109,38993300,5.349999904632568
2019-01-08,6.400000095367432,6.570000171661377,6.170000076293945,6.579999923706055,9603800,6.400000095367432
2024-05-02,5.590000152587891,5.610000133514404,5.170000076293945,5.670000076293945,99532800,5.590000152587891
2020-11-04,37.709999084472656,37.43999862670898,35.81999969482422,39.75,339385900,37.709999084472656
2024-07-18,4.539999961853027,4.630000114440918,4.510000228881836,4.710000038146973,36332700,4.539999961853027
2022-08-09,19.170000076293945,20.229999542236328,19.01000022888184,20.239999771118164,38118400,19.170000076293945
2019-05-10,4.559999942779541,4.599999904632568,4.510000228881836,4.659999847412109,17146500,4.559999942779541
2019-09-09,3.140000104904175,3.0,2.930000066757202,3.140000104904175,17386300,3.140000104904175
2020-06-22,7.429999828338623,7.860000133514404,7.380000114440918,7.900000095367432,112976000,7.429999828338623
2022-11-29,10.5,10.649999618530272,10.390000343322754,10.899999618530272,48292300,10.5
2022-02-08,24.690000534057617,23.989999771118164,23.540000915527344,24.86000061035156,42607200,24.690000534057617
2023-02-21,10.029999732971191,10.050000190734863,9.960000038146973,10.3100004196167,35046700,10.029999732971191
2019-02-01,7.900000095367432,7.849999904632568,7.679999828338623,8.109999656677246,20788800,7.900000095367432
2025-11-24,5.75,5.78000020980835,5.710000038146973,5.860000133514404,52450700,5.75
2021-08-17,38.09999847412109,37.459999084472656,36.83000183105469,39.02000045776367,60838000,38.09999847412109
2024-10-04,6.769999980926514,6.71999979019165,6.400000095367432,6.800000190734863,91621900,6.769999980926514
2019-02-08,7.670000076293945,8.0,7.28000020980835,8.0,21709300,7.670000076293945
2020-06-04,5.96999979019165,6.010000228881836,5.610000133514404,6.199999809265137,173052600,5.96999979019165
2018-12-28,6.46999979019165,6.5,6.300000190734863,6.559999942779541,7996500,6.46999979019165
2025-04-03,3.740000009536743,3.640000104904175,3.630000114440918,3.7799999713897705,36666500,3.740000009536743
2023-02-07,10.920000076293944,11.0,10.5600004196167,11.020000457763672,35350700,10.920000076293944
2022-05-05,15.380000114440918,17.40999984741211,14.869999885559082,17.520000457763672,95761700,15.380000114440918
2025-03-24,4.380000114440918,4.400000095367432,4.340000152587891,4.480000019073486,59178000,4.380000114440918
2024-10-28,5.809999942779541,5.380000114440918,5.369999885559082,6.03000020980835,109992400,5.809999942779541
2024-08-21,3.990000009536743,3.930000066757202,3.829999923706055,4.0,25739200,3.990000009536743
2021-09-22,35.70000076293945,35.209999084472656,35.119998931884766,35.83000183105469,26608000,35.70000076293945
2022-08-17,20.07999992370605,20.68000030517578,20.059999465942383,21.020000457763672,26455900,20.07999992370605
2020-03-30,2.7100000381469727,2.809999942779541,2.700000047683716,2.8299999237060547,20115300,2.7100000381469727
2019-08-20,3.1600000858306885,3.059999942779541,3.0,3.2100000381469727,16688200,3.1600000858306885
2019-10-04,1.6200000047683716,1.600000023841858,1.559999942779541,1.690000057220459,25240300,1.6200000047683716
2025-12-24,4.909999847412109,4.889999866485596,4.880000114440918,4.929999828338623,13280300,4.909999847412109
2019-03-04,9.779999732971191,10.31999969482422,9.149999618530272,10.369999885559082,43753300,9.779999732971191
2024-08-01,4.059999942779541,4.449999809265137,3.990000009536743,4.449999809265137,88261500,4.059999942779541
2021-05-17,33.810001373291016,33.33000183105469,32.81999969482422,34.15999984741211,64020000,33.810001373291016
2019-09-10,3.319999933242798,3.130000114440918,3.069999933242798,3.3299999237060547,20848800,3.319999933242798
2024-01-02,8.420000076293945,8.930000305175781,8.380000114440918,8.9399995803833,81640300,8.420000076293945
2019-01-29,6.940000057220459,6.679999828338623,6.639999866485596,6.96999979019165,14200100,6.940000057220459
2018-10-29,6.190000057220459,6.53000020980835,6.050000190734863,6.789999961853027,16027600,6.190000057220459
2024-01-18,6.28000020980835,6.5,6.099999904632568,6.539999961853027,71543500,6.28000020980835
2024-10-24,4.980000019073486,5.150000095367432,4.960000038146973,5.159999847412109,49328700,4.980000019073486
2020-06-24,6.860000133514404,6.929999828338623,6.5,7.079999923706055,103888600,6.860000133514404
2021-07-19,43.34999847412109,41.4900016784668,40.47999954223633,43.66999816894531,65290100,43.34999847412109
2023-04-25,7.900000095367432,8.15999984741211,7.599999904632568,8.15999984741211,88508400,7.900000095367432
2024-07-01,4.440000057220459,4.349999904632568,4.25,4.510000228881836,55633200,4.440000057220459
2018-09-12,6.599999904632568,6.0,5.349999904632568,6.929999828338623,66849000,6.599999904632568
2023-09-18,10.3100004196167,10.369999885559082,10.220000267028809,10.470000267028809,22615000,10.3100004196167
2019-01-10,6.659999847412109,6.630000114440918,6.409999847412109,6.730000019073486,11221100,6.659999847412109
2024-10-15,5.619999885559082,5.610000133514404,5.550000190734863,5.809999942779541,67585800,5.619999885559082
2021-05-20,34.33000183105469,33.97999954223633,33.63999938964844,34.5099983215332,48991700,34.33000183105469
2023-12-29,9.06999969482422,9.43000030517578,8.949999809265137,9.529999732971191,74905100,9.06999969482422
2022-11-07,10.979999542236328,12.229999542236328,10.699999809265137,12.380000114440918,84143600,10.979999542236328
2021-10-04,33.400001525878906,35.02000045776367,33.279998779296875,35.02000045776367,40823100,33.400001525878906
2023-02-27,9.329999923706056,9.529999732971191,9.239999771118164,9.59000015258789,42356400,9.329999923706056
2023-05-16,7.909999847412109,8.100000381469727,7.820000171661377,8.109999656677246,33815300,7.909999847412109
2024-06-28,4.159999847412109,4.349999904632568,4.139999866485596,4.360000133514404,47669500,4.159999847412109
2024-02-21,5.96999979019165,6.019999980926514,5.949999809265137,6.170000076293945,33658000,5.96999979019165
2020-04-22,3.0899999141693115,3.0899999141693115,3.049999952316284,3.150000095367432,14494000,3.0899999141693115
2025-01-13,4.059999942779541,4.119999885559082,4.010000228881836,4.119999885559082,36105400,4.059999942779541
2023-06-21,9.06999969482422,9.539999961853027,8.960000038146973,9.84000015258789,66266600,9.06999969482422
2019-02-12,7.440000057220459,7.349999904632568,7.139999866485596,7.570000171661377,13264100,7.440000057220459
2021-06-08,43.560001373291016,44.459999084472656,42.81999969482422,44.88999938964844,50332300,43.560001373291016
2023-06-22,8.920000076293945,9.029999732971191,8.739999771118164,9.029999732971191,28909900,8.920000076293945
2021-12-22,29.850000381469727,29.559999465942383,29.32999992370605,30.3799991607666,38368900,29.850000381469727
2018-12-11,7.079999923706055,7.079999923706055,6.920000076293945,7.199999809265137,8095700,7.079999923706055
2022-01-31,24.51000022888184,21.729999542236328,21.600000381469727,24.63999938964844,96028800,24.51000022888184
2023-08-17,11.5,11.90999984741211,11.470000267028809,12.40999984741211,73315600,11.5
2019-08-02,3.2699999809265137,3.2100000381469727,3.1600000858306885,3.3299999237060547,17211300,3.2699999809265137
2019-04-11,5.010000228881836,5.0,4.96999979019165,5.090000152587891,17642600,5.010000228881836
2023-01-09,10.760000228881836,10.630000114440918,10.630000114440918,11.119999885559082,42870100,10.760000228881836
2020-03-09,3.289999961853028,3.009999990463257,2.990000009536743,3.539999961853028,55305300,3.289999961853028
2023-11-14,7.579999923706055,7.360000133514404,7.329999923706055,7.639999866485596,43383100,7.579999923706055
2025-05-19,4.039999961853027,3.9700000286102295,3.910000085830689,4.039999961853027,21902000,4.039999961853027
2024-02-28,5.429999828338623,5.599999904632568,5.389999866485596,5.610000133514404,58390500,5.429999828338623
2024-07-25,4.269999980926514,4.389999866485596,4.269999980926514,4.440000057220459,40111300,4.269999980926514
2023-07-24,11.729999542236328,10.90999984741211,10.84000015258789,12.050000190734863,108759300,11.729999542236328
2018-09-25,7.579999923706055,8.0600004196167,7.5,8.1899995803833,18909300,7.579999923706055
2020-06-25,7.079999923706055,6.659999847412109,6.599999904632568,7.150000095367432,46660300,7.079999923706055
2021-07-07,46.040000915527344,50.20000076293945,45.75,50.54999923706055,85812800,46.040000915527344
2019-09-18,3.0799999237060547,3.2100000381469727,3.0299999713897705,3.2100000381469727,12519200,3.0799999237060547
2022-03-15,14.93000030517578,13.479999542236328,13.010000228881836,15.350000381469728,139771600,14.93000030517578
2020-03-31,2.7799999713897705,2.8299999237060547,2.680000066757202,2.880000114440918,30261400,2.7799999713897705
2022-04-21,17.149999618530273,18.34000015258789,16.979999542236328,18.700000762939453,61501400,17.149999618530273
2022-05-13,14.3100004196167,13.699999809265137,13.539999961853027,14.40999984741211,63558000,14.3100004196167
2024-12-11,4.670000076293945,4.78000020980835,4.570000171661377,4.800000190734863,55104400,4.670000076293945
2025-01-29,4.21999979019165,4.320000171661377,4.21999979019165,4.349999904632568,24440700,4.21999979019165
2020-07-13,13.84000015258789,15.260000228881836,13.609999656677246,16.440000534057617,313460300,13.84000015258789
2024-04-10,4.590000152587891,4.579999923706055,4.539999961853027,4.690000057220459,32568000,4.590000152587891
2022-07-05,22.18000030517578,21.040000915527344,20.350000381469727,22.200000762939453,50537400,22.18000030517578
2020-09-09,18.09000015258789,17.899999618530273,17.700000762939453,18.6299991607666,90988400,18.09000015258789
2021-08-19,36.290000915527344,37.88999938964844,36.2400016784668,38.150001525878906,56718000,36.290000915527344
2025-06-17,3.440000057220459,3.509999990463257,3.440000057220459,3.5199999809265137,23446500,3.440000057220459
2022-02-23,20.459999084472656,22.020000457763672,20.450000762939453,22.5,49465100,20.459999084472656
2021-08-09,45.209999084472656,43.70000076293945,43.70000076293945,45.47999954223633,30548700,45.209999084472656
2020-11-02,33.31999969482422,33.95000076293945,31.68000030517578,34.939998626708984,265719900,33.31999969482422
2021-06-21,46.5099983215332,46.54999923706055,45.06999969482422,46.9900016784668,44475700,46.5099983215332
2023-11-30,7.269999980926514,7.25,7.130000114440918,7.340000152587891,45953400,7.269999980926514
2023-09-19,8.550000190734863,9.539999961853027,8.40999984741211,9.600000381469728,215935800,8.550000190734863
2022-10-17,12.210000038146973,12.1899995803833,12.119999885559082,12.640000343322754,51097200,12.210000038146973
2020-03-06,3.549999952316284,3.619999885559082,3.4200000762939453,3.660000085830689,61238100,3.549999952316284
2021-05-07,36.93999862670898,37.16999816894531,36.619998931884766,38.040000915527344,55551700,36.93999862670898
2024-04-12,4.110000133514404,4.349999904632568,4.090000152587891,4.349999904632568,74932100,4.110000133514404
2020-02-13,4.03000020980835,3.950000047683716,3.859999895095825,4.050000190734863,42411200,4.03000020980835
2022-07-18,20.84000015258789,20.959999084472656,20.600000381469727,21.81999969482422,40382300,20.84000015258789
2021-10-21,39.970001220703125,39.5099983215332,39.369998931884766,40.59999847412109,25389100,39.970001220703125
2021-08-13,41.02999877929688,41.900001525878906,40.61000061035156,42.27999877929688,39161100,41.02999877929688
2022-10-21,11.210000038146973,10.670000076293944,10.40999984741211,11.210000038146973,42496300,11.210000038146973
2022-07-21,20.68000030517578,20.15999984741211,20.15999984741211,21.170000076293945,39842100,20.68000030517578
2024-04-11,4.460000038146973,4.599999904632568,4.429999828338623,4.610000133514404,39040200,4.460000038146973
2024-02-16,6.139999866485596,6.239999771118164,6.090000152587891,6.340000152587891,41550900,6.139999866485596
2024-02-23,5.400000095367432,5.670000076293945,5.369999885559082,5.679999828338623,75135200,5.400000095367432
2024-11-26,4.309999942779541,4.599999904632568,4.309999942779541,4.610000133514404,71245200,4.309999942779541
2024-12-27,4.480000019073486,4.639999866485596,4.480000019073486,4.650000095367432,41203600,4.480000019073486
2022-03-18,20.86000061035156,18.82999992370605,18.549999237060547,21.239999771118164,128531700,20.86000061035156
2019-01-07,6.5,6.409999847412109,6.309999942779541,6.590000152587891,9709000,6.5
2021-12-06,32.34000015258789,32.349998474121094,29.65999984741211,33.31999969482422,70041700,32.34000015258789
2025-07-17,4.400000095367432,4.130000114440918,4.110000133514404,4.489999771118164,116140100,4.400000095367432
2021-05-13,31.21999931335449,33.849998474121094,30.709999084472656,34.27000045776367,113686700,31.21999931335449
2025-01-30,4.440000057220459,4.269999980926514,4.269999980926514,4.46999979019165,49084900,4.440000057220459
2018-12-03,7.579999923706055,8.100000381469727,7.5,8.130000114440918,22425400,7.579999923706055
2019-03-26,4.960000038146973,5.199999809265137,4.900000095367432,5.21999979019165,67206300,4.960000038146973
2023-03-24,9.06999969482422,9.220000267028809,8.829999923706055,9.229999542236328,28665700,9.06999969482422
2022-05-26,16.030000686645508,14.520000457763672,14.329999923706056,16.1299991607666,64243800,16.030000686645508
2024-11-13,4.610000133514404,4.659999847412109,4.559999942779541,4.690000057220459,45111300,4.610000133514404
2021-12-17,30.0,29.530000686645508,28.020000457763672,30.51000022888184,54537300,30.0
2020-09-14,18.729999542236328,18.18000030517578,17.899999618530273,18.780000686645508,68234900,18.729999542236328
2025-03-13,4.730000019073486,5.0,4.650000095367432,5.010000228881836,64247000,4.730000019073486
2020-01-30,4.079999923706055,4.239999771118164,4.010000228881836,4.380000114440918,75009800,4.079999923706055
2020-03-26,2.930000066757202,2.809999942779541,2.7799999713897705,3.069999933242798,43579400,2.930000066757202
2022-10-06,14.770000457763672,16.0,14.760000228881836,16.239999771118164,67739000,14.770000457763672
2022-03-31,21.049999237060547,22.280000686645508,20.76000022888184,22.280000686645508,77641400,21.049999237060547
2021-12-27,29.959999084472656,30.38999938964844,29.809999465942383,31.31999969482422,36081100,29.959999084472656
2025-08-11,4.909999847412109,4.960000038146973,4.849999904632568,5.010000228881836,36250500,4.909999847412109
2020-08-03,13.600000381469728,12.529999732971191,12.460000038146973,13.670000076293944,122925300,13.600000381469728
2024-01-29,6.139999866485596,6.079999923706055,5.949999809265137,6.159999847412109,40118400,6.139999866485596
2023-10-16,8.520000457763672,8.369999885559082,8.239999771118164,8.529999732971191,24550100,8.520000457763672
2021-04-16,36.09000015258789,34.689998626708984,34.060001373291016,36.540000915527344,84477400,36.09000015258789
2019-05-21,4.289999961853027,4.349999904632568,4.25,4.449999809265137,23435300,4.289999961853027
2023-04-06,9.010000228881836,8.9399995803833,8.829999923706055,9.06999969482422,23019800,9.010000228881836
2018-11-05,6.679999828338623,6.519999980926514,6.25,6.71999979019165,13188700,6.679999828338623
2021-07-14,43.04999923706055,44.84000015258789,42.68000030517578,45.16999816894531,56805800,43.04999923706055
2019-01-23,6.550000190734863,6.630000114440918,6.46999979019165,6.789999961853027,5686000,6.550000190734863
2025-10-07,7.5,7.570000171661377,7.289999961853027,7.599999904632568,75295400,7.5
2022-03-04,18.6299991607666,20.09000015258789,18.549999237060547,20.290000915527344,68403300,18.6299991607666
2025-12-16,5.03000020980835,4.960000038146973,4.949999809265137,5.03000020980835,32067600,5.03000020980835
2023-01-17,11.40999984741211,11.31999969482422,11.09000015258789,11.510000228881836,48895600,11.40999984741211
2023-04-17,9.829999923706056,9.539999961853027,9.510000228881836,10.029999732971191,48549500,9.829999923706056
2023-08-30,10.670000076293944,10.43000030517578,10.390000343322754,10.789999961853027,46265600,10.670000076293944
2025-11-03,7.420000076293945,7.340000152587891,7.230000019073486,7.510000228881836,54540400,7.420000076293945
2020-09-04,17.979999542236328,18.540000915527344,15.609999656677246,19.18000030517578,163329800,17.979999542236328
2020-01-16,4.369999885559082,3.990000009536743,3.910000085830689,4.400000095367432,97941700,4.369999885559082
2023-06-02,7.559999942779541,7.840000152587891,7.559999942779541,7.989999771118164,62511500,7.559999942779541
2018-10-22,7.03000020980835,7.679999828338623,7.0,7.690000057220459,12758500,7.03000020980835
2023-07-12,11.15999984741211,11.020000457763672,10.710000038146973,11.220000267028809,61266100,11.15999984741211
2025-05-09,3.9700000286102295,3.9700000286102295,3.9600000381469727,4.099999904632568,24093600,3.9700000286102295
2022-06-14,18.65999984741211,16.530000686645508,16.489999771118164,19.09000015258789,105582700,18.65999984741211
2019-05-16,4.659999847412109,4.650000095367432,4.610000133514404,4.849999904632568,16198000,4.659999847412109
2023-10-25,7.599999904632568,7.820000171661377,7.599999904632568,7.849999904632568,28413800,7.599999904632568
2023-06-15,9.789999961853027,9.100000381469728,9.050000190734863,9.899999618530272,97116500,9.789999961853027
2022-04-27,16.760000228881836,16.520000457763672,16.520000457763672,17.690000534057617,56633000,16.760000228881836
2020-08-25,17.84000015258789,15.079999923706056,15.0600004196167,17.8700008392334,299047800,17.84000015258789
2022-06-27,22.950000762939453,24.1299991607666,22.850000381469727,24.43000030517578,61701600,22.950000762939453
2023-01-23,12.0600004196167,11.279999732971191,11.149999618530272,12.350000381469728,64034100,12.0600004196167
2022-10-18,12.210000038146973,13.079999923706056,12.09000015258789,13.220000267028809,58185400,12.210000038146973
2021-01-12,62.040000915527344,61.41999816894531,60.41999816894531,64.12999725341797,184319300,62.040000915527344
2021-09-03,40.369998931884766,40.11000061035156,39.83000183105469,40.970001220703125,30353900,40.369998931884766
2021-04-23,41.08000183105469,40.20000076293945,39.540000915527344,41.20000076293945,70342400,41.08000183105469
2019-08-19,3.0,3.0,3.0,3.0999999046325684,13657100,3.0
2021-08-10,44.220001220703125,45.470001220703125,44.09999847412109,46.380001068115234,29572800,44.220001220703125
2024-09-05,4.849999904632568,4.409999847412109,4.269999980926514,4.849999904632568,110271900,4.849999904632568
2023-04-18,9.470000267028809,9.779999732971191,9.449999809265137,9.8100004196167,26812000,9.470000267028809
2024-01-26,6.139999866485596,6.0,5.96999979019165,6.150000095367432,39437600,6.139999866485596
2025-08-26,6.699999809265137,6.389999866485596,6.380000114440918,6.829999923706055,146133100,6.699999809265137
2022-05-27,16.56999969482422,16.15999984741211,15.670000076293944,16.690000534057617,51414800,16.56999969482422
2023-07-05,10.220000267028809,10.010000228881836,9.8100004196167,10.390000343322754,62900500,10.220000267028809
2022-12-05,12.800000190734863,13.989999771118164,12.59000015258789,14.029999732971191,94815800,12.800000190734863
2019-02-19,7.260000228881836,7.400000095367432,7.210000038146973,7.429999828338623,9974700,7.260000228881836
2024-05-03,5.570000171661377,5.53000020980835,5.329999923706055,5.579999923706055,54697700,5.570000171661377
2020-12-14,40.97999954223633,39.93999862670898,39.5099983215332,41.47999954223633,171598200,40.97999954223633
2023-05-03,7.639999866485596,7.429999828338623,7.400000095367432,7.769999980926514,39778500,7.639999866485596
2023-05-12,7.949999809265137,8.270000457763672,7.940000057220459,8.34000015258789,42114300,7.949999809265137
2022-03-25,19.90999984741211,20.309999465942383,19.350000381469727,20.75,106936200,19.90999984741211
2022-06-16,19.18000030517578,19.18000030517578,18.46999931335449,19.93000030517578,77244500,19.18000030517578
2022-11-09,9.25,10.0,9.140000343322754,10.18000030517578,81211800,9.25
2023-08-16,11.399999618530272,11.18000030517578,11.149999618530272,11.760000228881836,59478400,11.399999618530272
2025-02-19,4.389999866485596,4.400000095367432,4.369999885559082,4.519999980926514,74651800,4.389999866485596
2023-12-21,8.289999961853027,8.149999618530273,7.989999771118164,8.3100004196167,48972700,8.289999961853027
2022-03-17,18.81999969482422,17.93000030517578,17.440000534057617,18.82999992370605,93328900,18.81999969482422
2024-10-30,5.349999904632568,5.440000057220459,5.300000190734863,5.440000057220459,57415100,5.349999904632568
2022-01-27,21.11000061035156,22.799999237060547,20.959999084472656,22.809999465942383,78287900,21.11000061035156
2021-08-12,42.470001220703125,44.34999847412109,41.54999923706055,44.400001525878906,50685600,42.470001220703125
2021-07-20,44.16999816894531,43.59999847412109,42.43000030517578,44.40999984741211,37932300,44.16999816894531
2020-07-02,9.380000114440918,9.050000190734863,8.699999809265137,9.399999618530272,221496700,9.380000114440918
2019-10-01,1.3200000524520874,1.5099999904632568,1.2200000286102295,1.5099999904632568,88123600,1.3200000524520874
2018-12-31,6.369999885559082,6.559999942779541,6.210000038146973,6.570000171661377,8667400,6.369999885559082
2020-06-18,7.179999828338623,6.800000190734863,6.78000020980835,7.360000133514404,78846400,7.179999828338623
2020-04-08,2.740000009536743,2.759999990463257,2.7100000381469727,2.799999952316284,18312900,2.740000009536743
2019-05-28,4.0,4.119999885559082,3.880000114440918,4.139999866485596,114474400,4.0
2022-11-01,9.710000038146973,10.329999923706056,9.6899995803833,10.449999809265137,56233200,9.710000038146973
2025-01-24,4.289999961853027,4.190000057220459,4.139999866485596,4.349999904632568,40544500,4.289999961853027
2023-10-20,7.579999923706055,7.519999980926514,7.46999979019165,7.849999904632568,31787800,7.579999923706055
2023-09-22,8.529999732971191,8.739999771118164,8.449999809265137,8.800000190734863,36245100,8.529999732971191
2021-01-25,59.9900016784668,64.05000305175781,58.34999847412109,64.5199966430664,111986400,59.9900016784668
2018-12-10,7.03000020980835,7.03000020980835,6.739999771118164,7.119999885559082,9981000,7.03000020980835
2022-03-01,21.8700008392334,22.559999465942383,21.729999542236328,23.350000381469727,50402000,21.8700008392334
2024-11-21,4.699999809265137,4.579999923706055,4.5,4.809999942779541,54962300,4.699999809265137
2025-08-05,4.5,4.659999847412109,4.460000038146973,4.670000076293945,55676400,4.5
2019-10-21,1.690000057220459,1.5199999809265137,1.4900000095367432,1.7699999809265137,40155200,1.690000057220459
2018-11-01,6.619999885559082,6.0,5.960000038146973,6.78000020980835,24330900,6.619999885559082
2024-03-28,4.5,4.679999828338623,4.480000019073486,4.739999771118164,55938500,4.5
2021-04-30,39.84000015258789,37.72999954223633,37.34999847412109,41.220001220703125,116728700,39.84000015258789
2025-04-22,3.75,3.630000114440918,3.609999895095825,3.7899999618530273,38578000,3.75
2023-12-19,8.819999694824219,8.520000457763672,8.510000228881836,8.899999618530273,88664000,8.819999694824219
2022-08-01,20.18000030517578,20.190000534057617,19.8700008392334,20.76000022888184,54375800,20.18000030517578
2024-06-14,4.329999923706055,4.360000133514404,4.289999961853027,4.380000114440918,23557000,4.329999923706055
2021-08-18,38.86000061035156,38.4900016784668,37.95000076293945,39.630001068115234,48277600,38.86000061035156
2019-06-18,2.5299999713897705,2.5199999809265137,2.450000047683716,2.7100000381469727,50080800,2.5299999713897705
2022-05-06,14.920000076293944,15.609999656677246,14.460000038146973,15.8100004196167,57655100,14.920000076293944
2020-07-07,13.220000267028809,11.260000228881836,10.699999809265137,13.770000457763672,444070500,13.220000267028809
2021-05-19,33.459999084472656,32.97999954223633,32.59000015258789,33.459999084472656,68799800,33.459999084472656
2021-09-20,35.16999816894531,36.11000061035156,34.540000915527344,36.31999969482422,57611700,35.16999816894531
2025-04-23,3.930000066757202,3.829999923706055,3.819999933242798,3.990000009536743,46950500,3.930000066757202
2021-08-04,45.09000015258789,45.470001220703125,44.560001373291016,45.79999923706055,35453600,45.09000015258789
2020-05-04,3.3399999141693115,3.0799999237060547,3.0799999237060547,3.359999895095825,23387500,3.3399999141693115
2023-01-24,11.68000030517578,13.210000038146973,11.0600004196167,13.210000038146973,37478600,11.68000030517578
2021-12-21,30.15999984741211,28.729999542236328,28.670000076293945,30.25,73653200,30.15999984741211
2024-03-01,5.78000020980835,5.730000019073486,5.679999828338623,5.840000152587891,40933100,5.78000020980835
2021-02-24,51.86000061035156,49.310001373291016,47.75,52.06999969482422,82488600,51.86000061035156
2019-02-27,9.850000381469728,10.149999618530272,9.329999923706056,10.25,53234300,9.850000381469728
2020-05-11,3.740000009536743,3.7200000286102295,3.660000085830689,3.7699999809265137,16585600,3.740000009536743
2025-09-02,6.579999923706055,6.239999771118164,6.059999942779541,6.639999866485596,123577100,6.579999923706055
2022-07-20,20.3700008392334,20.01000022888184,20.01000022888184,20.950000762939453,40381200,20.3700008392334
2021-02-05,56.66999816894531,57.7400016784668,56.0099983215332,57.97999954223633,43057500,56.66999816894531
2025-09-11,6.070000171661377,5.829999923706055,5.769999980926514,6.130000114440918,95275100,6.070000171661377
2019-01-22,6.570000171661377,6.630000114440918,6.510000228881836,6.670000076293945,6379600,6.570000171661377
2022-01-25,23.790000915527344,24.15999984741211,23.3799991607666,25.01000022888184,53047000,23.790000915527344
2024-08-12,3.759999990463257,3.799999952316284,3.740000009536743,3.829999923706055,20645500,3.759999990463257
2025-09-10,5.71999979019165,5.739999771118164,5.599999904632568,5.78000020980835,237836500,5.71999979019165
2021-09-09,38.45000076293945,37.97999954223633,37.54999923706055,38.84999847412109,33812000,38.45000076293945
2020-09-03,18.700000762939453,19.09000015258789,18.350000381469727,19.84000015258789,128358400,18.700000762939453
2023-10-09,8.34000015258789,8.5,8.109999656677246,8.539999961853027,39704400,8.34000015258789
2018-09-27,7.010000228881836,7.550000190734863,7.010000228881836,7.550000190734863,16815600,7.010000228881836
2020-04-09,2.6700000762939453,2.819999933242798,2.630000114440918,2.819999933242798,32810000,2.6700000762939453
2019-10-29,1.3899999856948853,1.4500000476837158,1.3899999856948853,1.4500000476837158,22312000,1.3899999856948853
2022-12-06,13.239999771118164,13.0,12.43000030517578,13.279999732971191,62747600,13.239999771118164
2023-06-07,7.760000228881836,7.800000190734863,7.579999923706055,7.96999979019165,47289100,7.760000228881836
2021-06-10,42.7599983215332,42.66999816894531,42.15999984741211,43.43000030517578,34757300,42.7599983215332
2024-09-04,4.239999771118164,4.230000019073486,4.179999828338623,4.289999961853027,49161900,4.239999771118164
2025-07-22,5.010000228881836,4.639999866485596,4.639999866485596,5.090000152587891,133091900,5.010000228881836
2021-06-09,42.7400016784668,43.52999877929688,42.72999954223633,44.43999862670898,36364000,42.7400016784668
2022-01-28,20.899999618530277,20.65999984741211,19.309999465942383,21.31999969482422,96701100,20.899999618530277
2019-05-02,4.71999979019165,4.739999771118164,4.570000171661377,4.75,14080400,4.71999979019165
2022-04-01,21.93000030517578,22.40999984741211,21.559999465942383,23.21999931335449,110169300,21.93000030517578
2024-06-21,4.300000190734863,4.309999942779541,4.239999771118164,4.349999904632568,21725100,4.300000190734863
2019-09-20,3.039999961853028,3.140000104904175,3.0199999809265137,3.1600000858306885,11999300,3.039999961853028
2020-01-13,3.700000047683716,3.7100000381469727,3.5199999809265137,3.7300000190734863,59752700,3.700000047683716
2025-07-28,4.829999923706055,4.989999771118164,4.820000171661377,5.010000228881836,42322400,4.829999923706055
2022-10-27,9.979999542236328,10.529999732971191,9.970000267028809,10.729999542236328,64014700,9.979999542236328
2020-09-29,20.850000381469727,18.76000022888184,18.709999084472656,21.1200008392334,163159200,20.850000381469727
2022-09-23,17.639999389648438,18.0,17.420000076293945,18.209999084472656,39484400,17.639999389648438
2021-09-30,35.630001068115234,35.630001068115234,35.290000915527344,35.97999954223633,25768500,35.630001068115234
2025-02-06,4.199999809265137,4.239999771118164,4.159999847412109,4.300000190734863,31997700,4.199999809265137
2021-09-21,34.900001525878906,35.52000045776367,34.880001068115234,35.81999969482422,31706600,34.900001525878906
2023-08-25,10.829999923706056,10.579999923706056,10.479999542236328,10.869999885559082,31666200,10.829999923706056
2023-06-26,8.399999618530273,8.529999732971191,8.399999618530273,8.6899995803833,33684100,8.399999618530273
2024-12-03,4.639999866485596,4.409999847412109,4.400000095367432,4.829999923706055,79059800,4.639999866485596
2025-12-09,5.03000020980835,5.010000228881836,4.96999979019165,5.079999923706055,29799600,5.03000020980835
2020-10-07,21.559999465942383,21.059999465942383,20.790000915527344,21.770000457763672,59354300,21.559999465942383
2018-10-12,7.460000038146973,7.460000038146973,7.28000020980835,7.75,14545400,7.460000038146973
2020-02-12,4.070000171661377,4.0,3.9800000190734863,4.199999809265137,50975300,4.070000171661377
2023-10-10,8.829999923706055,8.350000381469727,8.350000381469727,8.880000114440918,42385700,8.829999923706055
2023-11-29,7.179999828338623,7.289999961853027,7.130000114440918,7.519999980926514,47707000,7.179999828338623
2024-11-12,4.579999923706055,4.880000114440918,4.579999923706055,4.880000114440918,86695700,4.579999923706055
2020-01-21,5.170000076293945,4.599999904632568,4.519999980926514,5.289999961853027,181423600,5.170000076293945
2020-06-01,4.260000228881836,4.0,3.9600000381469727,4.329999923706055,69222000,4.260000228881836
2020-07-30,12.199999809265137,12.619999885559082,12.06999969482422,12.949999809265137,64952900,12.199999809265137
2019-07-25,3.5,3.680000066757202,3.5,3.7200000286102295,26513300,3.5
2022-04-26,16.360000610351562,17.239999771118164,16.15999984741211,17.40999984741211,52771600,16.360000610351562
2023-07-31,15.300000190734863,15.119999885559082,14.729999542236328,15.460000038146973,117336000,15.300000190734863
2024-07-19,4.460000038146973,4.510000228881836,4.409999847412109,4.510000228881836,22403600,4.460000038146973
2022-09-19,20.899999618530277,19.75,19.75,20.959999084472656,36244000,20.899999618530277
2025-10-22,6.840000152587891,6.889999866485596,6.679999828338623,7.059999942779541,52458200,6.840000152587891
2019-01-28,6.670000076293945,6.559999942779541,6.480000019073486,6.679999828338623,5111000,6.670000076293945
2022-09-14,21.940000534057617,21.46999931335449,21.030000686645508,22.09000015258789,47206700,21.940000534057617
2022-12-12,12.489999771118164,12.300000190734863,12.15999984741211,12.579999923706056,35211100,12.489999771118164
2023-01-13,11.800000190734863,11.4399995803833,11.229999542236328,11.8100004196167,41631500,11.800000190734863
2025-11-06,7.159999847412109,7.409999847412109,7.110000133514404,7.539999961853027,69341600,7.159999847412109
2023-11-22,7.46999979019165,7.579999923706055,7.360000133514404,7.639999866485596,21966500,7.46999979019165
2021-06-18,46.90999984741211,47.68000030517578,46.59000015258789,48.369998931884766,90778400,46.90999984741211
2025-04-04,3.4600000381469727,3.5,3.200000047683716,3.569999933242798,77685600,3.4600000381469727
2022-08-26,19.920000076293945,20.770000457763672,19.809999465942383,21.26000022888184,61525400,19.920000076293945
2019-04-24,5.0,4.789999961853027,4.75,5.010000228881836,20401300,5.0
2023-01-25,11.630000114440918,11.460000038146973,11.279999732971191,11.770000457763672,26348900,11.630000114440918
2025-01-02,4.550000190734863,4.420000076293945,4.360000133514404,4.730000019073486,63007700,4.550000190734863
2025-12-30,5.5,5.539999961853027,5.5,5.789999961853027,80148000,5.5
2021-10-29,39.40999984741211,40.25,39.209999084472656,40.54999923706055,33423100,39.40999984741211
2020-12-31,48.7400016784668,48.459999084472656,47.77000045776367,50.5,129344300,48.7400016784668
2021-06-29,50.34000015258789,49.150001525878906,48.54999923706055,50.61000061035156,64800100,50.34000015258789
2023-07-10,10.779999732971191,9.970000267028809,9.789999961853027,10.829999923706056,84529600,10.779999732971191
2023-11-03,8.229999542236328,8.010000228881836,7.869999885559082,8.300000190734863,56107400,8.229999542236328
2024-10-22,5.230000019073486,5.159999847412109,5.150000095367432,5.349999904632568,38285800,5.230000019073486
2023-09-15,10.43000030517578,10.529999732971191,10.289999961853027,10.720000267028809,40105900,10.43000030517578
2020-08-19,14.0600004196167,14.289999961853027,13.850000381469728,14.40999984741211,41966800,14.0600004196167
2020-12-01,45.36000061035156,52.02000045776367,44.04999923706055,52.09999847412109,246472300,45.36000061035156
2023-03-27,8.930000305175781,9.029999732971191,8.84000015258789,9.130000114440918,20452500,8.930000305175781
2023-02-23,9.789999961853027,10.390000343322754,9.579999923706056,10.399999618530272,50261600,9.789999961853027
2021-11-16,40.66999816894531,40.88999938964844,40.02000045776367,41.29999923706055,37099000,40.66999816894531
2020-09-24,17.850000381469727,17.31999969482422,16.75,18.38999938964844,71069500,17.850000381469727
2021-03-19,43.34999847412109,41.43999862670898,40.43999862670898,43.400001525878906,97657200,43.34999847412109
2024-02-06,6.03000020980835,5.679999828338623,5.599999904632568,6.050000190734863,88034700,6.03000020980835
2025-03-28,3.75,3.900000095367432,3.7300000190734863,3.930000066757202,78965100,3.75
2023-04-10,9.050000190734863,8.859999656677246,8.779999732971191,9.079999923706056,26228700,9.050000190734863
2021-11-01,40.84000015258789,38.11000061035156,38.11000061035156,40.84000015258789,53062500,40.84000015258789
2019-03-01,10.0600004196167,9.81999969482422,9.729999542236328,10.199999809265137,32409400,10.0600004196167
2021-08-20,36.91999816894531,36.630001068115234,36.59999847412109,37.900001525878906,43491300,36.91999816894531
2022-12-28,9.800000190734863,10.010000228881836,9.609999656677246,10.25,42225300,9.800000190734863
2021-12-29,28.25,29.559999465942383,27.520000457763672,29.6200008392334,51169700,28.25
2019-03-06,8.010000228881836,8.260000228881836,8.0,8.720000267028809,73522700,8.010000228881836
2021-04-22,39.56999969482422,38.9900016784668,38.4900016784668,40.45000076293945,115802700,39.56999969482422
2025-08-27,6.340000152587891,6.5,6.309999942779541,6.619999885559082,89801700,6.340000152587891
2021-03-23,41.18000030517578,42.58000183105469,40.97999954223633,43.11000061035156,58542300,41.18000030517578
2020-03-03,4.059999942779541,4.079999923706055,3.950000047683716,4.210000038146973,47644500,4.059999942779541
2019-10-07,1.5499999523162842,1.5800000429153442,1.4500000476837158,1.590000033378601,26893500,1.5499999523162842
2021-04-21,38.900001525878906,36.52999877929688,36.15999984741211,38.959999084472656,77449200,38.900001525878906
2022-05-31,17.389999389648438,17.770000457763672,16.760000228881836,17.920000076293945,96583300,17.389999389648438
2021-12-16,30.06999969482422,31.049999237060547,29.75,31.63999938964844,42744100,30.06999969482422
2022-02-18,23.209999084472656,24.780000686645508,22.739999771118164,24.790000915527344,52112700,23.209999084472656
2018-11-15,7.340000152587891,7.150000095367432,7.110000133514404,7.489999771118164,17904000,7.340000152587891
2024-12-17,4.539999961853027,4.400000095367432,4.389999866485596,4.619999885559082,39286600,4.539999961853027
2022-08-19,19.049999237060547,19.6200008392334,18.920000076293945,19.709999084472656,24262600,19.049999237060547
2022-03-07,18.1200008392334,18.850000381469727,18.040000915527344,20.030000686645508,79649600,18.1200008392334
2021-10-07,35.9900016784668,35.439998626708984,34.90999984741211,36.63999938964844,67945200,35.9900016784668
2023-07-19,10.640000343322754,10.579999923706056,10.579999923706056,11.100000381469728,51786900,10.640000343322754
2026-01-02,5.139999866485596,5.320000171661377,5.079999923706055,5.380000114440918,40104100,5.139999866485596
2018-09-18,7.679999828338623,8.729999542236328,7.670000076293945,9.100000381469728,41827600,7.679999828338623
2022-09-07,17.479999542236328,16.540000915527344,16.540000915527344,18.3700008392334,58645900,17.479999542236328
2025-01-16,4.159999847412109,4.099999904632568,4.079999923706055,4.199999809265137,28870100,4.159999847412109
2019-09-30,1.559999942779541,1.7200000286102295,1.5299999713897705,1.7300000190734863,58815600,1.559999942779541
2024-06-12,4.449999809265137,4.46999979019165,4.309999942779541,4.630000114440918,62311400,4.449999809265137
2025-05-22,3.880000114440918,3.900000095367432,3.859999895095825,3.920000076293945,31969200,3.880000114440918
2020-06-17,6.840000152587891,6.929999828338623,6.670000076293945,6.980000019073486,58927300,6.840000152587891
2022-09-06,17.110000610351562,17.600000381469727,17.09000015258789,17.809999465942383,32485200,17.110000610351562
2022-12-21,11.609999656677246,11.06999969482422,10.859999656677246,11.710000038146973,34244000,11.609999656677246
2022-01-07,29.299999237060547,29.450000762939453,28.780000686645508,30.420000076293945,40781500,29.299999237060547
2025-04-02,3.799999952316284,3.809999942779541,3.75,3.839999914169312,46021100,3.799999952316284
2019-11-26,2.2799999713897705,2.119999885559082,2.119999885559082,2.289999961853028,55122700,2.2799999713897705
2024-02-15,6.090000152587891,6.050000190734863,6.039999961853027,6.289999961853027,54076700,6.090000152587891
2025-02-25,4.269999980926514,4.460000038146973,4.25,4.5,49948700,4.269999980926514
2019-12-10,2.2699999809265137,2.200000047683716,2.140000104904175,2.2799999713897705,25220200,2.2699999809265137
2019-04-17,4.590000152587891,4.610000133514404,4.510000228881836,4.71999979019165,30546400,4.590000152587891
2023-04-05,8.960000038146973,9.1899995803833,8.75,9.1899995803833,33805900,8.960000038146973
2023-07-11,10.8100004196167,10.960000038146973,10.4399995803833,11.050000190734863,69547500,10.8100004196167
2020-12-22,47.58000183105469,49.61000061035156,46.52999877929688,49.84000015258789,117118300,47.58000183105469
2018-11-21,7.710000038146973,7.900000095367432,7.630000114440918,8.050000190734863,13993600,7.710000038146973
2024-05-17,5.28000020980835,5.28000020980835,5.039999961853027,5.389999866485596,58708400,5.28000020980835
2021-08-02,45.84999847412109,44.650001525878906,44.29999923706055,46.77999877929688,68453300,45.84999847412109
2022-01-03,33.470001220703125,33.52000045776367,31.8799991607666,33.79999923706055,64286500,33.470001220703125
2024-03-05,5.480000019073486,5.170000076293945,4.78000020980835,5.619999885559082,94784600,5.480000019073486
2023-02-16,10.1899995803833,10.460000038146973,10.1899995803833,10.600000381469728,38647000,10.1899995803833
2023-05-02,7.449999809265137,7.650000095367432,7.329999923706055,7.75,53990100,7.449999809265137
2020-07-27,11.6899995803833,12.029999732971191,11.270000457763672,12.09000015258789,64068500,11.6899995803833
2022-07-22,19.239999771118164,20.71999931335449,19.0,20.780000686645508,55606900,19.239999771118164
2021-04-19,36.77999877929688,36.77999877929688,35.36000061035156,37.540000915527344,92190700,36.77999877929688
2020-04-15,3.200000047683716,2.950000047683716,2.880000114440918,3.200000047683716,27529800,3.200000047683716
2020-09-23,17.959999084472656,19.21999931335449,17.799999237060547,19.36000061035156,70568100,17.959999084472656
2019-12-19,2.619999885559082,2.690000057220459,2.609999895095825,2.7300000190734863,36301300,2.619999885559082
2018-10-09,7.389999866485596,6.190000057220459,6.099999904632568,7.400000095367432,38464400,7.389999866485596
2021-06-02,41.15999984741211,42.150001525878906,40.95000076293945,42.880001068115234,66383500,41.15999984741211
2018-10-31,5.900000095367432,6.079999923706055,5.900000095367432,6.25,15213400,5.900000095367432
2022-04-12,19.459999084472656,20.030000686645508,19.21999931335449,20.270000457763672,51210800,19.459999084472656
2021-12-23,30.520000457763672,29.61000061035156,28.96999931335449,30.799999237060547,38379700,30.520000457763672
2025-04-09,3.309999942779541,3.0899999141693115,3.039999961853028,3.359999895095825,78717700,3.309999942779541
2020-04-27,3.240000009536743,3.0,2.950000047683716,3.259999990463257,35641100,3.240000009536743
2022-05-09,13.550000190734863,14.329999923706056,13.479999542236328,14.529999732971191,63121000,13.550000190734863
2020-10-29,31.989999771118164,28.520000457763672,28.31999969482422,32.20000076293945,214034700,31.989999771118164
2021-09-16,37.09000015258789,37.540000915527344,36.7400016784668,37.66999816894531,33023100,37.09000015258789
2022-11-30,12.779999732971191,11.34000015258789,11.34000015258789,13.270000457763672,173185000,12.779999732971191
2023-06-20,9.350000381469728,9.170000076293944,9.0600004196167,9.40999984741211,52866000,9.350000381469728
2019-09-04,2.75,2.700000047683716,2.640000104904175,2.75,15177900,2.75
2024-04-30,4.71999979019165,4.699999809265137,4.510000228881836,4.75,52936200,4.71999979019165
2023-03-07,8.970000267028809,9.1899995803833,8.869999885559082,9.260000228881836,45081500,8.970000267028809
2021-10-22,38.880001068115234,39.959999084472656,38.540000915527344,40.38999938964844,28015500,38.880001068115234
2025-01-31,4.320000171661377,4.429999828338623,4.300000190734863,4.5,37278300,4.320000171661377
2020-08-21,14.119999885559082,13.640000343322754,13.619999885559082,14.579999923706056,70189900,14.119999885559082
2019-04-25,4.900000095367432,5.010000228881836,4.849999904632568,5.150000095367432,21552800,4.900000095367432
2022-07-08,22.600000381469727,22.15999984741211,21.65999984741211,23.280000686645508,48917200,22.600000381469727
2022-02-01,24.84000015258789,24.88999938964844,23.559999465942383,25.229999542236328,81994300,24.84000015258789
2023-11-28,7.210000038146973,7.199999809265137,7.019999980926514,7.260000228881836,47842500,7.210000038146973
2021-03-09,41.34999847412109,37.47999954223633,36.52000045776367,42.08000183105469,176602600,41.34999847412109
2021-06-03,40.900001525878906,40.68000030517578,40.310001373291016,42.369998931884766,62437200,40.900001525878906
2024-11-04,5.139999866485596,5.130000114440918,5.119999885559082,5.300000190734863,36745800,5.139999866485596
2020-12-15,43.5,42.470001220703125,41.27000045776367,43.84000015258789,132336900,43.5
2025-08-28,6.510000228881836,6.53000020980835,6.260000228881836,6.539999961853027,74896800,6.510000228881836
2018-10-05,6.260000228881836,6.199999809265137,6.03000020980835,6.289999961853027,8378300,6.260000228881836
2019-03-18,5.75,5.690000057220459,5.440000057220459,5.949999809265137,76506100,5.75
2024-01-19,6.059999942779541,6.159999847412109,5.860000133514404,6.159999847412109,82433100,6.059999942779541
2023-10-12,8.4399995803833,8.880000114440918,8.380000114440918,8.970000267028809,37144100,8.4399995803833
2025-11-17,6.079999923706055,6.130000114440918,6.019999980926514,6.289999961853027,53189600,6.079999923706055
2022-05-18,15.829999923706056,16.290000915527344,15.65999984741211,16.93000030517578,72865500,15.829999923706056
2022-08-04,20.899999618530277,20.38999938964844,20.32999992370605,21.46999931335449,37737400,20.899999618530277
2025-11-11,6.630000114440918,6.949999809265137,6.590000152587891,7.0,53443400,6.630000114440918
2019-06-17,2.4600000381469727,2.390000104904175,2.3499999046325684,2.5299999713897705,20830100,2.4600000381469727
2023-03-23,9.270000457763672,9.350000381469728,9.130000114440918,9.460000038146973,30132800,9.270000457763672
2022-08-22,18.950000762939453,18.8799991607666,18.65999984741211,19.26000022888184,27327900,18.950000762939453
2025-10-29,7.139999866485596,7.130000114440918,7.059999942779541,7.329999923706055,42260900,7.139999866485596
2025-10-15,6.820000171661377,6.989999771118164,6.739999771118164,7.039999961853027,40112300,6.820000171661377
2021-02-09,62.84000015258789,58.95000076293945,58.2400016784668,63.09999847412109,97246500,62.84000015258789
2019-06-03,2.9600000381469727,2.9800000190734863,2.740000009536743,3.059999942779541,51793000,2.9600000381469727
2019-11-21,1.9800000190734863,1.870000004768372,1.8200000524520876,2.039999961853028,41394200,1.9800000190734863
2020-09-01,20.1200008392334,19.450000762939453,18.75,20.3799991607666,137226000,20.1200008392334
2024-11-29,4.480000019073486,4.380000114440918,4.360000133514404,4.53000020980835,29218200,4.480000019073486
2025-05-05,3.9800000190734863,4.010000228881836,3.940000057220459,4.019999980926514,24160600,3.9800000190734863
2025-02-03,4.28000020980835,4.170000076293945,4.110000133514404,4.389999866485596,63162700,4.28000020980835
2024-09-13,5.550000190734863,5.21999979019165,5.190000057220459,5.570000171661377,64294400,5.550000190734863
2020-10-01,21.76000022888184,21.68000030517578,20.82999992370605,21.959999084472656,79117100,21.76000022888184
2025-12-10,5.03000020980835,5.019999980926514,4.96999979019165,5.110000133514404,24577000,5.03000020980835
2022-12-09,12.630000114440918,13.170000076293944,12.619999885559082,13.31999969482422,44101100,12.630000114440918
2020-08-04,13.640000343322754,14.460000038146973,13.220000267028809,14.529999732971191,125731400,13.640000343322754
2019-04-30,4.849999904632568,4.980000019073486,4.800000190734863,5.079999923706055,14434600,4.849999904632568
2023-08-22,10.789999961853027,11.289999961853027,10.529999732971191,11.329999923706056,43536500,10.789999961853027
2023-06-13,8.890000343322754,8.729999542236328,8.600000381469727,9.06999969482422,81692800,8.890000343322754
2018-10-04,6.25,6.190000057220459,6.0,6.25,11896600,6.25
2022-12-14,12.100000381469728,12.449999809265137,11.970000267028809,12.529999732971191,33251900,12.100000381469728
2025-11-20,5.400000095367432,5.820000171661377,5.380000114440918,5.869999885559082,70236800,5.400000095367432
2020-11-11,43.08000183105469,39.709999084472656,38.63999938964844,43.22999954223633,179581200,43.08000183105469
2021-04-26,42.619998931884766,41.959999084472656,40.86000061035156,43.220001220703125,88233500,42.619998931884766
2024-08-27,4.0,4.079999923706055,3.9600000381469727,4.099999904632568,24654700,4.0
2022-09-29,15.579999923706056,16.829999923706055,15.369999885559082,16.940000534057617,51517700,15.579999923706056
2024-11-20,4.650000095367432,4.409999847412109,4.309999942779541,4.840000152587891,92292300,4.650000095367432
2022-07-06,20.82999992370605,21.809999465942383,20.26000022888184,21.84000015258789,58981700,20.82999992370605
2025-07-30,4.510000228881836,4.599999904632568,4.510000228881836,4.610000133514404,40824100,4.510000228881836
2019-10-28,1.4800000190734863,1.4299999475479126,1.3799999952316284,1.5,32675500,1.4800000190734863
2021-11-10,39.54999923706055,40.88999938964844,38.83000183105469,42.09000015258789,48507300,39.54999923706055
2025-10-30,7.010000228881836,7.050000190734863,7.0,7.260000228881836,36452100,7.010000228881836
2019-08-06,3.0799999237060547,3.0899999141693115,3.0,3.140000104904175,23455700,3.0799999237060547
2018-10-18,7.5,7.599999904632568,7.260000228881836,7.670000076293945,11906000,7.5
2025-03-07,4.46999979019165,4.269999980926514,4.25,4.489999771118164,45986500,4.46999979019165
2020-06-09,6.679999828338623,5.840000152587891,5.760000228881836,6.829999923706055,136907900,6.679999828338623
2025-10-21,6.800000190734863,6.880000114440918,6.800000190734863,6.920000076293945,35680900,6.800000190734863
2024-03-20,5.099999904632568,5.110000133514404,5.039999961853027,5.139999866485596,59385500,5.099999904632568
2019-08-12,3.049999952316284,3.049999952316284,2.9600000381469727,3.109999895095825,13991200,3.049999952316284
2018-11-02,6.489999771118164,6.840000152587891,6.269999980926514,6.840000152587891,17988800,6.489999771118164
2021-09-02,40.34999847412109,39.06999969482422,38.900001525878906,41.02000045776367,43827700,40.34999847412109
2022-11-04,11.68000030517578,11.0,10.600000381469728,11.6899995803833,125406400,11.68000030517578
2024-04-04,4.5,4.550000190734863,4.489999771118164,4.75,53856500,4.5
2020-07-24,11.81999969482422,11.380000114440918,10.90999984741211,11.899999618530272,93425300,11.81999969482422
2024-11-25,4.670000076293945,4.789999961853027,4.639999866485596,4.860000133514404,54234900,4.670000076293945
2025-11-14,6.159999847412109,5.989999771118164,5.949999809265137,6.300000190734863,54490400,6.159999847412109
2021-06-07,43.68000030517578,41.66999816894531,41.43999862670898,43.900001525878906,53261300,43.68000030517578
2025-06-09,3.5999999046325684,3.630000114440918,3.5999999046325684,3.700000047683716,23999800,3.5999999046325684
2021-03-29,35.5099983215332,35.2599983215332,34.5,36.84000015258789,83188200,35.5099983215332
2024-12-23,4.480000019073486,4.5,4.46999979019165,4.550000190734863,32756000,4.480000019073486
2023-07-18,10.420000076293944,10.729999542236328,10.270000457763672,10.829999923706056,35006300,10.420000076293944
2023-04-20,8.279999732971191,8.539999961853027,8.15999984741211,8.579999923706055,59580500,8.279999732971191
2024-04-29,4.599999904632568,4.670000076293945,4.46999979019165,4.679999828338623,56096000,4.599999904632568
2024-10-08,6.239999771118164,6.260000228881836,6.110000133514404,6.400000095367432,82359200,6.239999771118164
2023-11-10,7.239999771118164,7.610000133514404,7.159999847412109,7.639999866485596,39843100,7.239999771118164
2025-05-13,4.119999885559082,4.099999904632568,4.059999942779541,4.179999828338623,28022200,4.119999885559082
2021-11-15,40.56999969482422,42.59999847412109,40.02000045776367,42.68999862670898,47571700,40.56999969482422
2019-05-03,5.019999980926514,4.730000019073486,4.730000019073486,5.110000133514404,25245500,5.019999980926514
2022-06-30,21.71999931335449,21.86000061035156,20.899999618530277,22.1200008392334,53074100,21.71999931335449
2023-05-31,7.53000020980835,7.440000057220459,7.150000095367432,7.539999961853027,89228300,7.53000020980835
2021-12-15,30.790000915527344,31.5,29.059999465942383,31.84000015258789,80802100,30.790000915527344
2024-11-11,5.059999942779541,5.179999828338623,5.0,5.230000019073486,51270600,5.059999942779541
2022-03-08,17.979999542236328,18.229999542236328,17.579999923706055,18.75,74932400,17.979999542236328
2022-04-28,16.93000030517578,16.899999618530273,15.90999984741211,17.239999771118164,53118500,16.93000030517578
2019-04-23,4.829999923706055,4.820000171661377,4.730000019073486,4.920000076293945,15107000,4.829999923706055
2025-12-05,5.039999961853027,5.170000076293945,5.03000020980835,5.179999828338623,36110800,5.039999961853027
2025-03-17,5.03000020980835,4.900000095367432,4.860000133514404,5.059999942779541,38063500,5.03000020980835
2020-09-21,18.809999465942383,19.049999237060547,17.65999984741211,19.270000457763672,75969500,18.809999465942383
2023-03-17,8.260000228881836,8.539999961853027,8.180000305175781,8.739999771118164,38374700,8.260000228881836
2023-08-31,10.270000457763672,10.729999542236328,10.260000228881836,10.800000190734863,51094300,10.270000457763672
2024-10-18,5.21999979019165,5.460000038146973,5.179999828338623,5.489999771118164,66972500,5.21999979019165
2019-02-11,7.460000038146973,7.670000076293945,7.380000114440918,7.769999980926514,9750700,7.460000038146973
2024-06-11,4.460000038146973,4.789999961853027,4.349999904632568,4.800000190734863,66199200,4.460000038146973
2024-06-07,4.829999923706055,4.820000171661377,4.800000190734863,4.960000038146973,34658600,4.829999923706055
2021-01-11,62.70000076293945,64.94999694824219,62.18999862670898,66.98999786376953,279770300,62.70000076293945
2025-03-05,4.349999904632568,4.320000171661377,4.269999980926514,4.420000076293945,48201100,4.349999904632568
2023-03-29,9.829999923706056,9.300000190734863,9.260000228881836,9.949999809265137,56384500,9.829999923706056
2018-11-27,7.480000019073486,7.300000190734863,7.230000019073486,7.699999809265137,9084900,7.480000019073486
2019-04-22,4.78000020980835,4.739999771118164,4.619999885559082,4.809999942779541,12936700,4.78000020980835
2020-04-21,3.0199999809265137,3.0999999046325684,3.009999990463257,3.220000028610229,19789700,3.0199999809265137
2025-10-14,6.800000190734863,6.900000095367432,6.769999980926514,7.0,56830400,6.800000190734863
2019-07-11,3.4200000762939453,3.640000104904175,3.319999933242798,3.680000066757202,57070300,3.4200000762939453
2025-08-13,4.619999885559082,4.610000133514404,4.539999961853027,4.619999885559082,35804200,4.619999885559082
2023-02-28,9.390000343322754,9.199999809265137,9.119999885559082,9.4399995803833,53310800,9.390000343322754
2025-02-11,4.039999961853027,4.210000038146973,4.03000020980835,4.210000038146973,69228700,4.039999961853027
2018-09-24,7.869999885559082,8.319999694824219,7.849999904632568,8.390000343322754,16297900,7.869999885559082
2022-09-22,18.350000381469727,18.51000022888184,18.09000015258789,19.18000030517578,36823100,18.350000381469727
2025-04-08,3.140000104904175,3.390000104904175,3.0199999809265137,3.4100000858306885,78198000,3.140000104904175
2022-11-28,10.119999885559082,10.050000190734863,9.989999771118164,10.630000114440918,39047000,10.119999885559082
2020-06-30,7.71999979019165,7.210000038146973,7.119999885559082,7.75,84485500,7.71999979019165
2019-09-16,3.119999885559082,3.150000095367432,3.0899999141693115,3.2100000381469727,12374900,3.119999885559082
2023-12-20,7.920000076293945,8.630000114440918,7.920000076293945,8.699999809265137,105322300,7.920000076293945
2022-04-04,23.850000381469727,23.309999465942383,22.780000686645508,23.940000534057617,101280500,23.850000381469727
2025-04-30,4.050000190734863,4.019999980926514,4.010000228881836,4.079999923706055,31596300,4.050000190734863
2022-03-11,16.06999969482422,18.11000061035156,16.06999969482422,18.1299991607666,93265200,16.06999969482422
2025-08-06,4.610000133514404,4.590000152587891,4.519999980926514,4.670000076293945,55025100,4.610000133514404
2021-03-05,38.11000061035156,39.2400016784668,31.90999984741211,39.869998931884766,270803200,38.11000061035156
2020-01-28,4.210000038146973,4.25,4.03000020980835,4.269999980926514,48979100,4.210000038146973
2024-12-10,4.769999980926514,4.949999809265137,4.75,5.019999980926514,64769700,4.769999980926514
2019-09-27,1.75,1.940000057220459,1.7100000381469729,2.0,59824600,1.75
2023-12-12,7.269999980926514,7.590000152587891,7.170000076293945,7.599999904632568,59007200,7.269999980926514
2024-05-31,5.389999866485596,5.269999980926514,5.260000228881836,5.519999980926514,63176600,5.389999866485596
2019-04-18,4.789999961853027,4.53000020980835,4.440000057220459,4.920000076293945,31206500,4.789999961853027
2020-07-29,12.699999809265137,12.649999618530272,12.43000030517578,13.0,69552600,12.699999809265137
2021-03-30,37.54999923706055,35.20000076293945,34.61000061035156,37.959999084472656,106153500,37.54999923706055
2025-12-08,5.099999904632568,5.059999942779541,5.019999980926514,5.230000019073486,32866700,5.099999904632568
2025-07-31,4.869999885559082,4.679999828338623,4.460000038146973,4.980000019073486,131207100,4.869999885559082
2020-11-17,46.59000015258789,47.56999969482422,44.959999084472656,49.369998931884766,345578500,46.59000015258789
2022-05-19,16.65999984741211,16.110000610351562,15.789999961853027,16.889999389648438,61191000,16.65999984741211
2020-08-20,13.779999732971191,13.850000381469728,13.529999732971191,14.050000190734863,50072800,13.779999732971191
2025-04-29,4.239999771118164,4.349999904632568,4.179999828338623,4.440000057220459,45965500,4.239999771118164
2023-05-09,8.15999984741211,7.929999828338623,7.849999904632568,8.220000267028809,24846300,8.15999984741211
2019-04-12,4.989999771118164,5.03000020980835,4.949999809265137,5.059999942779541,15561300,4.989999771118164
2024-12-12,4.590000152587891,4.599999904632568,4.489999771118164,4.650000095367432,47028900,4.590000152587891
2025-09-25,7.46999979019165,7.050000190734863,7.0,7.679999828338623,92782900,7.46999979019165
2020-04-20,3.190000057220459,3.180000066757202,3.049999952316284,3.3499999046325684,18691700,3.190000057220459
2022-06-28,22.36000061035156,22.36000061035156,22.020000457763672,23.450000762939453,76228500,22.36000061035156
2025-12-23,4.889999866485596,4.96999979019165,4.860000133514404,4.980000019073486,24743900,4.889999866485596
2021-04-27,41.209999084472656,43.02000045776367,41.02000045776367,43.130001068115234,69998800,41.209999084472656
2024-02-27,5.78000020980835,5.809999942779541,5.71999979019165,5.929999828338623,53722100,5.78000020980835
2020-07-16,12.9399995803833,12.460000038146973,12.449999809265137,13.15999984741211,134606300,12.9399995803833
2024-01-24,6.070000171661377,6.5,6.010000228881836,6.590000152587891,76001000,6.070000171661377
2019-06-11,2.609999895095825,2.6700000762939453,2.549999952316284,2.6700000762939453,33070100,2.609999895095825
2023-04-04,9.210000038146973,9.619999885559082,9.119999885559082,9.789999961853027,53384400,9.210000038146973
2023-07-26,13.170000076293944,12.399999618530272,12.210000038146973,13.380000114440918,137044600,13.170000076293944
2021-02-11,60.27000045776367,61.68999862670898,59.810001373291016,63.060001373291016,55732800,60.27000045776367
2019-04-09,5.079999923706055,5.28000020980835,5.059999942779541,5.28000020980835,32590100,5.079999923706055
2021-09-07,40.59000015258789,40.84999847412109,40.59000015258789,41.86000061035156,35292600,40.59000015258789
2024-10-17,5.150000095367432,5.360000133514404,5.050000190734863,5.360000133514404,74651600,5.150000095367432
2022-08-05,20.21999931335449,20.530000686645508,19.8799991607666,20.68000030517578,34056400,20.21999931335449
2019-06-26,2.549999952316284,2.640000104904175,2.539999961853028,2.7300000190734863,20679300,2.549999952316284
2022-03-16,18.75,17.639999389648438,16.780000686645508,18.770000457763672,168011700,18.75
2019-10-22,1.5800000429153442,1.7000000476837158,1.5199999809265137,1.7699999809265137,38944000,1.5800000429153442
2019-11-11,1.8600000143051147,1.899999976158142,1.7799999713897705,1.9600000381469729,34228400,1.8600000143051147
2025-05-14,4.130000114440918,4.159999847412109,4.110000133514404,4.21999979019165,25987900,4.130000114440918
2020-04-16,3.25,3.299999952316284,3.200000047683716,3.4100000858306885,37801700,3.25
2019-03-11,6.590000152587891,6.949999809265137,6.550000190734863,6.980000019073486,62544500,6.590000152587891
2023-06-30,9.6899995803833,9.630000114440918,9.59000015258789,10.09000015258789,63465200,9.6899995803833
2019-07-03,3.130000114440918,2.930000066757202,2.900000095367432,3.289999961853028,75342400,3.130000114440918
2024-07-08,4.460000038146973,4.539999961853027,4.440000057220459,4.610000133514404,39272500,4.460000038146973
2022-01-05,29.8799991607666,30.96999931335449,29.780000686645508,31.940000534057617,42442700,29.8799991607666
2019-09-05,2.950000047683716,2.809999942779541,2.799999952316284,3.0,23244700,2.950000047683716
2024-06-03,5.340000152587891,5.539999961853027,5.210000038146973,5.630000114440918,53566700,5.340000152587891
2025-08-21,5.539999961853027,5.239999771118164,5.239999771118164,5.679999828338623,147125700,5.539999961853027
2025-07-29,4.710000038146973,4.820000171661377,4.679999828338623,4.840000152587891,38397400,4.710000038146973
2023-04-13,9.100000381469728,9.210000038146973,9.020000457763672,9.279999732971191,25070000,9.100000381469728
2024-05-14,5.789999961853027,5.510000228881836,5.460000038146973,5.849999904632568,80661000,5.789999961853027
2020-03-24,2.5999999046325684,2.549999952316284,2.400000095367432,2.75,64750100,2.5999999046325684
2025-02-20,4.369999885559082,4.449999809265137,4.300000190734863,4.519999980926514,39236400,4.369999885559082
2022-02-02,23.76000022888184,24.88999938964844,23.01000022888184,24.88999938964844,60475400,23.76000022888184
2025-01-07,4.510000228881836,4.630000114440918,4.449999809265137,4.679999828338623,61962000,4.510000228881836
2019-07-29,3.4600000381469727,3.549999952316284,3.319999933242798,3.5799999237060547,25890700,3.4600000381469727
2021-03-31,38.97999954223633,38.959999084472656,37.45000076293945,39.25,98298400,38.97999954223633
2018-09-13,11.600000381469728,6.619999885559082,6.519999980926514,12.6899995803833,158346500,11.600000381469728
2019-02-25,9.0,9.039999961853027,8.600000381469727,9.09000015258789,52424200,9.0
2021-06-22,44.09999847412109,45.86000061035156,43.810001373291016,46.54999923706055,61387300,44.09999847412109
2025-09-08,6.170000076293945,6.050000190734863,5.949999809265137,6.230000019073486,81801400,6.170000076293945
2022-06-23,23.049999237060547,23.11000061035156,22.229999542236328,23.209999084472656,77502800,23.049999237060547
2025-02-10,4.329999923706055,4.320000171661377,4.239999771118164,4.349999904632568,28705400,4.329999923706055
2024-04-22,4.0,3.680000066757202,3.609999895095825,4.050000190734863,60179600,4.0
2024-04-19,3.799999952316284,3.859999895095825,3.7799999713897705,3.920000076293945,35883800,3.799999952316284
2024-10-16,5.510000228881836,5.659999847412109,5.480000019073486,5.690000057220459,46932600,5.510000228881836
2023-10-30,7.519999980926514,7.559999942779541,7.400000095367432,7.639999866485596,25727700,7.519999980926514
2025-04-24,4.179999828338623,3.940000057220459,3.940000057220459,4.239999771118164,55103400,4.179999828338623
2020-06-15,6.829999923706055,5.96999979019165,5.920000076293945,6.989999771118164,113694400,6.829999923706055
2024-09-27,6.519999980926514,6.010000228881836,5.989999771118164,6.659999847412109,180982100,6.519999980926514
2023-03-20,8.75,8.100000381469727,8.069999694824219,9.0600004196167,56190600,8.75
2023-09-11,10.329999923706056,10.390000343322754,10.020000457763672,10.43000030517578,31145700,10.329999923706056
2025-07-08,3.5,3.430000066757202,3.380000114440918,3.5199999809265137,43515600,3.5
2024-04-03,4.489999771118164,4.460000038146973,4.360000133514404,4.510000228881836,33078500,4.489999771118164
2021-05-03,39.540000915527344,40.34000015258789,39.310001373291016,41.45000076293945,80089600,39.540000915527344
2025-05-29,3.680000066757202,3.75,3.660000085830689,3.7699999809265137,23080900,3.680000066757202
2023-09-12,10.56999969482422,10.229999542236328,10.210000038146973,10.880000114440918,38297000,10.56999969482422
2025-03-12,5.099999904632568,5.059999942779541,5.039999961853027,5.489999771118164,87317700,5.099999904632568
2019-12-16,2.4800000190734863,2.440000057220459,2.390000104904175,2.549999952316284,36916800,2.4800000190734863
2021-04-12,37.13999938964844,37.959999084472656,36.7599983215332,38.0,53428100,37.13999938964844
2024-05-24,4.829999923706055,4.809999942779541,4.769999980926514,4.920000076293945,32325300,4.829999923706055
2024-07-31,4.440000057220459,4.5,4.429999828338623,4.619999885559082,33546800,4.440000057220459
2021-07-08,45.59999847412109,43.86000061035156,42.72999954223633,46.2599983215332,93774800,45.59999847412109
2024-03-12,6.190000057220459,6.190000057220459,6.090000152587891,6.300000190734863,38392900,6.190000057220459
2023-10-17,8.529999732971191,8.329999923706055,8.289999961853027,8.649999618530273,18390200,8.529999732971191
2022-07-25,19.32999992370605,18.979999542236328,18.770000457763672,19.5,30357200,19.32999992370605
2021-03-11,46.02999877929688,44.43999862670898,42.79999923706055,46.15999984741211,134788000,46.02999877929688
2021-03-18,41.630001068115234,43.29999923706055,41.45000076293945,44.2599983215332,71159900,41.630001068115234
2023-11-20,7.800000190734863,7.679999828338623,7.650000095367432,8.029999732971191,61880200,7.800000190734863
2024-04-08,4.369999885559082,4.409999847412109,4.369999885559082,4.53000020980835,47453500,4.369999885559082
2024-04-18,4.0,3.900000095367432,3.849999904632568,4.090000152587891,38392100,4.0
2023-08-29,10.890000343322754,10.300000190734863,9.460000038146973,10.9399995803833,124332200,10.890000343322754
2025-10-27,7.039999961853027,7.079999923706055,7.0,7.21999979019165,45448500,7.039999961853027
2023-09-07,10.079999923706056,10.170000076293944,9.93000030517578,10.270000457763672,44603800,10.079999923706056
2024-08-23,4.079999923706055,4.03000020980835,3.990000009536743,4.130000114440918,25913400,4.079999923706055
2024-02-26,5.650000095367432,5.539999961853027,5.5,5.769999980926514,60295300,5.650000095367432
2024-10-10,6.21999979019165,6.230000019073486,6.130000114440918,6.349999904632568,47902300,6.21999979019165
2024-01-31,5.619999885559082,5.690000057220459,5.429999828338623,5.860000133514404,75799300,5.619999885559082
2025-09-22,6.909999847412109,7.369999885559082,6.800000190734863,7.409999847412109,128795300,6.909999847412109
2025-08-20,5.070000171661377,5.010000228881836,4.96999979019165,5.139999866485596,46063500,5.070000171661377
2025-06-27,3.4600000381469727,3.4200000762939453,3.400000095367432,3.549999952316284,63720200,3.4600000381469727
2021-11-08,43.20000076293945,42.650001525878906,42.27999877929688,44.27000045776367,38487900,43.20000076293945
2021-04-07,37.27000045776367,39.70000076293945,36.95000076293945,39.84999847412109,80022800,37.27000045776367
2022-09-20,20.40999984741211,20.700000762939453,20.209999084472656,20.950000762939453,29290000,20.40999984741211
2025-06-03,3.5299999713897705,3.400000095367432,3.3499999046325684,3.5999999046325684,51344800,3.5299999713897705
2020-11-25,53.68999862670898,49.97999954223633,49.25,53.9900016784668,204508500,53.68999862670898
2021-05-27,38.90999984741211,37.95000076293945,37.18000030517578,38.97999954223633,53064400,38.90999984741211
2020-12-28,44.060001373291016,46.66999816894531,43.66999816894531,46.84999847412109,105078000,44.060001373291016
2023-02-08,10.649999618530272,10.75,10.579999923706056,10.90999984741211,28370200,10.649999618530272
2023-09-25,8.350000381469727,8.069999694824219,7.929999828338623,8.449999809265137,56327000,8.350000381469727
2023-05-25,7.539999961853027,7.860000133514404,7.510000228881836,7.860000133514404,48702800,7.539999961853027
2020-10-12,21.850000381469727,21.8799991607666,21.549999237060547,22.18000030517578,45476800,21.850000381469727
2022-11-25,10.170000076293944,10.260000228881836,9.960000038146973,10.300000190734863,23487600,10.170000076293944
2020-11-03,35.5,33.56999969482422,32.779998779296875,35.869998931884766,217608100,35.5
2023-06-12,8.399999618530273,8.09000015258789,8.069999694824219,8.600000381469727,100608600,8.399999618530273
2021-09-01,39.08000183105469,37.4900016784668,37.20000076293945,39.93000030517578,56911500,39.08000183105469
2025-06-20,3.4100000858306885,3.4600000381469727,3.400000095367432,3.470000028610229,23893500,3.4100000858306885
2024-05-20,5.21999979019165,5.25,5.099999904632568,5.320000171661377,47706100,5.21999979019165
2020-08-14,13.100000381469728,13.18000030517578,12.539999961853027,13.18000030517578,63250700,13.100000381469728
2019-01-30,7.460000038146973,6.940000057220459,6.920000076293945,7.550000190734863,28775000,7.460000038146973
2022-09-30,15.770000457763672,15.210000038146973,15.199999809265137,16.149999618530273,39341300,15.770000457763672
2020-12-07,45.11000061035156,42.5,42.40999984741211,46.31999969482422,165048500,45.11000061035156
2023-09-21,8.449999809265137,8.449999809265137,8.350000381469727,8.619999885559082,49441400,8.449999809265137
2021-08-24,38.93999862670898,39.2400016784668,38.630001068115234,39.61000061035156,37927500,38.93999862670898
2022-02-15,25.790000915527344,24.309999465942383,24.200000762939453,25.84000015258789,47215200,25.790000915527344
2025-01-22,4.28000020980835,4.170000076293945,4.130000114440918,4.360000133514404,39859000,4.28000020980835
2024-08-07,3.670000076293945,3.809999942779541,3.670000076293945,3.910000085830689,33486300,3.670000076293945
2022-03-28,21.209999084472656,20.420000076293945,20.31999969482422,21.229999542236328,75247200,21.209999084472656
2024-12-18,4.320000171661377,4.550000190734863,4.28000020980835,4.570000171661377,45533900,4.320000171661377
2022-10-26,10.8100004196167,10.4399995803833,10.229999542236328,11.09000015258789,79102800,10.8100004196167
2019-07-10,3.680000066757202,3.950000047683716,3.5999999046325684,4.0,85126100,3.680000066757202
2020-04-03,2.400000095367432,2.450000047683716,2.3299999237060547,2.490000009536743,19519500,2.400000095367432
2021-11-05,42.290000915527344,43.52000045776367,41.81999969482422,43.52000045776367,33048700,42.290000915527344
2022-02-25,20.940000534057617,21.32999992370605,20.190000534057617,21.56999969482422,56994000,20.940000534057617
2020-04-13,2.970000028610229,2.6700000762939453,2.630000114440918,2.970000028610229,38421700,2.970000028610229
2021-09-28,35.04999923706055,36.27999877929688,34.93000030517578,37.02999877929688,37507900,35.04999923706055
2025-06-05,3.619999885559082,3.670000076293945,3.549999952316284,3.680000066757202,37293900,3.619999885559082
2023-08-18,10.670000076293944,10.949999809265137,10.619999885559082,11.149999618530272,68527000,10.670000076293944
2022-10-12,12.880000114440918,12.93000030517578,12.479999542236328,13.460000038146973,50001300,12.880000114440918
2021-04-01,39.65999984741211,41.560001373291016,39.25,42.060001373291016,116305500,39.65999984741211
2025-08-08,4.840000152587891,4.730000019073486,4.710000038146973,4.869999885559082,36036300,4.840000152587891
2021-02-18,54.43000030517578,55.45000076293945,52.59999847412109,56.380001068115234,62505700,54.43000030517578
2022-07-07,22.5,21.399999618530277,21.36000061035156,23.100000381469727,72102000,22.5
2024-12-09,5.179999828338623,4.940000057220459,4.929999828338623,5.360000133514404,123185700,5.179999828338623
2021-07-30,44.68000030517578,42.22999954223633,41.52999877929688,45.20000076293945,66262700,44.68000030517578
2021-06-01,42.34000015258789,39.9900016784668,39.93999862670898,42.43999862670898,101544100,42.34000015258789
2019-02-04,7.849999904632568,7.960000038146973,7.739999771118164,7.980000019073486,8585300,7.849999904632568
2021-11-19,38.65999984741211,38.59000015258789,38.0,39.09999847412109,30069100,38.65999984741211
2025-01-21,4.179999828338623,4.349999904632568,4.170000076293945,4.380000114440918,38457500,4.179999828338623
2020-04-24,2.940000057220459,3.0799999237060547,2.9100000858306885,3.0999999046325684,22069700,2.940000057220459
2020-09-10,17.739999771118164,18.489999771118164,17.489999771118164,18.71999931335449,79679800,17.739999771118164
2022-12-13,12.3100004196167,13.109999656677246,12.029999732971191,13.239999771118164,52084300,12.3100004196167
2022-11-21,10.020000457763672,10.220000267028809,9.670000076293944,10.25,53072100,10.020000457763672
2022-05-20,16.440000534057617,17.5,15.68000030517578,17.600000381469727,86108900,16.440000534057617
2021-10-15,37.709999084472656,36.9900016784668,36.93999862670898,38.290000915527344,48169000,37.709999084472656
2019-07-01,2.5999999046325684,2.6700000762939453,2.5799999237060547,2.680000066757202,19462800,2.5999999046325684
2019-03-27,4.980000019073486,5.010000228881836,4.960000038146973,5.190000057220459,39753400,4.980000019073486
2022-11-14,11.170000076293944,11.859999656677246,11.170000076293944,12.119999885559082,62563000,11.170000076293944
2018-11-07,6.739999771118164,6.420000076293945,6.150000095367432,6.880000114440918,23761800,6.739999771118164
2022-09-27,17.190000534057617,18.18000030517578,16.979999542236328,18.229999542236328,40675200,17.190000534057617
2019-08-13,3.150000095367432,3.0,3.0,3.200000047683716,18541900,3.150000095367432
2024-09-18,5.019999980926514,5.449999809265137,5.010000228881836,5.480000019073486,65049700,5.019999980926514
2020-03-16,2.940000057220459,2.869999885559082,2.75,3.109999895095825,41266200,2.940000057220459
2019-11-04,1.7100000381469729,1.649999976158142,1.5800000429153442,1.899999976158142,61083000,1.7100000381469729
2020-05-12,3.619999885559082,3.740000009536743,3.609999895095825,3.7799999713897705,21943800,3.619999885559082
2025-06-16,3.5199999809265137,3.5199999809265137,3.509999990463257,3.5899999141693115,21246000,3.5199999809265137
2020-04-02,2.390000104904175,2.509999990463257,2.220000028610229,2.5899999141693115,58942700,2.390000104904175
2021-01-20,57.709999084472656,59.84999847412109,56.18999862670898,60.09000015258789,94983600,57.709999084472656
2024-10-01,7.03000020980835,6.900000095367432,6.440000057220459,7.079999923706055,146968900,7.03000020980835
2023-04-26,7.679999828338623,8.09000015258789,7.650000095367432,8.199999809265137,56070100,7.679999828338623
2023-01-05,10.859999656677246,10.390000343322754,10.239999771118164,10.970000267028809,37262700,10.859999656677246
2024-08-22,3.990000009536743,4.010000228881836,3.920000076293945,4.050000190734863,25826800,3.990000009536743
2021-04-09,38.119998931884766,38.34999847412109,37.0099983215332,38.36000061035156,69272700,38.119998931884766
2023-04-12,9.010000228881836,9.5600004196167,8.960000038146973,9.5600004196167,48106800,9.010000228881836
2024-02-20,5.960000038146973,5.929999828338623,5.789999961853027,6.03000020980835,39772200,5.960000038146973
2020-10-06,20.670000076293945,21.709999084472656,20.600000381469727,21.940000534057617,73217100,20.670000076293945
2018-12-13,7.75,7.550000190734863,7.260000228881836,7.900000095367432,14980900,7.75
2018-10-02,5.929999828338623,6.599999904632568,5.869999885559082,6.599999904632568,19440000,5.929999828338623
2023-05-22,8.789999961853027,8.25,8.239999771118164,8.850000381469727,73546900,8.789999961853027
2022-12-02,13.130000114440918,12.0600004196167,11.970000267028809,13.31999969482422,106291200,13.130000114440918
2020-08-26,20.440000534057617,19.01000022888184,18.559999465942383,20.96999931335449,364104600,20.440000534057617
2020-03-17,2.900000095367432,2.970000028610229,2.789999961853028,3.119999885559082,34862200,2.900000095367432
2019-06-12,2.549999952316284,2.619999885559082,2.5,2.619999885559082,30099500,2.549999952316284
2021-09-23,36.0099983215332,36.20000076293945,35.56999969482422,36.5,27152700,36.0099983215332
2019-07-24,3.670000076293945,3.450000047683716,3.440000057220459,3.75,38844800,3.670000076293945
2021-11-02,41.29999923706055,40.470001220703125,40.20000076293945,42.4900016784668,46243600,41.29999923706055
2022-12-20,11.09000015258789,10.670000076293944,10.579999923706056,11.59000015258789,44765300,11.09000015258789
2022-03-09,20.170000076293945,18.559999465942383,18.51000022888184,20.549999237060547,84306700,20.170000076293945
2020-01-15,4.289999961853027,4.190000057220459,4.0,4.480000019073486,236357900,4.289999961853027
2021-07-22,46.06999969482422,46.959999084472656,45.470001220703125,47.380001068115234,38936400,46.06999969482422
2019-11-13,1.899999976158142,1.899999976158142,1.850000023841858,1.9900000095367432,24969400,1.899999976158142
2025-07-25,4.920000076293945,4.840000152587891,4.789999961853027,5.090000152587891,60712300,4.920000076293945
2022-09-26,17.6200008392334,17.770000457763672,17.530000686645508,18.399999618530277,42024500,17.6200008392334
2023-10-06,8.720000267028809,8.489999771118164,8.460000038146973,8.75,23336000,8.720000267028809
2024-08-08,3.819999933242798,3.7300000190734863,3.630000114440918,3.890000104904175,35671000,3.819999933242798
2020-07-06,11.510000228881836,11.050000190734863,10.93000030517578,12.300000190734863,329223800,11.510000228881836
2025-12-29,5.340000152587891,5.079999923706055,5.079999923706055,5.380000114440918,68744800,5.340000152587891
2021-12-07,33.119998931884766,34.439998626708984,32.68000030517578,34.52000045776367,51769700,33.119998931884766
2019-10-08,1.7000000476837158,1.7300000190734863,1.659999966621399,1.7999999523162842,47085000,1.7000000476837158
2022-08-25,20.07999992370605,19.43000030517578,18.76000022888184,20.3700008392334,42455900,20.07999992370605
2019-07-02,2.819999933242798,2.5999999046325684,2.569999933242798,2.8499999046325684,35317300,2.819999933242798
2019-05-06,4.880000114440918,4.71999979019165,4.690000057220459,4.880000114440918,16144400,4.880000114440918
2024-12-20,4.539999961853027,4.480000019073486,4.420000076293945,4.610000133514404,36765600,4.539999961853027
2021-08-05,45.59999847412109,44.75,44.02000045776367,46.29999923706055,33362600,45.59999847412109
2020-04-17,3.2100000381469727,3.359999895095825,3.150000095367432,3.359999895095825,22831800,3.2100000381469727
2021-06-28,49.400001525878906,45.720001220703125,45.54999923706055,49.650001525878906,90202800,49.400001525878906
2024-08-29,3.940000057220459,3.829999923706055,3.759999990463257,3.9700000286102295,45246800,3.940000057220459
2023-03-09,8.789999961853027,9.010000228881836,8.720000267028809,9.170000076293944,48894300,8.789999961853027
2020-12-09,44.0099983215332,47.08000183105469,42.959999084472656,47.20000076293945,121387900,44.0099983215332
2024-04-25,4.130000114440918,4.050000190734863,4.03000020980835,4.170000076293945,25888400,4.130000114440918
2022-10-03,15.489999771118164,15.850000381469728,15.279999732971191,15.9399995803833,38423000,15.489999771118164
2022-10-07,13.760000228881836,14.289999961853027,13.539999961853027,14.529999732971191,53268900,13.760000228881836
2024-04-23,4.010000228881836,3.990000009536743,3.9800000190734863,4.130000114440918,41987800,4.010000228881836
2024-12-31,4.360000133514404,4.429999828338623,4.349999904632568,4.559999942779541,39899700,4.360000133514404
2023-02-01,12.100000381469728,12.239999771118164,11.59000015258789,12.31999969482422,65907200,12.100000381469728
2019-07-09,3.690000057220459,3.5799999237060547,3.4200000762939453,3.900000095367432,87406100,3.690000057220459
2018-10-30,5.949999809265137,6.199999809265137,5.619999885559082,6.21999979019165,21823900,5.949999809265137
2021-10-11,35.63999938964844,36.09000015258789,35.529998779296875,36.52000045776367,25400100,35.63999938964844
2020-09-18,19.40999984741211,19.71999931335449,18.940000534057617,19.8799991607666,54885500,19.40999984741211
2024-06-20,4.329999923706055,4.369999885559082,4.25,4.449999809265137,28737200,4.329999923706055
2024-07-30,4.420000076293945,4.340000152587891,4.309999942779541,4.440000057220459,41983800,4.420000076293945
2025-11-19,5.75,5.940000057220459,5.730000019073486,5.989999771118164,44693100,5.75
2024-03-22,4.889999866485596,4.929999828338623,4.800000190734863,4.960000038146973,43658300,4.889999866485596
2019-01-24,6.579999923706055,6.46999979019165,6.46999979019165,6.75,5920000,6.579999923706055
2024-02-13,5.699999809265137,5.860000133514404,5.650000095367432,5.880000114440918,52054400,5.699999809265137
2022-04-05,22.46999931335449,23.96999931335449,22.440000534057617,23.979999542236328,69772000,22.46999931335449
2020-12-08,46.560001373291016,47.209999084472656,45.66999816894531,48.29999923706055,115799600,46.560001373291016
2024-02-22,5.849999904632568,5.96999979019165,5.710000038146973,5.96999979019165,49536300,5.849999904632568
2021-10-12,35.5099983215332,35.70000076293945,35.18000030517578,36.04999923706055,26592000,35.5099983215332
2019-08-28,2.8399999141693115,2.900000095367432,2.8299999237060547,2.9200000762939453,10478000,2.8399999141693115
2018-10-01,6.599999904632568,7.059999942779541,6.599999904632568,7.079999923706055,16429100,6.599999904632568
2019-12-12,2.2699999809265137,2.299999952316284,2.259999990463257,2.3299999237060547,22457900,2.2699999809265137
2021-02-01,56.9900016784668,59.06999969482422,54.369998931884766,59.119998931884766,79878700,56.9900016784668
2020-03-27,2.8399999141693115,2.8499999046325684,2.759999990463257,2.890000104904175,25132000,2.8399999141693115
2023-11-07,7.889999866485596,7.880000114440918,7.699999809265137,7.900000095367432,25233500,7.889999866485596
2019-05-13,4.329999923706055,4.5,4.300000190734863,4.5,21804500,4.329999923706055
2022-01-12,31.68000030517578,31.200000762939453,30.34000015258789,31.86000061035156,54271700,31.68000030517578
2018-10-10,7.75,8.100000381469727,7.389999866485596,8.350000381469727,74971100,7.75
2021-04-08,38.70000076293945,37.619998931884766,37.470001220703125,39.18000030517578,63692000,38.70000076293945
2024-09-11,5.599999904632568,5.510000228881836,5.429999828338623,5.659999847412109,51390500,5.599999904632568
2023-04-14,9.270000457763672,9.06999969482422,9.0,9.449999809265137,30953500,9.270000457763672
2024-10-09,6.289999961853027,6.079999923706055,5.980000019073486,6.449999809265137,70071100,6.289999961853027
2021-12-30,32.41999816894531,27.88999938964844,27.799999237060547,33.040000915527344,137245800,32.41999816894531
2023-09-26,8.40999984741211,8.149999618530273,7.929999828338623,8.579999923706055,42481600,8.40999984741211
2025-01-08,4.320000171661377,4.400000095367432,4.260000228881836,4.409999847412109,49570100,4.320000171661377
2020-12-04,43.040000915527344,44.65999984741211,41.650001525878906,45.15999984741211,191969900,43.040000915527344
2025-10-24,6.900000095367432,6.840000152587891,6.769999980926514,7.03000020980835,38381200,6.900000095367432
2021-06-04,41.93999862670898,41.43000030517578,41.150001525878906,42.33000183105469,40993600,41.93999862670898
2022-07-01,21.36000061035156,22.31999969482422,20.950000762939453,22.5,56855500,21.36000061035156
2019-06-14,2.4200000762939453,2.440000057220459,2.3499999046325684,2.450000047683716,27065700,2.4200000762939453
2022-07-28,19.489999771118164,19.18000030517578,18.59000015258789,19.549999237060547,31078800,19.489999771118164
2021-06-23,45.40999984741211,44.970001220703125,44.61000061035156,45.97999954223633,39493500,45.40999984741211
2024-08-28,3.700000047683716,3.9600000381469727,3.680000066757202,4.0,62882000,3.700000047683716
2025-06-26,3.4200000762939453,3.4600000381469727,3.400000095367432,3.4800000190734863,31146400,3.4200000762939453
2020-09-22,19.229999542236328,18.479999542236328,18.3700008392334,19.450000762939453,61061100,19.229999542236328
2022-12-29,9.989999771118164,9.920000076293944,9.770000457763672,10.270000457763672,49380200,9.989999771118164
2020-07-31,11.9399995803833,12.40999984741211,11.729999542236328,12.59000015258789,61620400,11.9399995803833
2024-12-30,4.380000114440918,4.429999828338623,4.329999923706055,4.46999979019165,36562600,4.380000114440918
2022-02-04,23.959999084472656,23.459999084472656,22.729999542236328,24.31999969482422,45771700,23.959999084472656
2021-08-31,39.310001373291016,38.2400016784668,37.900001525878906,39.38999938964844,44942200,39.310001373291016
2019-09-13,3.2100000381469727,3.220000028610229,3.150000095367432,3.2699999809265137,8371700,3.2100000381469727
2018-10-11,7.179999828338623,7.440000057220459,6.920000076293945,7.550000190734863,22730000,7.179999828338623
2024-01-05,8.0600004196167,8.15999984741211,8.029999732971191,8.25,40831700,8.0600004196167
2020-07-10,14.979999542236328,15.609999656677246,14.199999809265137,15.729999542236328,318851300,14.979999542236328
2023-05-26,7.699999809265137,7.739999771118164,7.539999961853027,7.840000152587891,42967900,7.699999809265137
2019-10-17,1.4600000381469729,1.4600000381469729,1.4199999570846558,1.5,18373300,1.4600000381469729
2022-06-29,21.86000061035156,20.76000022888184,20.600000381469727,22.280000686645508,71582000,21.86000061035156
2023-07-13,10.760000228881836,11.239999771118164,10.720000267028809,11.31999969482422,60022500,10.760000228881836
2020-03-25,2.759999990463257,2.720000028610229,2.5999999046325684,2.990000009536743,56588300,2.759999990463257
2021-11-22,41.4900016784668,40.41999816894531,40.25,42.84000015258789,70987500,41.4900016784668
2024-05-30,5.400000095367432,4.949999809265137,4.929999828338623,5.440000057220459,69066000,5.400000095367432
2024-09-20,5.28000020980835,5.340000152587891,5.210000038146973,5.539999961853027,53489100,5.28000020980835
2020-01-24,4.659999847412109,5.0,4.510000228881836,5.059999942779541,65538000,4.659999847412109
2021-10-01,35.380001068115234,36.630001068115234,35.2599983215332,36.66999816894531,34919900,35.380001068115234
2023-12-28,9.43000030517578,9.15999984741211,9.119999885559082,9.56999969482422,91988300,9.43000030517578
2025-05-28,3.670000076293945,3.680000066757202,3.650000095367432,3.75,27254100,3.670000076293945
2019-03-21,5.840000152587891,5.75,5.739999771118164,5.949999809265137,21368900,5.840000152587891
2025-05-30,3.539999961853028,3.609999895095825,3.5199999809265137,3.619999885559082,37431500,3.539999961853028
2022-02-28,22.84000015258789,21.43000030517578,20.940000534057617,23.149999618530277,83996600,22.84000015258789
2023-03-01,8.829999923706055,9.34000015258789,8.770000457763672,9.449999809265137,82172500,8.829999923706055
2024-04-02,4.539999961853027,4.46999979019165,4.380000114440918,4.579999923706055,38932700,4.539999961853027
2019-01-17,6.809999942779541,6.699999809265137,6.53000020980835,6.880000114440918,8508900,6.809999942779541
2024-08-05,3.890000104904175,3.740000009536743,3.660000085830689,3.9700000286102295,53237000,3.890000104904175
2020-01-06,3.680000066757202,4.190000057220459,3.660000085830689,4.239999771118164,106619700,3.680000066757202
2023-08-15,11.829999923706056,12.260000228881836,11.550000190734863,12.34000015258789,71428600,11.829999923706056
2020-07-21,12.880000114440918,13.449999809265137,12.619999885559082,13.579999923706056,128036000,12.880000114440918
2019-03-08,7.059999942779541,7.019999980926514,6.849999904632568,7.199999809265137,32040600,7.059999942779541
2025-03-20,4.710000038146973,4.980000019073486,4.699999809265137,4.980000019073486,79242700,4.710000038146973
2022-11-03,9.9399995803833,9.1899995803833,9.029999732971191,10.170000076293944,64660300,9.9399995803833
2025-07-24,4.829999923706055,4.920000076293945,4.699999809265137,4.949999809265137,63260400,4.829999923706055
2023-01-19,10.770000457763672,10.880000114440918,10.619999885559082,11.18000030517578,33638100,10.770000457763672
2023-03-10,8.510000228881836,8.779999732971191,8.329999923706055,8.8100004196167,46631300,8.510000228881836
2023-11-02,7.789999961853027,7.71999979019165,7.690000057220459,7.929999828338623,43628400,7.789999961853027
2022-02-10,25.350000381469727,25.049999237060547,25.020000457763672,26.40999984741211,54337700,25.350000381469727
2024-07-02,4.53000020980835,4.449999809265137,4.380000114440918,4.539999961853027,35412300,4.53000020980835
2023-03-06,9.3100004196167,9.5,9.300000190734863,9.640000343322754,35308800,9.3100004196167
