Date,Open,High,Low,Close,Volume
27/03/2014 16:00:00,28.32,28.32,27.57,27.85,13052
28/03/2014 16:00:00,27.99,28.24,27.86,27.92,41003
31/03/2014 16:00:00,28.27,28.27,27.77,27.77,10772
01/04/2014 16:00:00,27.86,28.34,27.86,28.28,7932
02/04/2014 16:00:00,28.96,30.16,28.03,28.27,146697
03/04/2014 16:00:00,28.41,29.28,28.13,28.41,5087530
04/04/2014 16:00:00,28.65,28.81,27.08,27.08,6377658
07/04/2014 16:00:00,26.96,27.35,26.29,26.83,4389569
08/04/2014 16:00:00,27.06,27.67,27.01,27.67,3152406
09/04/2014 16:00:00,27.9,28.19,27.57,28.13,3324742
10/04/2014 16:00:00,28.17,28.17,26.92,26.97,4027743
11/04/2014 16:00:00,26.55,26.93,26.25,26.46,3916171
14/04/2014 16:00:00,26.84,27.13,26.41,26.55,2568020
15/04/2014 16:00:00,26.77,26.85,25.85,26.75,3847453
16/04/2014 16:00:00,27.08,27.77,26.93,27.75,4879889
17/04/2014 16:00:00,27.37,27.4,26.48,26.73,6795393
21/04/2014 16:00:00,26.73,26.76,26.21,26.36,2561214
22/04/2014 16:00:00,26.36,26.79,26.3,26.67,2359421
23/04/2014 16:00:00,26.62,26.62,26.24,26.27,2051066
24/04/2014 16:00:00,26.43,26.51,26.03,26.19,1881965
25/04/2014 16:00:00,26.05,26.16,25.7,25.74,2097264
28/04/2014 16:00:00,25.79,25.86,25.07,25.79,3326429
29/04/2014 16:00:00,25.77,26.4,25.75,26.31,2692489
30/04/2014 16:00:00,26.31,26.33,26.05,26.26,1746904
01/05/2014 16:00:00,26.28,26.57,26.12,26.49,1900432
02/05/2014 16:00:00,26.61,26.63,26.21,26.32,1685042
05/05/2014 16:00:00,26.17,26.37,25.99,26.32,1021408
06/05/2014 16:00:00,26.19,26.27,25.68,25.69,1684381
07/05/2014 16:00:00,25.72,25.76,25.1,25.43,3216077
08/05/2014 16:00:00,25.35,25.79,25.25,25.48,2016131
09/05/2014 16:00:00,25.47,25.92,25.14,25.87,2432783
12/05/2014 16:00:00,26.1,26.44,25.88,26.42,1908392
13/05/2014 16:00:00,26.47,26.73,26.4,26.58,1648907
14/05/2014 16:00:00,26.58,26.58,26.19,26.26,1191863
15/05/2014 16:00:00,26.21,26.22,25.8,25.93,1703758
16/05/2014 16:00:00,26,26.02,25.7,25.96,1481688
19/05/2014 16:00:00,25.91,26.42,25.81,26.37,1276362
20/05/2014 16:00:00,26.41,26.74,26.24,26.42,1780113
21/05/2014 16:00:00,26.57,26.89,26.52,26.87,1193389
22/05/2014 16:00:00,26.98,27.31,26.96,27.18,1611837
23/05/2014 16:00:00,27.29,27.61,27.11,27.56,1929632
27/05/2014 16:00:00,27.72,28.22,27.64,28.22,2100298
28/05/2014 16:00:00,28.15,28.31,27.97,28.01,1647717
29/05/2014 16:00:00,28.09,28.12,27.86,27.93,1350657
30/05/2014 16:00:00,27.96,27.99,27.72,27.92,1766794
02/06/2014 16:00:00,27.96,27.97,27.21,27.62,1434989
03/06/2014 16:00:00,27.47,27.54,27.05,27.17,1861921
04/06/2014 16:00:00,27,27.36,26.86,27.16,1812084
05/06/2014 16:00:00,27.25,27.67,27.15,27.62,1684886
06/06/2014 16:00:00,27.83,27.83,27.37,27.74,1732592
09/06/2014 16:00:00,27.78,28.07,27.73,28.03,1463676
10/06/2014 16:00:00,27.95,28.1,27.82,27.95,1349444
11/06/2014 16:00:00,27.82,27.92,27.68,27.87,1097380
12/06/2014 16:00:00,27.79,27.82,27.35,27.49,1457104
13/06/2014 16:00:00,27.54,27.54,27.2,27.51,1217176
16/06/2014 16:00:00,27.39,27.41,27,27.14,1704027
17/06/2014 16:00:00,27.14,27.19,26.89,27.08,1445878
18/06/2014 16:00:00,27.17,27.6,27.13,27.59,1737343
19/06/2014 16:00:00,27.64,27.67,27.35,27.67,2451341
20/06/2014 16:00:00,27.77,27.8,27.44,27.74,4496962
23/06/2014 16:00:00,27.68,28.17,27.64,28.17,1534659
24/06/2014 16:00:00,28.18,28.55,27.97,28.15,2201789
25/06/2014 16:00:00,28.19,28.92,28.18,28.85,1964447
26/06/2014 16:00:00,28.97,29.04,28.51,28.72,1737210
27/06/2014 16:00:00,28.78,28.91,28.61,28.78,2231174
30/06/2014 16:00:00,28.85,28.9,28.66,28.69,1310909
01/07/2014 16:00:00,28.84,29.14,28.75,29.05,1446309
02/07/2014 16:00:00,29.09,29.19,28.94,29.04,1054936
03/07/2014 16:00:00,29.09,29.17,28.97,29.16,712210
07/07/2014 16:00:00,29.11,29.24,28.9,29.03,1061833
08/07/2014 16:00:00,28.8,28.9,28.23,28.48,1908647
09/07/2014 16:00:00,28.5,28.76,28.39,28.73,1113907
10/07/2014 16:00:00,28.22,28.75,28.17,28.48,1353317
11/07/2014 16:00:00,28.52,28.96,28.49,28.88,1617569
14/07/2014 16:00:00,29.05,29.18,28.82,29.16,1852290
15/07/2014 16:00:00,29.21,29.21,28.75,29.16,1618815
16/07/2014 16:00:00,29.32,29.34,29.03,29.05,1394560
17/07/2014 16:00:00,28.9,28.97,28.35,28.61,3015475
18/07/2014 16:00:00,29.57,29.76,29.02,29.67,4006389
21/07/2014 16:00:00,29.51,29.64,29.18,29.39,2060334
22/07/2014 16:00:00,29.46,29.9,29.45,29.66,1694787
23/07/2014 16:00:00,29.58,29.81,29.54,29.72,1229846
24/07/2014 16:00:00,29.74,29.89,29.51,29.59,1033341
25/07/2014 16:00:00,29.44,29.51,29.27,29.37,932724
28/07/2014 16:00:00,29.32,29.54,29.16,29.45,984161
29/07/2014 16:00:00,29.36,29.4,29.1,29.2,1346647
30/07/2014 16:00:00,29.25,29.39,29.12,29.29,1013932
31/07/2014 16:00:00,28.95,29.1,28.42,28.5,2099516
01/08/2014 16:00:00,28.44,28.72,28.07,28.23,1950171
04/08/2014 16:00:00,28.37,28.69,28.13,28.58,1427169
05/08/2014 16:00:00,28.42,28.52,28.05,28.18,1556685
06/08/2014 16:00:00,28.01,28.46,27.92,28.24,1330877
07/08/2014 16:00:00,28.32,28.42,27.98,28.09,1108900
08/08/2014 16:00:00,28.1,28.43,27.94,28.36,1492491
11/08/2014 16:00:00,28.42,28.45,28.22,28.32,1215968
12/08/2014 16:00:00,28.15,28.22,27.97,28.06,1537758
13/08/2014 16:00:00,28.29,28.67,28.21,28.66,1437922
14/08/2014 16:00:00,28.73,28.82,28.47,28.65,982926
15/08/2014 16:00:00,28.81,28.89,28.45,28.6,1517056
18/08/2014 16:00:00,28.73,29.15,28.72,29.03,1282531
19/08/2014 16:00:00,29.17,29.29,29.12,29.26,979298
20/08/2014 16:00:00,29.21,29.25,29.05,29.14,1034779
21/08/2014 16:00:00,29.11,29.14,28.98,29.09,912854
22/08/2014 16:00:00,29.1,29.18,28.95,29.05,789484
25/08/2014 16:00:00,29.16,29.17,28.87,28.93,1358810
26/08/2014 16:00:00,28.98,29.01,28.75,28.81,1635465
27/08/2014 16:00:00,28.78,28.85,28.43,28.47,1700161
28/08/2014 16:00:00,28.4,28.58,28.28,28.38,1295963
29/08/2014 16:00:00,28.49,28.52,28.28,28.5,1081231
02/09/2014 16:00:00,28.51,28.81,28.48,28.79,1576830
03/09/2014 16:00:00,28.92,29.07,28.67,28.82,1214586
04/09/2014 16:00:00,28.92,29.22,28.88,29.02,1459956
05/09/2014 16:00:00,29.12,29.25,29.02,29.22,1629477
08/09/2014 16:00:00,29.25,29.51,29.23,29.41,1429101
09/09/2014 16:00:00,29.36,29.37,28.92,28.97,1286722
10/09/2014 16:00:00,29,29.1,28.77,29.08,975145
11/09/2014 16:00:00,28.94,29.01,28.73,28.99,1217721
12/09/2014 16:00:00,28.97,29,28.64,28.7,1597677
15/09/2014 16:00:00,28.57,28.67,28.33,28.58,1596224
16/09/2014 16:00:00,28.56,29,28.55,28.92,1478306
17/09/2014 16:00:00,28.92,29.3,28.86,29.16,1690994
18/09/2014 16:00:00,29.27,29.4,29.17,29.38,1442012
19/09/2014 16:00:00,29.49,29.74,29.39,29.72,3727045
22/09/2014 16:00:00,29.61,29.62,29.09,29.29,1687710
23/09/2014 16:00:00,29.26,29.26,28.97,28.98,1467703
24/09/2014 16:00:00,28.99,29.4,28.95,29.32,1724537
25/09/2014 16:00:00,29.3,29.32,28.63,28.67,1925350
26/09/2014 16:00:00,28.72,28.88,28.65,28.78,1439807
29/09/2014 16:00:00,28.51,28.83,28.48,28.74,1281204
30/09/2014 16:00:00,28.77,28.91,28.56,28.79,1618437
01/10/2014 16:00:00,28.72,28.8,28.27,28.34,1445027
02/10/2014 16:00:00,28.29,28.52,28.09,28.43,1175307
03/10/2014 16:00:00,28.57,28.78,28.55,28.69,1138636
06/10/2014 16:00:00,28.86,28.97,28.64,28.79,1211320
07/10/2014 16:00:00,28.64,28.68,28.11,28.11,1906427
08/10/2014 16:00:00,28.2,28.62,27.8,28.55,1987888
09/10/2014 16:00:00,28.48,28.5,27.88,27.97,2519693
10/10/2014 16:00:00,27.81,28.18,27.13,27.15,3078634
13/10/2014 16:00:00,27.17,27.4,26.58,26.59,2578676
14/10/2014 16:00:00,26.87,27.28,26.59,26.82,2217230
15/10/2014 16:00:00,26.48,26.57,25.84,26.43,3712536
16/10/2014 16:00:00,25.88,26.4,25.68,26.15,3698423
17/10/2014 16:00:00,26.29,26.48,25.36,25.49,5530674
20/10/2014 16:00:00,25.4,26.02,25.34,25.97,2605505
21/10/2014 16:00:00,26.19,26.27,25.88,26.25,2332531
22/10/2014 16:00:00,26.42,26.92,26.37,26.56,2917183
23/10/2014 16:00:00,26.89,27.29,26.72,27.12,2345296
24/10/2014 16:00:00,27.14,27.17,26.72,26.92,1972047
27/10/2014 16:00:00,26.78,27.15,26.78,26.96,1184973
28/10/2014 16:00:00,27.08,27.37,27.01,27.37,1273372
29/10/2014 16:00:00,27.42,27.63,27.27,27.39,1767107
30/10/2014 16:00:00,27.37,27.56,27.1,27.44,1451667
31/10/2014 16:00:00,27.89,27.9,27.66,27.88,2032887
03/11/2014 16:00:00,27.7,27.82,27.59,27.69,1378511
04/11/2014 16:00:00,27.57,27.7,27.39,27.63,1240761
05/11/2014 16:00:00,27.76,27.76,27.13,27.22,2026740
06/11/2014 16:00:00,27.2,27.27,26.97,27.03,1329604
07/11/2014 16:00:00,27.24,27.24,26.86,26.98,1629259
10/11/2014 16:00:00,27,27.4,26.98,27.3,1131546
11/11/2014 16:00:00,27.35,27.52,27.24,27.44,964866
12/11/2014 16:00:00,27.44,27.45,27.18,27.29,1126594
13/11/2014 16:00:00,27.41,27.41,27.1,27.19,1335719
14/11/2014 16:00:00,27.26,27.26,27.03,27.15,1285991
17/11/2014 16:00:00,27.1,27.12,26.63,26.75,1721282
18/11/2014 16:00:00,26.8,27.02,26.64,26.68,1957664
19/11/2014 16:00:00,26.68,26.84,26.43,26.78,1388440
20/11/2014 16:00:00,26.49,26.68,26.48,26.67,1559131
21/11/2014 16:00:00,27.01,27.03,26.75,26.8,2218249
24/11/2014 16:00:00,26.81,27.06,26.71,26.89,1701682
25/11/2014 16:00:00,26.88,27.12,26.86,26.98,1784967
26/11/2014 16:00:00,26.97,27,26.78,26.94,1519503
28/11/2014 16:00:00,26.96,27.03,26.76,27.02,1145231
01/12/2014 16:00:00,26.87,27,26.52,26.62,2109599
02/12/2014 16:00:00,26.6,26.7,26.42,26.61,1522481
03/12/2014 16:00:00,26.5,26.73,26.39,26.49,1279288
04/12/2014 16:00:00,26.49,26.79,26.36,26.79,1392208
05/12/2014 16:00:00,26.48,26.57,26.14,26.19,2558649
08/12/2014 16:00:00,26.28,26.48,26.12,26.28,2327127
09/12/2014 16:00:00,26.04,26.64,25.95,26.6,1871268
10/12/2014 16:00:00,26.58,26.74,26.21,26.23,1716835
11/12/2014 16:00:00,26.32,26.62,26.28,26.34,1610964
12/12/2014 16:00:00,26.1,26.35,25.86,25.86,1989117
15/12/2014 16:00:00,26.07,26.08,25.59,25.62,2812786
16/12/2014 16:00:00,25.51,25.58,24.38,24.7,3953371
17/12/2014 16:00:00,24.78,25.28,24.77,25.18,2875281
18/12/2014 16:00:00,25.58,25.62,25.17,25.49,2918730
19/12/2014 16:00:00,25.51,25.82,25.28,25.75,3680148
22/12/2014 16:00:00,25.73,26.25,25.73,26.17,2723599
23/12/2014 16:00:00,26.28,26.65,26.24,26.46,2191567
24/12/2014 16:00:00,26.45,26.52,26.28,26.37,704035
26/12/2014 16:00:00,26.37,26.64,26.29,26.63,1037727
29/12/2014 16:00:00,26.54,26.7,26.43,26.44,2276104
30/12/2014 16:00:00,26.33,26.48,26.28,26.45,873923
31/12/2014 16:00:00,26.49,26.56,26.22,26.25,1371819
02/01/2015 16:00:00,26.38,26.49,26.13,26.17,1446662
05/01/2015 16:00:00,26.09,26.14,25.58,25.62,2054238
06/01/2015 16:00:00,25.68,25.74,24.98,25.03,2891950
07/01/2015 16:00:00,25.28,25.29,24.91,24.99,2059366
08/01/2015 16:00:00,24.83,25.11,24.48,25.07,3344395
09/01/2015 16:00:00,25.17,25.18,24.67,24.74,2065715
12/01/2015 16:00:00,24.68,24.73,24.31,24.56,2320446
13/01/2015 16:00:00,24.87,25.08,24.55,24.74,2365687
14/01/2015 16:00:00,24.66,25.09,24.58,24.97,2229638
15/01/2015 16:00:00,25.21,25.21,24.82,25.02,2711355
16/01/2015 16:00:00,24.93,25.34,24.93,25.33,2292043
20/01/2015 16:00:00,25.48,25.55,25.23,25.28,2225922
21/01/2015 16:00:00,25.29,25.89,25.24,25.83,2262455
22/01/2015 16:00:00,26,26.74,25.91,26.65,2669558
23/01/2015 16:00:00,26.71,27.03,26.58,26.92,2275485
26/01/2015 16:00:00,26.85,26.88,26.41,26.69,1539524
27/01/2015 16:00:00,26.43,26.46,25.84,25.86,1898844
28/01/2015 16:00:00,26.07,26.08,25.43,25.43,1679230
29/01/2015 16:00:00,25.48,25.48,24.99,25.46,4174924
30/01/2015 16:00:00,25.72,26.92,25.71,26.65,5590977
02/02/2015 16:00:00,26.51,26.58,25.86,26.35,2841976
03/02/2015 16:00:00,26.33,26.6,26.09,26.39,2033085
04/02/2015 16:00:00,26.39,26.56,25.99,26.07,1659125
05/02/2015 16:00:00,26.12,26.35,26.03,26.31,1844687
06/02/2015 16:00:00,26.31,26.79,26.25,26.48,1758650
09/02/2015 16:00:00,26.33,26.53,26.23,26.32,1264276
10/02/2015 16:00:00,26.39,26.81,26.27,26.77,1745076
11/02/2015 16:00:00,26.69,26.85,26.6,26.73,1373970
12/02/2015 16:00:00,26.79,27.17,26.66,27.07,1615824
13/02/2015 16:00:00,27.09,27.42,27.08,27.38,1895126
17/02/2015 16:00:00,27.27,27.42,26.98,27.07,1612439
18/02/2015 16:00:00,27,27.2,26.8,26.91,1449089
19/02/2015 16:00:00,26.83,27.08,26.83,27.07,987478
20/02/2015 16:00:00,27.08,27.11,26.72,26.87,1441212
23/02/2015 16:00:00,26.73,26.75,26.4,26.52,1453907
24/02/2015 16:00:00,26.43,26.77,26.34,26.73,1002393
25/02/2015 16:00:00,26.72,27.24,26.7,27.12,1821041
26/02/2015 16:00:00,27.09,27.73,27,27.7,2305219
27/02/2015 16:00:00,27.64,28.16,27.57,27.84,2403553
02/03/2015 16:00:00,27.95,28.53,27.86,28.49,2123796
03/03/2015 16:00:00,28.44,28.69,28.25,28.6,1700084
04/03/2015 16:00:00,28.52,28.78,28.32,28.59,1871694
05/03/2015 16:00:00,28.67,28.82,28.59,28.69,1385818
06/03/2015 16:00:00,28.67,28.76,28.26,28.31,1654561
09/03/2015 16:00:00,28.27,28.44,28.1,28.36,1059336
10/03/2015 16:00:00,28.14,28.17,27.66,27.67,1787357
11/03/2015 16:00:00,27.68,27.83,27.46,27.48,1815763
12/03/2015 16:00:00,27.6,27.74,27.45,27.7,1385772
13/03/2015 16:00:00,27.6,27.84,27.14,27.29,1698872
16/03/2015 16:00:00,27.47,27.77,27.23,27.65,1636493
17/03/2015 16:00:00,27.51,27.61,27.32,27.47,1800570
18/03/2015 16:00:00,27.55,27.91,27.28,27.9,2128714
19/03/2015 16:00:00,27.89,27.96,27.73,27.82,1194049
20/03/2015 16:00:00,28.01,28.01,27.88,27.94,2609690
23/03/2015 16:00:00,27.94,28.04,27.72,27.86,1639306
24/03/2015 16:00:00,28.05,28.65,27.98,28.43,2576234
25/03/2015 16:00:00,28.45,28.53,27.86,27.86,2146384
26/03/2015 16:00:00,27.8,27.87,27.46,27.68,1568331
27/03/2015 16:00:00,27.57,27.69,27.33,27.34,1892323
30/03/2015 16:00:00,27.51,27.6,27.33,27.53,1283958
31/03/2015 16:00:00,27.42,27.66,27.26,27.32,1583677
01/04/2015 16:00:00,27.35,27.48,26.9,27.05,1957718
02/04/2015 16:00:00,26.97,26.97,26.62,26.7,1711737
06/04/2015 16:00:00,26.54,26.85,26.41,26.76,1320767
07/04/2015 16:00:00,26.83,27.06,26.73,26.78,1299298
08/04/2015 16:00:00,26.85,27.12,26.85,27.01,1175332
09/04/2015 16:00:00,26.98,27.02,26.7,26.96,1553586
10/04/2015 16:00:00,27.04,27.04,26.79,26.93,1405574
13/04/2015 16:00:00,26.85,27.13,26.79,26.88,1640809
14/04/2015 16:00:00,26.74,26.8,26.33,26.45,2597043
15/04/2015 16:00:00,26.36,26.66,26.09,26.55,2312512
16/04/2015 16:00:00,26.42,26.71,26.41,26.62,1296304
17/04/2015 16:00:00,26.36,26.42,25.98,26.13,2145955
20/04/2015 16:00:00,26.21,26.73,26.15,26.7,1675487
21/04/2015 16:00:00,26.8,26.9,26.61,26.63,1839668
22/04/2015 16:00:00,26.65,26.98,26.51,26.89,1589248
23/04/2015 16:00:00,26.98,27.47,26.94,27.28,4173376
24/04/2015 16:00:00,28.23,28.48,27.79,28.18,4919031
27/04/2015 16:00:00,28.17,28.3,27.66,27.77,2398039
28/04/2015 16:00:00,27.73,27.8,27.52,27.68,1490983
29/04/2015 16:00:00,27.52,27.68,27.35,27.45,1698761
30/04/2015 16:00:00,27.39,27.43,26.75,26.87,2082214
01/05/2015 16:00:00,26.92,26.98,26.61,26.9,1768181
04/05/2015 16:00:00,26.93,27.2,26.75,27.04,1307960
05/05/2015 16:00:00,26.91,26.99,26.52,26.54,1383068
06/05/2015 16:00:00,26.56,26.62,26.05,26.21,1566987
07/05/2015 16:00:00,26.2,26.67,26.09,26.54,1546278
08/05/2015 16:00:00,26.83,27.06,26.8,26.91,1527615
11/05/2015 16:00:00,26.92,27.1,26.77,26.79,905285
12/05/2015 16:00:00,26.58,26.66,26.26,26.45,1634174
13/05/2015 16:00:00,26.53,26.72,26.43,26.48,1253063
14/05/2015 16:00:00,26.69,26.95,26.62,26.92,1403935
15/05/2015 16:00:00,26.96,26.96,26.52,26.69,1971343
18/05/2015 16:00:00,26.6,26.74,26.44,26.62,2003421
19/05/2015 16:00:00,26.7,27.03,26.65,26.87,1966947
20/05/2015 16:00:00,26.92,27.15,26.65,26.96,1430826
21/05/2015 16:00:00,26.9,27.19,26.8,27.13,1462695
22/05/2015 16:00:00,27.01,27.21,26.98,27.01,1176214
26/05/2015 16:00:00,26.91,26.95,26.49,26.62,2406512
27/05/2015 16:00:00,26.64,27.03,26.59,26.99,1525019
28/05/2015 16:00:00,26.9,27.03,26.81,26.99,1029849
29/05/2015 16:00:00,26.87,26.93,26.57,26.61,2597407
01/06/2015 16:00:00,26.84,26.84,26.49,26.7,1904332
02/06/2015 16:00:00,26.65,27.15,26.57,26.96,1938989
03/06/2015 16:00:00,27,27.18,26.86,27.02,1717036
04/06/2015 16:00:00,26.89,27.03,26.72,26.84,1348337
05/06/2015 16:00:00,26.82,26.86,26.63,26.67,1388220
08/06/2015 16:00:00,26.67,26.71,26.31,26.34,1524139
09/06/2015 16:00:00,26.38,26.46,26.15,26.33,1455266
10/06/2015 16:00:00,26.47,26.92,26.47,26.83,1814958
11/06/2015 16:00:00,26.92,26.95,26.65,26.73,1217536
12/06/2015 16:00:00,26.58,26.66,26.51,26.62,955789
15/06/2015 16:00:00,26.4,26.42,26.2,26.36,1632702
16/06/2015 16:00:00,26.42,26.48,26.28,26.41,1071814
17/06/2015 16:00:00,26.47,26.55,26.26,26.46,1294216
18/06/2015 16:00:00,26.55,26.91,26.54,26.84,1833109
19/06/2015 16:00:00,26.86,26.91,26.65,26.83,1893497
22/06/2015 16:00:00,26.98,27.19,26.88,26.91,1250282
23/06/2015 16:00:00,26.98,27.07,26.76,27.02,1197450
24/06/2015 16:00:00,27,27,26.78,26.89,1286608
25/06/2015 16:00:00,26.94,27.05,26.76,26.76,1335697
26/06/2015 16:00:00,26.86,26.89,26.57,26.58,2109130
29/06/2015 16:00:00,26.25,26.43,26.03,26.08,1937821
30/06/2015 16:00:00,26.3,26.31,26.03,26.03,2235595
01/07/2015 16:00:00,26.24,26.28,25.91,26.09,1961354
02/07/2015 16:00:00,26.05,26.23,26.05,26.17,1235903
06/07/2015 16:00:00,25.98,26.26,25.95,26.14,1280525
07/07/2015 16:00:00,26.16,26.31,25.76,26.25,1597229
08/07/2015 16:00:00,26.05,26.14,25.81,25.84,1296699
09/07/2015 16:00:00,26.16,26.19,26.02,26.03,1842347
10/07/2015 16:00:00,26.31,26.63,26.28,26.51,1956682
13/07/2015 16:00:00,26.64,27.36,26.62,27.33,2206475
14/07/2015 16:00:00,27.34,28.29,27.34,28.06,3244066
15/07/2015 16:00:00,28.01,28.33,27.84,28.01,1784554
16/07/2015 16:00:00,28.26,29.03,28.25,28.99,4768318
17/07/2015 16:00:00,32.45,33.72,32.25,33.65,11164943
20/07/2015 16:00:00,32.96,33.44,32.65,33.15,5860872
21/07/2015 16:00:00,32.76,33.65,32.72,33.12,3377196
22/07/2015 16:00:00,33.04,33.93,32.95,33.1,3929309
23/07/2015 16:00:00,33.06,33.18,32.05,32.21,3029109
24/07/2015 16:00:00,32.35,32.41,31.13,31.18,3625747
27/07/2015 16:00:00,31.05,31.72,31.03,31.36,2675381
28/07/2015 16:00:00,31.64,31.64,31.17,31.4,1727327
29/07/2015 16:00:00,31.44,31.67,31.13,31.6,1575069
30/07/2015 16:00:00,31.5,31.76,31.1,31.63,1474203
31/07/2015 16:00:00,31.57,31.65,31.28,31.28,1706149
03/08/2015 16:00:00,31.27,31.65,31.27,31.56,1304511
04/08/2015 16:00:00,31.42,31.74,31.36,31.46,1490881
05/08/2015 16:00:00,31.72,32.39,31.66,32.19,2334266
06/08/2015 16:00:00,32.25,32.27,31.61,32.13,1572600
07/08/2015 16:00:00,32.01,32.13,31.49,31.77,1403865
10/08/2015 16:00:00,31.97,32.17,31.56,31.69,1809205
11/08/2015 16:00:00,33.46,33.74,32.71,33.04,5029203
12/08/2015 16:00:00,33.15,33.25,32.61,32.98,2940803
13/08/2015 16:00:00,32.97,33.23,32.58,32.82,1810749
14/08/2015 16:00:00,32.75,32.99,32.63,32.86,1072061
17/08/2015 16:00:00,32.84,33.07,32.56,33.04,1051699
18/08/2015 16:00:00,33.1,33.2,32.67,32.81,1456059
19/08/2015 16:00:00,32.83,33.35,32.71,33.05,2134098
20/08/2015 16:00:00,32.77,33.15,32.15,32.34,2855299
21/08/2015 16:00:00,31.99,32,30.62,30.62,4265183
24/08/2015 16:00:00,28.65,30.7,28.25,29.48,5770302
25/08/2015 16:00:00,30.75,30.87,29.06,29.1,3537966
26/08/2015 16:00:00,30.52,31.59,29.95,31.43,4235891
27/08/2015 16:00:00,31.97,32.18,31.1,31.88,3491336
28/08/2015 16:00:00,31.64,31.84,31.23,31.52,1978733
31/08/2015 16:00:00,31.38,31.79,30.88,30.91,2176737
01/09/2015 16:00:00,30.12,30.64,29.71,29.89,3702105
02/09/2015 16:00:00,30.28,30.72,29.99,30.72,2575620
03/09/2015 16:00:00,30.85,30.99,30.14,30.31,1759572
04/09/2015 16:00:00,30,30.17,29.76,30.04,2089453
08/09/2015 16:00:00,30.62,30.82,30.21,30.73,2279538
09/09/2015 16:00:00,31.06,31.33,30.48,30.64,1702094
10/09/2015 16:00:00,30.66,31.21,30.57,31.07,1905276
11/09/2015 16:00:00,30.99,31.29,30.87,31.29,1373545
14/09/2015 16:00:00,31.29,31.29,30.97,31.16,1702271
15/09/2015 16:00:00,31.34,31.94,31.19,31.76,2084397
16/09/2015 16:00:00,31.77,31.9,31.62,31.8,1286454
17/09/2015 16:00:00,31.89,32.55,31.75,32.15,2274690
18/09/2015 16:00:00,31.84,32,31.35,31.46,5133386
21/09/2015 16:00:00,31.72,31.82,31.3,31.77,1788506
22/09/2015 16:00:00,31.35,31.38,30.77,31.13,2562869
23/09/2015 16:00:00,31.1,31.45,31,31.12,1470949
24/09/2015 16:00:00,30.83,31.37,30.62,31.29,2240098
25/09/2015 16:00:00,31.49,31.49,30.55,30.6,2174009
28/09/2015 16:00:00,30.52,30.73,29.47,29.74,3127667
29/09/2015 16:00:00,29.86,30.25,29.51,29.75,2310284
30/09/2015 16:00:00,30.16,30.44,30.04,30.42,2413441
01/10/2015 16:00:00,30.42,30.6,29.99,30.56,1867601
02/10/2015 16:00:00,30.36,31.37,30.16,31.35,2684805
05/10/2015 16:00:00,31.6,32.15,31.35,32.07,1803643
06/10/2015 16:00:00,31.94,32.46,31.83,32.27,2236847
07/10/2015 16:00:00,32.46,32.53,31.61,32.12,2092714
08/10/2015 16:00:00,32.07,32.22,31.28,31.96,2182081
09/10/2015 16:00:00,32,32.3,31.77,32.18,1648736
12/10/2015 16:00:00,32.1,32.42,31.95,32.33,1276134
13/10/2015 16:00:00,32.16,32.89,32.16,32.62,1807685
14/10/2015 16:00:00,32.66,32.97,32.44,32.56,1415468
15/10/2015 16:00:00,32.73,33.16,32.72,33.09,1885737
16/10/2015 16:00:00,33.21,33.25,32.86,33.11,1611128
19/10/2015 16:00:00,33.06,33.34,32.98,33.31,1477340
20/10/2015 16:00:00,33.2,33.24,32.21,32.51,2498215
21/10/2015 16:00:00,32.71,32.79,32.09,32.13,1794172
22/10/2015 16:00:00,32.34,32.89,32.2,32.59,4070954
23/10/2015 16:00:00,36.38,36.5,35.08,35.1,6653923
26/10/2015 16:00:00,35.08,35.96,35.06,35.64,2716615
27/10/2015 16:00:00,35.37,35.68,35.23,35.42,2245796
28/10/2015 16:00:00,35.37,35.65,35.15,35.65,2178917
29/10/2015 16:00:00,35.53,35.91,35.5,35.85,1455965
30/10/2015 16:00:00,35.79,35.9,35.5,35.54,1908774
02/11/2015 16:00:00,35.55,36.08,35.29,36.06,1886250
03/11/2015 16:00:00,35.94,36.23,35.74,36.11,1565379
04/11/2015 16:00:00,36.1,36.66,36.1,36.41,1706700
05/11/2015 16:00:00,36.47,36.97,36.47,36.56,1861550
06/11/2015 16:00:00,36.58,36.77,36.35,36.69,1511599
09/11/2015 16:00:00,36.51,36.74,35.97,36.24,2069807
10/11/2015 16:00:00,36.22,36.53,35.93,36.42,1607994
11/11/2015 16:00:00,36.62,37.05,36.51,36.77,1366995
12/11/2015 16:00:00,36.55,36.89,36.43,36.56,1837154
13/11/2015 16:00:00,36.46,36.56,35.84,35.85,2075504
16/11/2015 16:00:00,35.78,36.47,35.57,36.45,1905893
17/11/2015 16:00:00,36.46,36.59,36.15,36.27,1510903
18/11/2015 16:00:00,36.38,37.07,36.35,37,1684259
19/11/2015 16:00:00,36.94,37.1,36.87,36.92,1327879
20/11/2015 16:00:00,37.33,37.9,37.15,37.83,2213284
23/11/2015 16:00:00,37.87,38.14,37.59,37.8,1415385
24/11/2015 16:00:00,37.6,37.76,36.88,37.41,2334197
25/11/2015 16:00:00,37.41,37.6,37.3,37.41,1122224
27/11/2015 16:00:00,37.42,37.67,37.37,37.51,838528
30/11/2015 16:00:00,37.44,37.75,37.06,37.13,2097624
01/12/2015 16:00:00,37.36,38.45,37.34,38.35,2134621
02/12/2015 16:00:00,38.45,38.8,37.95,38.12,2230373
03/12/2015 16:00:00,38.3,38.45,37.28,37.63,2590641
04/12/2015 16:00:00,37.66,38.42,37.5,38.34,2757283
07/12/2015 16:00:00,38.39,38.44,37.75,38.16,1812314
08/12/2015 16:00:00,37.89,38.24,37.71,38.12,1829475
09/12/2015 16:00:00,37.96,38.21,36.85,37.58,2699990
10/12/2015 16:00:00,37.64,37.79,37.19,37.47,1988380
11/12/2015 16:00:00,37.06,37.29,36.84,36.94,2224410
14/12/2015 16:00:00,37.09,37.44,36.21,37.39,2421236
15/12/2015 16:00:00,37.65,37.9,37.15,37.17,2666229
16/12/2015 16:00:00,37.5,38.03,36.97,37.9,1993251
17/12/2015 16:00:00,38.12,38.13,37.45,37.47,1553418
18/12/2015 16:00:00,37.33,37.71,36.91,36.97,3148743
21/12/2015 16:00:00,37.31,37.5,37,37.39,1525703
22/12/2015 16:00:00,37.58,37.74,37.28,37.5,1365520
23/12/2015 16:00:00,37.67,37.71,37.2,37.52,1566726
24/12/2015 16:00:00,37.48,37.57,37.33,37.42,527223
28/12/2015 16:00:00,37.65,38.15,37.48,38.13,1515716
29/12/2015 16:00:00,38.33,39,38.32,38.83,1765012
30/12/2015 16:00:00,38.83,38.88,38.35,38.55,1293521
31/12/2015 16:00:00,38.48,38.48,37.92,37.94,1500923
04/01/2016 16:00:00,37.15,37.2,36.56,37.09,3272776
05/01/2016 16:00:00,37.32,37.6,36.93,37.13,1950691
06/01/2016 16:00:00,36.5,37.36,36.45,37.18,1947034
07/01/2016 16:00:00,36.52,36.92,35.95,36.32,2963741
08/01/2016 16:00:00,36.57,36.66,35.65,35.72,2450857
11/01/2016 16:00:00,35.83,35.94,35.18,35.8,2090621
12/01/2016 16:00:00,36.08,36.44,35.87,36.3,2024509
13/01/2016 16:00:00,36.54,36.74,34.93,35.03,2501730
14/01/2016 16:00:00,35.27,36.1,34.46,35.74,2225768
15/01/2016 16:00:00,34.61,35.34,34.27,34.72,3608109
19/01/2016 16:00:00,35.17,35.5,34.67,35.09,2268078
20/01/2016 16:00:00,34.43,35.34,33.66,34.92,3444962
21/01/2016 16:00:00,35.11,35.96,34.72,35.33,2412211
22/01/2016 16:00:00,36.18,36.41,36.01,36.26,2011797
25/01/2016 16:00:00,36.18,36.48,35.5,35.58,1711716
26/01/2016 16:00:00,35.69,35.91,35.32,35.65,1331691
27/01/2016 16:00:00,35.68,35.91,34.72,35,2194227
28/01/2016 16:00:00,36.11,36.68,35.62,36.55,2676397
29/01/2016 16:00:00,36.58,37.25,36.34,37.15,3474319
01/02/2016 16:00:00,37.52,37.89,37.16,37.6,5139157
02/02/2016 16:00:00,39.23,39.49,38.23,38.23,6348126
03/02/2016 16:00:00,38.51,38.73,36.03,36.35,6171019
04/02/2016 16:00:00,36.14,36.35,35.09,35.4,5168709
05/02/2016 16:00:00,35.19,35.2,34.01,34.18,5105725
08/02/2016 16:00:00,33.39,34.2,33.15,34.14,4247355
09/02/2016 16:00:00,33.62,34.99,33.44,33.91,3608914
10/02/2016 16:00:00,34.34,35.07,34.11,34.21,2638007
11/02/2016 16:00:00,33.75,34.47,33.44,34.16,3024043
12/02/2016 16:00:00,34.51,34.69,33.93,34.12,2141373
16/02/2016 16:00:00,34.65,34.9,34.25,34.55,2520021
17/02/2016 16:00:00,34.95,35.49,34.57,35.42,2492634
18/02/2016 16:00:00,35.5,35.62,34.8,34.87,1883248
19/02/2016 16:00:00,34.75,35.15,34.7,35.05,1589281
22/02/2016 16:00:00,35.37,35.66,35.13,35.32,1949816
23/02/2016 16:00:00,35.07,35.42,34.68,34.79,2009280
24/02/2016 16:00:00,34.45,35,34.04,34.98,1963573
25/02/2016 16:00:00,35,35.3,34.53,35.29,1642166
26/02/2016 16:00:00,35.43,35.67,35.04,35.25,2243522
29/02/2016 16:00:00,35.02,35.54,34.88,34.89,2481145
01/03/2016 16:00:00,35.18,35.94,34.99,35.94,2151419
02/03/2016 16:00:00,35.95,36,35.6,35.94,1629003
03/03/2016 16:00:00,35.93,35.97,35.3,35.62,1957974
04/03/2016 16:00:00,35.75,35.82,35.3,35.54,1972077
07/03/2016 16:00:00,35.35,35.4,34.35,34.76,2988026
08/03/2016 16:00:00,34.43,35.19,34.27,34.7,2076331
09/03/2016 16:00:00,34.92,35.28,34.7,35.26,1421515
10/03/2016 16:00:00,35.41,35.82,35.17,35.64,2833525
11/03/2016 16:00:00,36,36.35,35.86,36.34,1970815
14/03/2016 16:00:00,36.34,36.78,36.26,36.52,1718252
15/03/2016 16:00:00,36.35,36.61,36.24,36.42,1720965
16/03/2016 16:00:00,36.32,36.87,36.23,36.8,1624370
17/03/2016 16:00:00,36.82,37.15,36.8,36.89,1860834
18/03/2016 16:00:00,37.09,37.1,36.59,36.88,2980709
21/03/2016 16:00:00,36.83,37.13,36.68,37.1,1836503
22/03/2016 16:00:00,36.87,37.25,36.87,37.04,1269749
23/03/2016 16:00:00,37.12,37.29,36.81,36.9,1432099
24/03/2016 16:00:00,36.6,36.89,36.55,36.77,1594891
28/03/2016 16:00:00,36.84,36.95,36.63,36.68,1301327
29/03/2016 16:00:00,36.73,37.36,36.44,37.24,1903758
30/03/2016 16:00:00,37.51,37.89,37.44,37.53,1782427
31/03/2016 16:00:00,37.46,37.54,37.05,37.25,1718798
01/04/2016 16:00:00,36.93,37.52,36.85,37.5,1576745
04/04/2016 16:00:00,37.5,37.64,37.12,37.26,1134390
05/04/2016 16:00:00,36.9,37.14,36.77,36.89,1132294
06/04/2016 16:00:00,36.79,37.31,36.78,37.28,1053713
07/04/2016 16:00:00,37.27,37.35,36.81,37.01,1453185
08/04/2016 16:00:00,37.2,37.27,36.78,36.96,1290787
11/04/2016 16:00:00,37.15,37.25,36.8,36.81,1220088
12/04/2016 16:00:00,36.9,37.19,36.55,37.15,1352992
13/04/2016 16:00:00,37.46,37.72,37.21,37.59,1707641
14/04/2016 16:00:00,37.7,37.87,37.64,37.66,1135271
15/04/2016 16:00:00,37.7,38.05,37.63,37.95,1809332
18/04/2016 16:00:00,38.02,38.4,37.87,38.33,1558848
19/04/2016 16:00:00,38.48,38.49,37.47,37.7,2030526
20/04/2016 16:00:00,37.9,37.91,37.5,37.63,1529217
21/04/2016 16:00:00,37.77,38.02,37.48,37.96,3060490
22/04/2016 16:00:00,36.32,36.81,35.68,35.94,5951938
25/04/2016 16:00:00,35.81,36.2,35.78,36.16,1959179
26/04/2016 16:00:00,36.27,36.29,35.15,35.41,2744587
27/04/2016 16:00:00,35.36,35.45,34.62,35.29,3098587
28/04/2016 16:00:00,35.41,35.71,34.48,34.55,2867255
29/04/2016 16:00:00,34.53,34.88,34.45,34.65,2487673
02/05/2016 16:00:00,34.88,35.03,34.55,34.91,1645265
03/05/2016 16:00:00,34.84,34.89,34.6,34.62,1543785
04/05/2016 16:00:00,34.52,34.99,34.45,34.78,1693525
05/05/2016 16:00:00,34.89,35.12,34.79,35.07,1683507
06/05/2016 16:00:00,34.92,35.59,34.91,35.56,1829291
09/05/2016 16:00:00,35.6,35.94,35.5,35.65,1510289
10/05/2016 16:00:00,35.84,36.17,35.79,36.16,1569591
11/05/2016 16:00:00,36.17,36.22,35.64,35.76,1692063
12/05/2016 16:00:00,35.85,35.96,35.45,35.67,1361332
13/05/2016 16:00:00,35.6,35.83,35.46,35.54,1314499
16/05/2016 16:00:00,35.46,35.92,35.28,35.82,1317069
17/05/2016 16:00:00,35.8,36.08,35.21,35.31,2001225
18/05/2016 16:00:00,35.18,35.58,35.03,35.33,1766836
19/05/2016 16:00:00,35.12,35.3,34.84,35.02,1670234
20/05/2016 16:00:00,35.08,35.73,35.03,35.49,1828387
23/05/2016 16:00:00,35.33,35.57,35.21,35.21,1330692
24/05/2016 16:00:00,35.34,36.05,35.34,36,1929467
25/05/2016 16:00:00,36.04,36.38,35.99,36.26,1632564
26/05/2016 16:00:00,36.14,36.42,36.01,36.21,1576286
27/05/2016 16:00:00,36.2,36.7,36.2,36.63,1974962
31/05/2016 16:00:00,36.59,36.99,36.56,36.79,2129545
01/06/2016 16:00:00,36.73,36.86,36.53,36.71,1253593
02/06/2016 16:00:00,36.63,36.65,36.21,36.52,1341807
03/06/2016 16:00:00,36.46,36.47,36.03,36.12,1226253
06/06/2016 16:00:00,36.25,36.25,35.73,35.83,1566059
07/06/2016 16:00:00,35.99,36.1,35.83,35.83,1336754
08/06/2016 16:00:00,36.2,36.43,36.03,36.41,1583701
09/06/2016 16:00:00,36.14,36.48,36.12,36.43,988914
10/06/2016 16:00:00,35.97,36.29,35.82,35.97,1216443
13/06/2016 16:00:00,35.83,36.27,35.83,35.92,1258930
14/06/2016 16:00:00,35.82,36.12,35.66,35.91,1306065
15/06/2016 16:00:00,35.95,36.15,35.87,35.95,1214517
16/06/2016 16:00:00,35.75,35.83,35.16,35.52,1982471
17/06/2016 16:00:00,35.43,35.44,34.42,34.59,3402357
20/06/2016 16:00:00,34.94,35.12,34.67,34.69,2082538
21/06/2016 16:00:00,34.92,35.14,34.6,34.8,1465634
22/06/2016 16:00:00,34.95,35.04,34.65,34.87,1184318
23/06/2016 16:00:00,34.87,35.1,34.35,35.09,2171415
24/06/2016 16:00:00,33.76,34.47,33.67,33.76,4449022
27/06/2016 16:00:00,33.55,33.62,33.16,33.41,2641085
28/06/2016 16:00:00,33.95,34.02,33.65,34,2173762
29/06/2016 16:00:00,34.15,34.37,34.07,34.21,1932561
30/06/2016 16:00:00,34.27,34.62,34.18,34.6,1597714
01/07/2016 16:00:00,34.61,35.03,34.61,34.96,1344710
05/07/2016 16:00:00,34.8,34.85,34.44,34.72,1462616
06/07/2016 16:00:00,34.5,35.08,34.45,34.89,1411925
07/07/2016 16:00:00,34.9,34.91,34.41,34.77,1304200
08/07/2016 16:00:00,34.98,35.29,34.82,35.28,1575166
11/07/2016 16:00:00,35.4,35.83,35.36,35.75,1111762
12/07/2016 16:00:00,35.96,36.15,35.8,36.03,1336921
13/07/2016 16:00:00,36.18,36.2,35.84,35.85,935876
14/07/2016 16:00:00,36.08,36.11,35.9,36.05,950193
15/07/2016 16:00:00,36.29,36.29,35.95,35.99,1279339
18/07/2016 16:00:00,36.14,36.81,36.06,36.69,1295476
19/07/2016 16:00:00,36.49,36.85,36.45,36.85,1227486
20/07/2016 16:00:00,36.87,37.11,36.85,37.06,1289671
21/07/2016 16:00:00,37.02,37.08,36.79,36.93,1026306
22/07/2016 16:00:00,37.09,37.16,36.83,37.14,1259823
25/07/2016 16:00:00,37.03,37.13,36.88,36.99,1032432
26/07/2016 16:00:00,36.95,37.08,36.71,36.92,1186738
27/07/2016 16:00:00,36.91,37.22,36.85,37.09,1512517
28/07/2016 16:00:00,37.35,37.43,36.97,37.3,3530169
29/07/2016 16:00:00,38.64,38.93,38.34,38.44,3841482
01/08/2016 16:00:00,38.05,39.02,38.05,38.64,2700470
02/08/2016 16:00:00,38.43,38.79,38.39,38.55,1784525
03/08/2016 16:00:00,38.36,38.66,38.34,38.66,1287421
04/08/2016 16:00:00,38.61,38.7,38.44,38.58,1140254
05/08/2016 16:00:00,38.69,39.15,38.62,39.11,1801205
08/08/2016 16:00:00,39.1,39.13,38.9,39.09,1107857
09/08/2016 16:00:00,39.06,39.45,39.03,39.21,1318894
10/08/2016 16:00:00,39.19,39.34,39.14,39.23,786363
11/08/2016 16:00:00,39.25,39.49,39.15,39.24,975113
12/08/2016 16:00:00,39.08,39.17,39.02,39.16,740498
15/08/2016 16:00:00,39.19,39.37,39.01,39.12,938186
16/08/2016 16:00:00,39.02,39.05,38.67,38.86,1028047
17/08/2016 16:00:00,38.87,39.04,38.68,39,924226
18/08/2016 16:00:00,39,39.14,38.85,38.88,719429
19/08/2016 16:00:00,38.75,38.85,38.66,38.77,861546
22/08/2016 16:00:00,38.66,38.73,38.5,38.61,951362
23/08/2016 16:00:00,38.77,38.82,38.59,38.6,928232
24/08/2016 16:00:00,38.53,38.73,38.35,38.48,1071999
25/08/2016 16:00:00,38.35,38.59,38.16,38.47,926883
26/08/2016 16:00:00,38.45,38.8,38.29,38.48,1166681
29/08/2016 16:00:00,38.44,38.75,38.33,38.61,847565
30/08/2016 16:00:00,38.47,38.72,38.34,38.45,1130029
31/08/2016 16:00:00,38.35,38.45,38.27,38.35,1248556
01/09/2016 16:00:00,38.46,38.55,38.22,38.44,925131
02/09/2016 16:00:00,38.65,38.7,38.42,38.57,1072658
06/09/2016 16:00:00,38.67,39.1,38.55,39,1442822
07/09/2016 16:00:00,39,39.14,38.81,39.02,894021
08/09/2016 16:00:00,38.93,39.02,38.68,38.77,1270264
09/09/2016 16:00:00,38.51,38.66,37.98,37.98,1885496
12/09/2016 16:00:00,37.76,38.51,37.7,38.45,1310986
13/09/2016 16:00:00,38.22,38.31,37.79,37.98,1395046
14/09/2016 16:00:00,37.98,38.38,37.96,38.12,1094490
15/09/2016 16:00:00,38.14,38.69,38,38.59,1346751
16/09/2016 16:00:00,38.49,38.49,38.23,38.44,2049338
19/09/2016 16:00:00,38.62,38.7,38.22,38.28,1172824
20/09/2016 16:00:00,38.45,38.67,38.43,38.57,978631
21/09/2016 16:00:00,38.63,38.86,38.42,38.81,1167810
22/09/2016 16:00:00,39,39.49,38.92,39.36,1486223
23/09/2016 16:00:00,39.33,39.45,39.21,39.35,1411937
26/09/2016 16:00:00,39.14,39.14,38.65,38.71,1533206
27/09/2016 16:00:00,38.78,39.3,38.72,39.15,1153247
28/09/2016 16:00:00,38.89,39.09,38.75,39.08,1109834
29/09/2016 16:00:00,39.07,39.29,38.71,38.75,1314746
30/09/2016 16:00:00,38.82,39.05,38.7,38.86,1585333
03/10/2016 16:00:00,38.71,38.8,38.48,38.63,1278821
04/10/2016 16:00:00,38.8,38.94,38.64,38.82,1201350
05/10/2016 16:00:00,38.97,39.1,38.78,38.82,1461151
06/10/2016 16:00:00,38.95,39.02,38.78,38.84,1070692
07/10/2016 16:00:00,38.98,38.98,38.54,38.75,933158
10/10/2016 16:00:00,38.89,39.47,38.79,39.3,1174923
11/10/2016 16:00:00,39.33,39.61,39.03,39.15,1372461
12/10/2016 16:00:00,39.19,39.41,39.1,39.31,937435
13/10/2016 16:00:00,39.06,39.06,38.65,38.91,1365277
14/10/2016 16:00:00,39.08,39.2,38.8,38.93,852487
17/10/2016 16:00:00,38.99,39.29,38.88,39,1092973
18/10/2016 16:00:00,39.39,40.08,39.28,39.76,2056903
19/10/2016 16:00:00,39.94,40.23,39.88,40.08,1766798
20/10/2016 16:00:00,40.17,40.2,39.8,39.85,1757528
21/10/2016 16:00:00,39.75,39.98,39.7,39.97,1266181
24/10/2016 16:00:00,40.24,40.76,40.24,40.66,1697514
25/10/2016 16:00:00,40.83,40.83,40.26,40.38,1576404
26/10/2016 16:00:00,40.32,40.35,39.82,39.95,1647733
27/10/2016 16:00:00,40.05,40.17,39.58,39.77,2749221
28/10/2016 16:00:00,40.42,40.77,39.68,39.77,4269902
31/10/2016 16:00:00,39.77,39.84,39.2,39.23,2427284
01/11/2016 16:00:00,39.14,39.47,38.78,39.18,2406356
02/11/2016 16:00:00,38.91,39.08,38.17,38.44,1918414
03/11/2016 16:00:00,38.36,38.5,37.95,38.11,1943175
04/11/2016 16:00:00,37.53,38.52,37.53,38.1,2134812
07/11/2016 16:00:00,38.73,39.26,38.63,39.13,1585070
08/11/2016 16:00:00,39.17,39.78,39.01,39.53,1366873
09/11/2016 16:00:00,39,39.56,38.58,39.27,2607121
10/11/2016 16:00:00,39.56,39.56,37.61,38.13,4745183
11/11/2016 16:00:00,37.83,38.04,37.52,37.7,2431815
14/11/2016 16:00:00,37.78,37.89,36.38,36.8,3654385
15/11/2016 16:00:00,37.35,38.22,37.35,37.92,2384001
16/11/2016 16:00:00,37.76,38.32,37.53,38.22,1472594
17/11/2016 16:00:00,38.35,38.64,38.21,38.56,1304048
18/11/2016 16:00:00,38.57,38.75,38,38.03,1547145
21/11/2016 16:00:00,38.13,38.49,38.03,38.46,1330639
22/11/2016 16:00:00,38.63,38.85,38.35,38.41,1593108
23/11/2016 16:00:00,38.39,38.41,37.76,38.05,1478417
25/11/2016 16:00:00,38.21,38.25,38.03,38.08,587421
28/11/2016 16:00:00,38,38.98,37.99,38.41,2188151
29/11/2016 16:00:00,38.58,38.92,38.41,38.54,1616618
30/11/2016 16:00:00,38.5,38.65,37.74,37.9,2392890
01/12/2016 16:00:00,37.87,37.99,36.85,37.4,3017947
02/12/2016 16:00:00,37.23,37.7,37.16,37.53,1452484
05/12/2016 16:00:00,37.89,38.2,37.65,38.13,1394223
06/12/2016 16:00:00,38.24,38.44,37.87,37.96,1690689
07/12/2016 16:00:00,38.05,38.57,37.79,38.56,1760966
08/12/2016 16:00:00,38.62,38.91,38.36,38.82,1488059
09/12/2016 16:00:00,39,39.47,38.95,39.46,1821914
12/12/2016 16:00:00,39.25,39.56,39.22,39.46,2104117
13/12/2016 16:00:00,39.7,40.22,39.67,39.81,2145209
14/12/2016 16:00:00,39.87,40.2,39.7,39.85,1704150
15/12/2016 16:00:00,39.87,40.15,39.65,39.89,1626499
16/12/2016 16:00:00,40.02,40.04,39.51,39.54,2443796
19/12/2016 16:00:00,39.51,39.88,39.31,39.71,1232087
20/12/2016 16:00:00,39.84,39.93,39.66,39.82,951014
21/12/2016 16:00:00,39.79,39.83,39.35,39.73,1211346
22/12/2016 16:00:00,39.62,39.67,39.43,39.56,972169
23/12/2016 16:00:00,39.55,39.64,39.36,39.5,623944
27/12/2016 16:00:00,39.53,39.89,39.38,39.58,789321
28/12/2016 16:00:00,39.69,39.71,39.16,39.25,1153824
29/12/2016 16:00:00,39.17,39.3,38.95,39.14,744272
30/12/2016 16:00:00,39.14,39.14,38.52,38.59,1769950
03/01/2017 16:00:00,38.94,39.48,38.79,39.31,1657268
04/01/2017 16:00:00,39.42,39.57,39.16,39.35,1072958
05/01/2017 16:00:00,39.3,39.72,39.25,39.7,1335167
06/01/2017 16:00:00,39.76,40.4,39.61,40.31,1640170
09/01/2017 16:00:00,40.32,40.5,40.14,40.33,1274645
10/01/2017 16:00:00,40.39,40.46,40.18,40.24,1176780
11/01/2017 16:00:00,40.25,40.41,40.07,40.4,1065936
12/01/2017 16:00:00,40.36,40.37,39.96,40.32,1353057
13/01/2017 16:00:00,40.37,40.56,40.33,40.39,1099215
17/01/2017 16:00:00,40.35,40.36,40.02,40.23,1362115
18/01/2017 16:00:00,40.29,40.31,40.05,40.3,1294407
19/01/2017 16:00:00,40.26,40.47,40.09,40.11,919325
20/01/2017 16:00:00,40.35,40.35,40.08,40.25,1670045
23/01/2017 16:00:00,40.36,41.04,40.19,40.97,1963628
24/01/2017 16:00:00,41.12,41.3,40.89,41.19,1474010
25/01/2017 16:00:00,41.48,41.79,41.25,41.78,1627304
26/01/2017 16:00:00,41.89,41.9,41.35,41.61,2973891
27/01/2017 16:00:00,41.74,42.1,41.02,41.17,2965771
30/01/2017 16:00:00,40.73,40.79,39.99,40.12,3246573
31/01/2017 16:00:00,39.84,40.06,39.53,39.84,2160556
01/02/2017 16:00:00,39.98,40.06,39.56,39.78,2029744
02/02/2017 16:00:00,39.69,40.14,39.6,39.93,1532138
03/02/2017 16:00:00,40.15,40.3,40.02,40.07,1463448
06/02/2017 16:00:00,39.99,40.08,39.76,40.07,1184483
07/02/2017 16:00:00,40.2,40.53,40.09,40.35,1241221
08/02/2017 16:00:00,40.35,40.59,40.16,40.42,1155990
09/02/2017 16:00:00,40.48,40.53,40.23,40.48,990391
10/02/2017 16:00:00,40.59,40.76,40.49,40.68,1134976
13/02/2017 16:00:00,40.8,41.05,40.77,40.96,1213324
14/02/2017 16:00:00,40.95,41.15,40.8,41.02,1054732
15/02/2017 16:00:00,40.97,41.15,40.92,40.95,1313617
16/02/2017 16:00:00,41,41.22,40.95,41.21,1287626
17/02/2017 16:00:00,41.15,41.4,41.08,41.4,1611039
21/02/2017 16:00:00,41.43,41.67,41.42,41.58,1262337
22/02/2017 16:00:00,41.43,41.66,41.43,41.54,987248
23/02/2017 16:00:00,41.51,41.62,41.14,41.57,1472771
24/02/2017 16:00:00,41.39,41.45,41.21,41.43,1392202
27/02/2017 16:00:00,41.23,41.53,41.2,41.46,1101466
28/02/2017 16:00:00,41.28,41.43,41.01,41.16,2260769
01/03/2017 16:00:00,41.44,41.81,41.36,41.76,1496540
02/03/2017 16:00:00,41.69,41.73,41.48,41.53,942476
03/03/2017 16:00:00,41.53,41.57,41.29,41.45,896378
06/03/2017 16:00:00,41.35,41.44,41.12,41.39,1109037
07/03/2017 16:00:00,41.37,41.67,41.33,41.6,1037630
08/03/2017 16:00:00,41.68,41.91,41.59,41.77,989773
09/03/2017 16:00:00,41.8,42.1,41.71,41.93,1261517
10/03/2017 16:00:00,42.16,42.25,41.98,42.16,1704024
13/03/2017 16:00:00,42.2,42.43,42.16,42.28,1223647
14/03/2017 16:00:00,42.18,42.36,42.04,42.28,780198
15/03/2017 16:00:00,42.38,42.43,42.04,42.36,1381474
16/03/2017 16:00:00,42.45,42.54,42.31,42.44,977560
17/03/2017 16:00:00,42.58,42.67,42.36,42.61,1716471
20/03/2017 16:00:00,42.5,42.51,42.26,42.42,1231521
21/03/2017 16:00:00,42.57,42.68,41.45,41.52,2463484
22/03/2017 16:00:00,41.6,41.78,41.36,41.48,1401465
23/03/2017 16:00:00,41.05,41.13,40.61,40.88,3487056
24/03/2017 16:00:00,41,41.1,40.44,40.72,1981006
27/03/2017 16:00:00,40.35,41.08,40.17,40.98,1894990
28/03/2017 16:00:00,41.02,41.3,40.7,41.05,1620542
29/03/2017 16:00:00,41.25,41.64,41.12,41.57,1786321
30/03/2017 16:00:00,41.68,41.68,41.45,41.58,1055339
31/03/2017 16:00:00,41.45,41.58,41.37,41.48,1401893
03/04/2017 16:00:00,41.46,42.04,41.46,41.93,1671503
04/04/2017 16:00:00,41.57,41.76,41.45,41.73,1045363
05/04/2017 16:00:00,41.78,42.12,41.54,41.57,1555328
06/04/2017 16:00:00,41.62,41.82,41.32,41.39,1254433
07/04/2017 16:00:00,41.4,41.42,41.03,41.23,1057253
10/04/2017 16:00:00,41.27,41.47,41.19,41.24,978905
11/04/2017 16:00:00,41.24,41.37,40.85,41.17,1079732
12/04/2017 16:00:00,41.1,41.33,41.05,41.22,900480
13/04/2017 16:00:00,41.11,41.32,41.07,41.18,1122362
17/04/2017 16:00:00,41.25,41.89,41.22,41.86,895015
18/04/2017 16:00:00,41.71,41.95,41.64,41.84,836722
19/04/2017 16:00:00,41.99,42.11,41.81,41.91,954330
20/04/2017 16:00:00,42.07,42.26,41.97,42.08,959031
21/04/2017 16:00:00,42.14,42.19,42.03,42.16,1323583
24/04/2017 16:00:00,42.56,43.17,42.49,43.14,1372541
25/04/2017 16:00:00,43.25,43.75,43.14,43.62,1671972
26/04/2017 16:00:00,43.71,43.8,43.39,43.59,1237167
27/04/2017 16:00:00,43.68,43.77,43.52,43.71,2026816
28/04/2017 16:00:00,45.53,45.84,45.29,45.3,3276255
01/05/2017 16:00:00,45.1,45.78,45.07,45.63,2115993
02/05/2017 16:00:00,45.48,46.04,45.47,45.82,1587219
03/05/2017 16:00:00,45.74,46.41,45.63,46.35,1499532
04/05/2017 16:00:00,46.3,46.8,46.23,46.58,1422144
05/05/2017 16:00:00,46.68,46.75,46.26,46.36,1911275
08/05/2017 16:00:00,46.31,46.85,46.26,46.72,1329825
09/05/2017 16:00:00,46.85,46.88,46.48,46.61,1581809
10/05/2017 16:00:00,46.6,46.6,46.26,46.44,1173925
11/05/2017 16:00:00,46.27,46.63,46.15,46.53,835386
12/05/2017 16:00:00,46.58,46.67,46.39,46.61,1050601
15/05/2017 16:00:00,46.65,46.91,46.47,46.85,1108496
16/05/2017 16:00:00,47,47.16,46.88,47.15,969479
17/05/2017 16:00:00,46.78,46.97,45.91,45.98,2362072
18/05/2017 16:00:00,46.05,46.66,45.94,46.51,1596897
19/05/2017 16:00:00,46.57,46.89,46.55,46.7,1393024
22/05/2017 16:00:00,46.75,47.09,46.75,47.09,1120385
23/05/2017 16:00:00,47.4,47.57,47.13,47.44,1270817
24/05/2017 16:00:00,47.65,47.75,47.48,47.75,1034199
25/05/2017 16:00:00,47.87,48.63,47.77,48.48,1660474
26/05/2017 16:00:00,48.49,48.75,48.25,48.57,1252010
30/05/2017 16:00:00,48.52,48.81,48.47,48.79,1466654
31/05/2017 16:00:00,48.75,48.96,48.01,48.24,2448067
01/06/2017 16:00:00,48.45,48.58,48,48.35,1410458
02/06/2017 16:00:00,48.47,48.79,48.3,48.78,1750955
05/06/2017 16:00:00,48.83,49.35,48.76,49.18,1252106
06/06/2017 16:00:00,49.16,49.41,48.76,48.83,1814624
07/06/2017 16:00:00,48.98,49.21,48.79,49.05,1453874
08/06/2017 16:00:00,49.12,49.23,48.86,49.17,1481916
09/06/2017 16:00:00,49.23,49.23,46.78,47.49,3309389
12/06/2017 16:00:00,46.98,47.47,45.76,47.15,3763529
13/06/2017 16:00:00,47.6,48,47.2,47.67,2013337
14/06/2017 16:00:00,48,48.06,47.11,47.54,1489715
15/06/2017 16:00:00,46.7,47.17,46.22,47.12,2133050
16/06/2017 16:00:00,47,47.1,46.58,46.99,3094711
19/06/2017 16:00:00,47.5,48,47.45,47.87,1533336
20/06/2017 16:00:00,47.88,48.08,47.5,47.53,1125990
21/06/2017 16:00:00,47.68,48.01,47.54,47.97,1202233
22/06/2017 16:00:00,47.94,48.04,47.73,47.85,941958
23/06/2017 16:00:00,47.84,48.3,47.71,48.28,1527856
26/06/2017 16:00:00,48.5,48.67,47.54,47.61,1598355
27/06/2017 16:00:00,47.12,47.41,46.34,46.37,2579930
28/06/2017 16:00:00,46.45,47.14,45.8,47.02,2721406
29/06/2017 16:00:00,46.5,46.56,45.53,45.89,3299176
30/06/2017 16:00:00,46.3,46.3,45.42,45.44,2090226
03/07/2017 16:00:00,45.61,45.7,44.74,44.94,1710373
05/07/2017 16:00:00,45.09,45.73,44.93,45.59,1813884
06/07/2017 16:00:00,45.21,45.75,44.99,45.33,1424503
07/07/2017 16:00:00,45.44,46.08,45.44,45.93,1637785
10/07/2017 16:00:00,46.09,46.52,45.98,46.44,1192825
11/07/2017 16:00:00,46.48,46.57,46.1,46.5,1113235
12/07/2017 16:00:00,46.93,47.32,46.72,47.19,1532144
13/07/2017 16:00:00,47.31,47.72,47.15,47.36,1294687
14/07/2017 16:00:00,47.6,47.85,47.4,47.8,1053774
17/07/2017 16:00:00,47.85,48.04,47.46,47.67,1165537
18/07/2017 16:00:00,47.65,48.4,47.53,48.27,1153964
19/07/2017 16:00:00,48.39,48.65,48.2,48.54,1224540
20/07/2017 16:00:00,48.75,48.8,48.08,48.41,1624463
21/07/2017 16:00:00,48.11,48.66,48.01,48.65,1711000
24/07/2017 16:00:00,48.61,49.31,48.54,49.02,3248347
25/07/2017 16:00:00,47.69,47.99,47.27,47.54,4660979
26/07/2017 16:00:00,47.73,47.75,47.11,47.39,2088256
27/07/2017 16:00:00,47.59,47.59,46,46.7,3212996
28/07/2017 16:00:00,46.47,47.19,46.38,47.08,1846351
31/07/2017 16:00:00,47.09,47.18,46.3,46.53,1970095
01/08/2017 16:00:00,46.62,46.87,46.46,46.54,1277734
02/08/2017 16:00:00,46.43,46.63,45.83,46.52,1824448
03/08/2017 16:00:00,46.52,46.61,46.11,46.18,1202512
04/08/2017 16:00:00,46.34,46.52,46.15,46.4,1082267
07/08/2017 16:00:00,46.45,46.59,46.33,46.47,1032239
08/08/2017 16:00:00,46.35,46.79,46.28,46.34,1061579
09/08/2017 16:00:00,46.03,46.3,45.86,46.15,1192081
10/08/2017 16:00:00,45.88,45.96,45.31,45.36,1823967
11/08/2017 16:00:00,45.4,45.89,45.28,45.72,1206782
14/08/2017 16:00:00,46.13,46.23,45.91,46.13,1064530
15/08/2017 16:00:00,46.21,46.33,45.99,46.11,883369
16/08/2017 16:00:00,46.26,46.64,46.17,46.35,1006711
17/08/2017 16:00:00,46.29,46.34,45.55,45.55,1277238
18/08/2017 16:00:00,45.52,45.76,45.36,45.53,1342689
21/08/2017 16:00:00,45.5,45.65,45.17,45.33,943441
22/08/2017 16:00:00,45.64,46.29,45.57,46.23,1166737
23/08/2017 16:00:00,46.1,46.5,45.97,46.35,1090248
24/08/2017 16:00:00,46.43,46.54,45.78,46.06,1270306
25/08/2017 16:00:00,46.17,46.28,45.78,45.79,1053376
28/08/2017 16:00:00,45.8,45.96,45.59,45.69,1086484
29/08/2017 16:00:00,45.26,46.17,45.25,46.06,1185564
30/08/2017 16:00:00,46,46.54,45.98,46.48,1301225
31/08/2017 16:00:00,46.59,47.1,46.59,46.97,1582579
01/09/2017 16:00:00,47.06,47.12,46.76,46.87,947374
05/09/2017 16:00:00,46.65,46.85,46.1,46.42,1348292
06/09/2017 16:00:00,46.51,46.55,45.96,46.39,1527650
07/09/2017 16:00:00,46.59,46.82,46.18,46.8,1212743
08/09/2017 16:00:00,46.82,46.85,46.24,46.33,1011538
11/09/2017 16:00:00,46.71,46.92,46.35,46.45,1266991
12/09/2017 16:00:00,46.63,46.67,46.19,46.6,1134397
13/09/2017 16:00:00,46.53,46.86,46.49,46.75,1102631
14/09/2017 16:00:00,46.56,46.64,46.2,46.26,1397644
15/09/2017 16:00:00,46.23,46.32,45.82,46.01,2505430
18/09/2017 16:00:00,46,46.1,45.53,45.75,1306922
19/09/2017 16:00:00,45.87,46.12,45.63,46.09,936654
20/09/2017 16:00:00,46.15,46.69,46.1,46.58,1669763
21/09/2017 16:00:00,46.65,46.83,46.19,46.62,1290607
22/09/2017 16:00:00,46.39,46.74,46.32,46.43,1052704
25/09/2017 16:00:00,46.27,46.32,45.49,46.05,1856822
26/09/2017 16:00:00,46.19,46.54,46.06,46.24,1666861
27/09/2017 16:00:00,46.39,47.5,46.39,47.22,2239441
28/09/2017 16:00:00,47.07,47.53,47.03,47.48,1020312
29/09/2017 16:00:00,47.6,47.99,47.58,47.96,1580994
02/10/2017 16:00:00,48,48.13,47.39,47.66,1283444
03/10/2017 16:00:00,47.7,47.9,47.46,47.89,888346
04/10/2017 16:00:00,47.85,48.02,47.53,47.58,952391
05/10/2017 16:00:00,47.77,48.55,47.76,48.5,1213816
06/10/2017 16:00:00,48.34,48.97,48.17,48.94,1173882
09/10/2017 16:00:00,49,49.27,48.81,48.85,891355
10/10/2017 16:00:00,49,49.08,48.3,48.63,968362
11/10/2017 16:00:00,48.69,49.54,48.61,49.46,1693274
12/10/2017 16:00:00,49.37,49.71,49.25,49.39,1262793
13/10/2017 16:00:00,49.6,49.86,49.45,49.48,1169777
16/10/2017 16:00:00,49.61,49.7,49.2,49.6,910543
17/10/2017 16:00:00,49.51,49.82,49.43,49.61,1290186
18/10/2017 16:00:00,49.59,49.84,49.35,49.64,1057581
19/10/2017 16:00:00,49.3,49.44,48.92,49.22,1313575
20/10/2017 16:00:00,49.47,49.55,49.23,49.41,1183186
23/10/2017 16:00:00,49.48,49.48,48.31,48.42,1478448
24/10/2017 16:00:00,48.5,48.61,48.05,48.53,1212153
25/10/2017 16:00:00,48.42,48.8,48.03,48.67,1211262
26/10/2017 16:00:00,49,49.38,48.61,48.63,2042149
27/10/2017 16:00:00,50.46,52.42,50.41,50.96,5167689
30/10/2017 16:00:00,50.7,51.25,50.38,50.86,2085062
31/10/2017 16:00:00,50.76,51.2,50.52,50.83,1331391
01/11/2017 16:00:00,50.86,51.48,50.85,51.28,1373444
02/11/2017 16:00:00,51.09,51.4,50.65,51.28,1048970
03/11/2017 16:00:00,51.11,51.63,51.02,51.62,1076350
06/11/2017 16:00:00,51.45,51.74,51.25,51.3,1125185
07/11/2017 16:00:00,51.36,51.7,51.26,51.67,1112331
08/11/2017 16:00:00,51.53,52.18,51.42,51.99,1088716
09/11/2017 16:00:00,51.7,51.7,50.98,51.56,1245246
10/11/2017 16:00:00,51.32,51.54,51.26,51.4,720676
13/11/2017 16:00:00,51.17,51.58,51.13,51.29,885779
14/11/2017 16:00:00,51.13,51.34,50.71,51.3,959222
15/11/2017 16:00:00,50.96,51.2,50.77,51.05,853992
16/11/2017 16:00:00,51.13,51.8,51.13,51.63,1129688
17/11/2017 16:00:00,51.7,51.72,50.89,50.95,1397064
20/11/2017 16:00:00,51.01,51.13,50.88,50.92,953470
21/11/2017 16:00:00,51.17,51.76,51.13,51.72,1096999
22/11/2017 16:00:00,51.75,51.99,51.57,51.8,746878
24/11/2017 13:00:00,51.79,52.16,51.75,52.03,536996
27/11/2017 16:00:00,52,52.77,51.92,52.71,1307881
28/11/2017 16:00:00,52.75,53.12,52,52.37,1424394
29/11/2017 16:00:00,52.13,52.2,50.78,51.08,2459426
30/11/2017 16:00:00,51.12,51.42,50.75,51.07,1724031
01/12/2017 16:00:00,50.79,51.12,50.1,50.51,1909566
04/12/2017 16:00:00,50.63,50.81,49.78,49.93,1906439
05/12/2017 16:00:00,49.8,51.03,49.41,50.26,2067318
06/12/2017 16:00:00,50.08,51.25,50.06,50.92,1271964
07/12/2017 16:00:00,51.02,51.71,50.9,51.55,1458242
08/12/2017 16:00:00,51.87,52.1,51.63,51.85,1290774
11/12/2017 16:00:00,51.78,52.19,51.6,52.06,1192838
12/12/2017 16:00:00,51.98,52.52,51.68,52.02,1279659
13/12/2017 16:00:00,52.31,52.33,51.92,52.03,1282677
14/12/2017 16:00:00,52.25,52.93,52.16,52.46,1558835
15/12/2017 16:00:00,52.73,53.38,52.48,53.21,3275931
18/12/2017 16:00:00,53.3,53.92,53.1,53.86,1554552
19/12/2017 16:00:00,53.76,53.84,53.18,53.53,1338725
20/12/2017 16:00:00,53.59,53.67,53.08,53.25,1268582
21/12/2017 16:00:00,53.25,53.47,53.09,53.18,995703
22/12/2017 16:00:00,53.06,53.21,52.97,53.01,755095
26/12/2017 16:00:00,52.9,53.01,52.51,52.84,761237
27/12/2017 16:00:00,52.87,52.92,52.4,52.47,1271911
28/12/2017 16:00:00,52.58,52.74,52.24,52.41,837121
29/12/2017 16:00:00,52.34,52.49,52.25,52.32,887511
02/01/2018 16:00:00,52.42,53.35,52.26,53.25,1237564
03/01/2018 16:00:00,53.22,54.31,53.16,54.12,1430170
04/01/2018 16:00:00,54.4,54.68,54.2,54.32,1004605
05/01/2018 16:00:00,54.7,55.21,54.6,55.11,1279123
08/01/2018 16:00:00,55.11,55.56,55.08,55.35,1047603
09/01/2018 16:00:00,55.47,55.53,55.06,55.31,902541
10/01/2018 16:00:00,54.86,55.23,54.81,55.13,1042793
11/01/2018 16:00:00,55.32,55.33,54.98,55.28,978292
12/01/2018 16:00:00,55.12,56.21,55.06,56.11,1720533
16/01/2018 16:00:00,56.63,57,55.89,56.09,1575261
17/01/2018 16:00:00,56.31,56.63,55.85,56.6,1202639
18/01/2018 16:00:00,56.57,56.63,55.88,56.49,1198234
19/01/2018 16:00:00,56.59,56.89,56.42,56.88,1778229
22/01/2018 16:00:00,56.87,57.99,56.76,57.79,1617975
23/01/2018 16:00:00,57.99,58.58,57.94,58.5,1333056
24/01/2018 16:00:00,58.87,58.99,58.05,58.21,1416625
25/01/2018 16:00:00,58.63,58.8,58.14,58.52,1480540
26/01/2018 16:00:00,58.75,58.79,57.91,58.79,2018755
29/01/2018 16:00:00,58.82,59.34,58.6,58.78,1378913
30/01/2018 16:00:00,58.39,58.83,58.18,58.18,1556346
31/01/2018 16:00:00,58.53,58.65,57.96,58.5,1538688
01/02/2018 16:00:00,58.13,58.7,57.88,58.39,2412114
02/02/2018 16:00:00,56.1,56.15,55.36,55.6,4857943
05/02/2018 16:00:00,54.53,55.5,52.6,52.79,3798301
06/02/2018 16:00:00,51.36,54.09,51.16,54.03,3447956
07/02/2018 16:00:00,54.08,54.09,52.41,52.43,2369232
08/02/2018 16:00:00,52.77,52.93,50.03,50.08,2859136
09/02/2018 16:00:00,50.86,52.2,49.63,51.89,3505862
12/02/2018 16:00:00,52.4,53.08,52.05,52.6,2057718
13/02/2018 16:00:00,52.25,52.92,52.2,52.61,1265054
14/02/2018 16:00:00,52.45,53.59,52.34,53.49,1555787
15/02/2018 16:00:00,53.95,54.57,53.22,54.48,1843442
16/02/2018 16:00:00,54.42,55.23,54.42,54.74,1681612
20/02/2018 16:00:00,54.53,55.7,54.43,55.12,1423145
21/02/2018 16:00:00,55.32,56.7,55.32,55.57,1512910
22/02/2018 16:00:00,55.81,56.14,55.13,55.33,1317166
23/02/2018 16:00:00,55.63,56.36,55.24,56.34,1260968
26/02/2018 16:00:00,56.39,57.2,56.33,57.19,1559079
27/02/2018 16:00:00,57.06,57.2,55.9,55.91,1774080
28/02/2018 16:00:00,56.15,56.38,55.16,55.24,1882600
01/03/2018 16:00:00,55.39,55.51,53.35,53.48,2515910
02/03/2018 16:00:00,52.65,54.1,52.41,53.95,2271551
05/03/2018 16:00:00,53.76,54.86,53.45,54.55,1202174
06/03/2018 16:00:00,54.96,55.09,54.49,54.75,1532783
07/03/2018 16:00:00,54.46,55.61,54.27,55.48,1292537
08/03/2018 16:00:00,55.77,56.38,55.64,56.3,1355125
09/03/2018 16:00:00,56.8,58.04,56.62,58,2128038
12/03/2018 16:00:00,58.19,58.85,57.87,58.23,2172272
13/03/2018 16:00:00,58.5,58.84,56.67,56.91,1907171
14/03/2018 16:00:00,57.26,57.93,57.07,57.47,1291415
15/03/2018 16:00:00,57.5,58.05,56.73,57.48,1472226
16/03/2018 16:00:00,57.71,57.79,56.6,56.79,3091954
19/03/2018 16:00:00,56,56.1,54.45,54.99,2805937
20/03/2018 16:00:00,54.95,55.26,54.17,54.89,1831896
21/03/2018 16:00:00,54.64,55.31,54.26,54.54,1878873
22/03/2018 16:00:00,54.09,54.15,52.3,52.45,2666964
23/03/2018 16:00:00,52.35,53.17,51.06,51.08,2156672
26/03/2018 16:00:00,52.3,52.78,50.42,52.66,2665131
27/03/2018 16:00:00,53.15,53.24,49.85,50.26,3095315
28/03/2018 16:00:00,49.9,51.21,49.03,50.23,3369275
29/03/2018 16:00:00,50.58,52.15,50.15,51.59,2726830
02/04/2018 16:00:00,51.14,51.74,49.52,50.32,2680400
03/04/2018 16:00:00,50.7,51.05,49.7,50.67,2275076
04/04/2018 16:00:00,49.67,51.44,49.65,51.26,2484651
05/04/2018 16:00:00,52.07,52.14,51.01,51.39,1363049
06/04/2018 16:00:00,51,51.57,50.15,50.35,1746430
09/04/2018 16:00:00,50.84,51.98,50.7,50.77,1751559
10/04/2018 16:00:00,51.32,51.81,50.57,51.58,2029648
11/04/2018 16:00:00,51.4,51.57,50.79,51,1483881
12/04/2018 16:00:00,51.25,52.03,51.07,51.63,1359389
13/04/2018 16:00:00,52.04,52.32,51.15,51.46,1223017
16/04/2018 16:00:00,51.85,52.16,51.34,51.9,1211208
17/04/2018 16:00:00,52.57,53.89,52.41,53.71,2320266
18/04/2018 16:00:00,53.87,53.87,53.31,53.6,1344138
19/04/2018 16:00:00,53.47,54.71,53.41,54.39,1747671
20/04/2018 16:00:00,54.1,54.62,53.48,53.65,1889686
23/04/2018 16:00:00,53.89,54.14,53.04,53.37,2341258
24/04/2018 16:00:00,52.6,52.85,50.53,51,4760260
25/04/2018 16:00:00,51.28,51.62,50.77,51.06,2391105
26/04/2018 16:00:00,51.48,52.4,50.91,52,2079533
27/04/2018 16:00:00,52.3,52.48,51.28,51.5,1619796
30/04/2018 16:00:00,51.5,51.85,50.84,50.87,1671254
01/05/2018 16:00:00,50.68,51.92,50.41,51.87,1427857
02/05/2018 16:00:00,51.41,52.02,51.14,51.22,1603081
03/05/2018 16:00:00,50.95,51.48,50.31,51.19,1815058
04/05/2018 16:00:00,50.85,52.43,50.85,52.41,1938658
07/05/2018 16:00:00,52.46,53.08,52.36,52.74,1466065
08/05/2018 16:00:00,52.93,53.03,52.36,52.7,1217721
09/05/2018 16:00:00,52.91,54.27,52.82,54.14,2032818
10/05/2018 16:00:00,54.3,55.02,54.28,54.88,1443025
11/05/2018 16:00:00,54.68,55.07,54.55,54.91,1253665
14/05/2018 16:00:00,55,55.54,54.96,55.01,1518077
15/05/2018 16:00:00,54.5,54.5,53.67,53.96,1494872
16/05/2018 16:00:00,53.87,54.46,53.81,54.09,1097317
17/05/2018 16:00:00,53.99,54.34,53.68,53.93,1043766
18/05/2018 16:00:00,53.09,53.5,53.03,53.32,1565240
21/05/2018 16:00:00,53.7,54.4,53.68,53.98,1023211
22/05/2018 16:00:00,54.18,54.33,53.33,53.49,1090002
23/05/2018 16:00:00,53.26,54.04,53.09,53.98,1060683
24/05/2018 16:00:00,53.95,54.02,53.31,53.96,766773
25/05/2018 16:00:00,53.95,54.13,53.69,53.78,899406
29/05/2018 16:00:00,53.24,53.67,52.76,53.02,1865139
30/05/2018 16:00:00,53.15,53.46,52.84,53.39,1138457
31/05/2018 16:00:00,53.38,54.86,53.38,54.25,3088305
01/06/2018 16:00:00,54.97,56,54.93,55.98,2421598
04/06/2018 16:00:00,56.12,57.09,56.1,56.96,1889579
05/06/2018 16:00:00,57.05,57.29,56.66,56.98,1677973
06/06/2018 16:00:00,57.11,57.15,56.29,56.84,1698247
07/06/2018 16:00:00,56.57,56.79,55.83,56.19,1520020
08/06/2018 16:00:00,55.91,56.33,55.61,56.04,1290845
11/06/2018 16:00:00,55.93,56.86,55.93,56.5,1079294
12/06/2018 16:00:00,56.55,56.99,56.54,56.97,912018
13/06/2018 16:00:00,57.06,57.33,56.67,56.74,1506407
14/06/2018 16:00:00,57.19,57.77,57.03,57.61,1350868
15/06/2018 16:00:00,57.44,57.67,57.17,57.61,2122476
18/06/2018 16:00:00,57.18,58.72,57.18,58.67,1413692
19/06/2018 16:00:00,57.93,58.56,57.7,58.4,1621018
20/06/2018 16:00:00,58.77,59.31,58.46,58.49,1648536
21/06/2018 16:00:00,58.74,58.86,57.61,57.88,1238118
22/06/2018 16:00:00,57.96,58.12,57.36,57.77,1310967
25/06/2018 16:00:00,57.18,57.2,55.64,56.24,2157310
26/06/2018 16:00:00,56.4,56.66,55.83,55.92,1563225
27/06/2018 16:00:00,56.07,56.59,55.18,55.2,1293892
28/06/2018 16:00:00,55.1,56.12,54.8,55.71,1072438
29/06/2018 16:00:00,56,56.41,55.75,55.78,1315121
02/07/2018 16:00:00,54.95,56.4,54.69,56.37,1217311
03/07/2018 13:00:00,56.79,56.79,55,55.14,679034
05/07/2018 16:00:00,55.53,56.38,55.42,56.21,1066685
06/07/2018 16:00:00,56.18,57.05,56.04,57.01,996079
09/07/2018 16:00:00,57.42,57.73,57.17,57.7,908969
10/07/2018 16:00:00,57.85,57.98,57.48,57.64,798412
11/07/2018 16:00:00,57.23,58.21,57.05,57.7,1119993
12/07/2018 16:00:00,57.99,59.22,57.8,59.17,1251884
13/07/2018 16:00:00,59.25,59.77,59,59.44,1222072
16/07/2018 16:00:00,59.47,59.55,58.96,59.19,1055662
17/07/2018 16:00:00,58.61,60.15,58.53,59.94,1610353
18/07/2018 16:00:00,59.83,60.23,59.52,59.79,1393606
19/07/2018 16:00:00,59.55,60,59.17,59.35,1276667
20/07/2018 16:00:00,59.35,59.84,59.21,59.25,1248400
23/07/2018 16:00:00,59.05,60.32,59.05,60.28,2619234
24/07/2018 16:00:00,63.13,63.3,61.78,62.4,3318204
25/07/2018 16:00:00,61.96,63.29,61.96,63.19,2139999
26/07/2018 16:00:00,62.55,63.49,62.45,63.42,2405638
27/07/2018 16:00:00,63.55,63.69,61.55,61.93,2130558
30/07/2018 16:00:00,61.4,61.75,60.57,60.99,1849904
31/07/2018 16:00:00,61,61.38,60.28,60.86,1644722
01/08/2018 16:00:00,61.4,61.67,60.51,61,1567264
02/08/2018 16:00:00,60.3,61.49,60.24,61.31,1531299
03/08/2018 16:00:00,61.48,61.5,60.75,61.19,1089896
06/08/2018 16:00:00,61.25,61.3,60.79,61.24,1081723
07/08/2018 16:00:00,61.85,62.56,61.81,62.11,1493980
08/08/2018 16:00:00,62.02,62.83,61.9,62.28,1370913
09/08/2018 16:00:00,62.5,62.78,62.3,62.46,848601
10/08/2018 16:00:00,62.15,62.28,61.6,61.88,1108919
13/08/2018 16:00:00,61.85,62.46,61.68,61.75,997346
14/08/2018 16:00:00,61.76,62.29,61.26,62.11,1348194
15/08/2018 16:00:00,61.46,61.76,60.48,60.72,1828814
16/08/2018 16:00:00,61.24,61.3,60.13,60.32,1343161
17/08/2018 16:00:00,60.1,60.45,59.41,60.05,1389645
20/08/2018 16:00:00,60.25,60.55,59.73,60.39,870772
21/08/2018 16:00:00,60.4,60.86,60.02,60.08,1205580
22/08/2018 16:00:00,60,60.59,59.95,60.37,887389
23/08/2018 16:00:00,60.36,61.06,60.21,60.27,992604
24/08/2018 16:00:00,60.44,61.08,60.32,61.03,946840
27/08/2018 16:00:00,61.38,62.15,61.29,62.09,1156255
28/08/2018 16:00:00,62.06,62.13,61.43,61.56,1304007
29/08/2018 16:00:00,61.87,62.53,61.82,62.47,1309312
30/08/2018 16:00:00,62.21,62.68,61.63,61.96,1331439
31/08/2018 16:00:00,61.75,61.93,60.56,60.91,1816426
04/09/2018 16:00:00,60.21,60.65,59.63,59.85,1831045
05/09/2018 16:00:00,59.69,59.95,58.1,59.32,2061309
06/09/2018 16:00:00,59.32,59.32,57.6,58.57,1888467
07/09/2018 16:00:00,57.93,58.76,57.86,58.24,1401404
10/09/2018 16:00:00,58.61,58.73,58.01,58.23,1115796
11/09/2018 16:00:00,58.08,58.93,57.81,58.87,1209565
12/09/2018 16:00:00,58.64,58.93,57.92,58.14,1295472
13/09/2018 16:00:00,58.54,58.93,58.14,58.77,1431214
14/09/2018 16:00:00,58.96,59.02,58.42,58.63,943978
17/09/2018 16:00:00,58.51,58.86,57.7,57.8,1306522
18/09/2018 16:00:00,57.85,58.8,57.85,58.06,1203686
19/09/2018 16:00:00,58.25,58.66,57.73,58.55,1191386
20/09/2018 16:00:00,59,59.49,58.67,59.34,1225387
21/09/2018 16:00:00,59.6,59.61,58.3,58.3,4405584
24/09/2018 16:00:00,57.86,58.9,57.35,58.67,1271017
25/09/2018 16:00:00,58.81,59.34,58.4,59.23,977731
26/09/2018 16:00:00,59.26,59.71,58.74,59.02,1462253
27/09/2018 16:00:00,59.34,60.11,59.18,59.73,1260754
28/09/2018 16:00:00,59.59,59.77,59.23,59.67,1380629
01/10/2018 16:00:00,59.99,60.5,59.52,59.77,1357604
02/10/2018 16:00:00,59.55,60.5,59.33,60.01,1687914
03/10/2018 16:00:00,60.25,60.32,59.69,60.15,1256214
04/10/2018 16:00:00,59.77,59.88,57.78,58.41,2209490
05/10/2018 16:00:00,58.38,58.67,57.26,57.87,1184452
08/10/2018 16:00:00,57.51,58.4,56.37,57.45,1932355
09/10/2018 16:00:00,57.31,57.72,56.88,56.94,1308764
10/10/2018 16:00:00,56.55,56.61,54.06,54.06,2675742
11/10/2018 16:00:00,53.65,55.32,53.41,53.97,2950120
12/10/2018 16:00:00,55.4,55.75,54.32,55.5,2101303
15/10/2018 16:00:00,55.45,55.67,54.45,54.61,1372393
16/10/2018 16:00:00,55.23,56.21,55.13,56.06,1928540
17/10/2018 16:00:00,56.32,56.45,55.11,55.78,1467226
18/10/2018 16:00:00,56.09,56.09,53.85,54.4,2094524
19/10/2018 16:00:00,54.67,55.52,54.39,54.82,1267649
22/10/2018 16:00:00,55.15,55.61,54.55,55.06,1514220
23/10/2018 16:00:00,54.04,55.39,53.5,55.18,1848654
24/10/2018 16:00:00,55.21,55.31,52.44,52.54,1982430
25/10/2018 16:00:00,53.59,55.55,53.48,54.78,2545839
26/10/2018 16:00:00,51.85,55.33,51.7,53.57,4187586
29/10/2018 16:00:00,54.12,54.85,49.79,51,3880723
30/10/2018 16:00:00,50.42,51.87,50.04,51.81,3212657
31/10/2018 16:00:00,52.99,54.6,52.85,53.84,2529768
01/11/2018 16:00:00,53.79,54.2,53.12,53.5,1481979
02/11/2018 16:00:00,53.69,54.15,52.73,52.89,1839043
05/11/2018 16:00:00,52.75,52.92,51.06,52,2441430
06/11/2018 16:00:00,51.97,53.22,51.9,52.79,1233306
07/11/2018 16:00:00,53.45,54.77,53.3,54.67,2058356
08/11/2018 16:00:00,54.57,54.66,53.61,54.12,1488182
09/11/2018 16:00:00,53.7,53.78,52.66,53.31,1343313
12/11/2018 16:00:00,53.07,53.11,51.55,51.93,1471758
13/11/2018 16:00:00,52.16,52.83,51.56,51.8,1513702
14/11/2018 16:00:00,52.5,52.73,51.55,52.18,1565945
15/11/2018 16:00:00,52.24,53.59,51.59,53.24,1836084
16/11/2018 16:00:00,52.97,53.35,52.45,53.07,1658116
19/11/2018 16:00:00,52.86,53.04,50.81,51,1858614
20/11/2018 16:00:00,50,51.59,49.8,51.29,2449130
21/11/2018 16:00:00,51.84,52.43,51.67,51.88,1534274
23/11/2018 13:00:00,51.5,51.88,51.12,51.19,691462
26/11/2018 16:00:00,51.92,52.47,51.7,52.43,1942822
27/11/2018 16:00:00,52.05,52.88,51.92,52.22,1803164
28/11/2018 16:00:00,52.44,54.34,51.79,54.31,2475419
29/11/2018 16:00:00,53.8,54.71,53.8,54.42,1468859
30/11/2018 16:00:00,54.45,54.78,53.89,54.72,2580612
03/12/2018 16:00:00,56.16,56.23,55.18,55.32,1990758
04/12/2018 16:00:00,55.16,55.22,52.5,52.54,2345166
06/12/2018 16:00:00,51.71,53.56,51.54,53.44,2769225
07/12/2018 16:00:00,53,53.76,51.43,51.83,2101206
10/12/2018 16:00:00,51.75,52.42,51.16,51.98,1807725
11/12/2018 16:00:00,52.82,53.03,51.99,52.59,1394731
12/12/2018 16:00:00,53.4,54.08,53.14,53.18,1523804
13/12/2018 16:00:00,53.4,53.99,52.7,53.1,1329768
14/12/2018 16:00:00,52.5,53.13,52.04,52.11,1686619
17/12/2018 16:00:00,51.88,52.66,50.4,50.83,2385364
18/12/2018 16:00:00,51.3,52.47,51.07,51.44,2192533
19/12/2018 16:00:00,51.7,53.1,50.4,51.15,2479338
20/12/2018 16:00:00,50.91,51.71,49.82,50.47,2673464
21/12/2018 16:00:00,50.77,51.2,48.68,48.98,4595891
24/12/2018 13:00:00,48.7,50.18,48.51,48.81,1590328
26/12/2018 16:00:00,49.45,52,49.15,51.97,2373270
27/12/2018 16:00:00,50.86,52.19,49.85,52.19,2109777
28/12/2018 16:00:00,52.48,52.78,51.66,51.85,1413772
31/12/2018 16:00:00,52.55,52.64,51.18,51.78,1493722
02/01/2019 16:00:00,50.83,52.62,50.79,52.29,1532608
03/01/2019 16:00:00,52.05,52.85,50.7,50.8,1841066
04/01/2019 16:00:00,51.63,53.54,51.37,53.54,2093894
07/01/2019 16:00:00,53.58,53.7,52.74,53.42,1981874
08/01/2019 16:00:00,53.81,54.23,53.03,53.81,1765267
09/01/2019 16:00:00,54.08,54.13,53.32,53.73,1199272
10/01/2019 16:00:00,53.38,53.56,52.89,53.52,1456421
11/01/2019 16:00:00,53.16,53.19,52.42,52.86,1520756
14/01/2019 16:00:00,52.35,52.58,52.06,52.23,1144263
15/01/2019 16:00:00,52.51,54,52.37,53.86,1463570
16/01/2019 16:00:00,54,54.62,53.97,54.05,1331819
17/01/2019 16:00:00,53.97,54.59,53.68,54.5,1242664
18/01/2019 16:00:00,55,55.42,54.55,54.91,1955559
22/01/2019 16:00:00,54.4,54.58,53.17,53.53,1613527
23/01/2019 16:00:00,53.87,54.25,52.99,53.78,966956
24/01/2019 16:00:00,53.82,53.97,53.04,53.7,1361673
25/01/2019 16:00:00,54.25,54.7,54.09,54.55,1119216
28/01/2019 16:00:00,54.01,54.15,53.19,53.5,1284281
29/01/2019 16:00:00,53.63,53.76,52.79,53.03,1021819
30/01/2019 16:00:00,53.42,54.55,53.34,54.45,1279822
31/01/2019 16:00:00,55.15,55.87,54.77,55.82,1538324
01/02/2019 16:00:00,55.62,56.25,55.24,55.54,1462208
04/02/2019 16:00:00,55.63,56.64,55.45,56.64,2576470
05/02/2019 16:00:00,56.24,57.34,55.86,57.3,3552194
06/02/2019 16:00:00,56.98,57.35,55.64,55.76,2105592
07/02/2019 16:00:00,55.21,55.24,54.3,54.94,2044827
08/02/2019 16:00:00,54.35,54.95,54.33,54.75,1075769
11/02/2019 16:00:00,54.85,55.3,54.64,54.75,1065194
12/02/2019 16:00:00,55.34,56.26,55.29,56.07,1609513
13/02/2019 16:00:00,56.25,56.74,55.93,56.01,1049781
14/02/2019 16:00:00,55.9,56.41,55.52,56.08,947632
15/02/2019 16:00:00,56.5,56.58,55.53,55.68,1449830
19/02/2019 16:00:00,55.5,56.09,55.5,55.93,1046628
20/02/2019 16:00:00,56,56.17,55.26,55.69,1087817
21/02/2019 16:00:00,55.54,55.6,54.63,54.85,1415473
22/02/2019 16:00:00,55.05,55.56,54.78,55.52,1049545
25/02/2019 16:00:00,55.8,55.93,55.36,55.47,1413061
26/02/2019 16:00:00,55.29,55.98,55,55.76,1471743
27/02/2019 16:00:00,55.35,55.9,55.05,55.8,968760
28/02/2019 16:00:00,55.57,56.38,55.55,56,1542609
01/03/2019 16:00:00,56.25,57.15,56.24,57.05,1450316
04/03/2019 16:00:00,57.35,57.91,56.53,57.39,1446047
05/03/2019 16:00:00,57.5,58.48,57.31,58.1,1443174
06/03/2019 16:00:00,58.12,58.38,57.77,57.89,1099289
07/03/2019 16:00:00,57.79,57.84,56.75,57.17,1166559
08/03/2019 16:00:00,56.34,57.35,56.17,57.12,1212489
11/03/2019 16:00:00,57.22,58.81,57.22,58.79,1719192
12/03/2019 16:00:00,58.91,60,58.91,59.66,2013115
13/03/2019 16:00:00,60.03,60.05,59.6,59.67,1435936
14/03/2019 16:00:00,59.73,59.89,59.22,59.28,1172815
15/03/2019 16:00:00,59.67,59.83,59.13,59.22,2459957
18/03/2019 16:00:00,59.17,59.5,58.87,59.21,1292633
19/03/2019 16:00:00,59.44,60,59.29,59.94,1520688
20/03/2019 16:00:00,59.87,61.36,59.81,61.2,2227786
21/03/2019 16:00:00,60.8,61.59,60.66,61.58,1204045
22/03/2019 16:00:00,61.32,61.5,60.14,60.28,1714247
25/03/2019 16:00:00,59.85,60.32,59.35,59.65,1496843
26/03/2019 16:00:00,59.93,60.14,58.84,59.23,1901156
27/03/2019 16:00:00,59.28,59.38,57.97,58.65,1400240
28/03/2019 16:00:00,58.58,58.58,57.97,58.42,1012430
29/03/2019 16:00:00,58.75,58.95,58.14,58.67,1269979
01/04/2019 16:00:00,59.21,59.83,59.1,59.72,1252757
02/04/2019 16:00:00,59.77,60.07,59.29,60.02,827973
03/04/2019 16:00:00,60.37,60.82,60.03,60.3,1017838
04/04/2019 16:00:00,60.3,60.78,60.21,60.75,950747
05/04/2019 16:00:00,60.75,60.81,60.25,60.36,907152
08/04/2019 16:00:00,60.39,60.43,59.99,60.19,860363
09/04/2019 16:00:00,59.8,60.11,59.65,59.86,876381
10/04/2019 16:00:00,60.03,60.19,59.82,60.11,724643
11/04/2019 16:00:00,60.2,60.4,60.01,60.23,710231
12/04/2019 16:00:00,60.5,60.92,60.41,60.89,933794
15/04/2019 16:00:00,60.9,61.21,60.46,61.06,1187519
16/04/2019 16:00:00,61.25,61.54,61.01,61.36,856304
17/04/2019 16:00:00,61.65,62.03,61.39,61.82,1221930
18/04/2019 16:00:00,61.96,62.1,61.73,61.82,1331823
22/04/2019 16:00:00,61.8,62.45,61.42,62.44,807334
23/04/2019 16:00:00,62.53,63.45,62.32,63.23,1319910
24/04/2019 16:00:00,63.21,63.4,62.75,62.8,1018753
25/04/2019 16:00:00,63.24,63.37,62.6,63.17,1107295
26/04/2019 16:00:00,63.45,63.65,63.02,63.61,1241428
29/04/2019 16:00:00,63.7,64.46,63.31,64.38,2499432
30/04/2019 16:00:00,59.25,59.64,58.75,59.42,6207027
01/05/2019 16:00:00,59.4,59.4,58.36,58.4,2642983
02/05/2019 16:00:00,58.39,58.71,57.75,58.13,1944817
03/05/2019 16:00:00,58.68,59.34,58.45,59.27,1980653
06/05/2019 16:00:00,58.31,59.54,58.31,59.47,1563943
07/05/2019 16:00:00,59.02,59.52,58.05,58.71,1551368
08/05/2019 16:00:00,58.6,59.02,58.29,58.31,1309514
09/05/2019 16:00:00,57.95,58.48,57.54,58.12,1185973
10/05/2019 16:00:00,58.18,58.63,57.13,58.21,1314546
13/05/2019 16:00:00,57.1,57.4,56.11,56.6,1860648
14/05/2019 16:00:00,56.86,57.02,55.98,56.02,1836604
15/05/2019 16:00:00,55.89,58.57,55.83,58.21,2289302
16/05/2019 16:00:00,58.23,59.41,58.14,58.95,1531404
17/05/2019 16:00:00,58.42,59.01,58,58.12,1208623
20/05/2019 16:00:00,57.23,57.34,56.57,56.94,1353292
21/05/2019 16:00:00,57.42,57.64,56.9,57.48,1160158
22/05/2019 16:00:00,57.34,57.93,57.29,57.57,914839
23/05/2019 16:00:00,57.03,57.3,56.46,57.04,1199300
24/05/2019 16:00:00,57.37,57.49,56.58,56.67,1112341
28/05/2019 16:00:00,56.7,57.58,56.66,56.71,1365166
29/05/2019 16:00:00,56.38,56.46,55.41,55.82,1538212
30/05/2019 16:00:00,55.78,56.16,55.61,55.9,951873
31/05/2019 16:00:00,55.06,55.48,55.01,55.18,1508203
03/06/2019 16:00:00,53.28,53.28,51.25,51.81,5130576
04/06/2019 16:00:00,52.15,52.8,51.68,52.65,2833483
05/06/2019 16:00:00,52.58,52.68,51.52,52.11,2168439
06/06/2019 16:00:00,52.25,52.37,51.69,52.22,1703244
07/06/2019 16:00:00,52.53,53.55,52.42,53.3,1802370
10/06/2019 16:00:00,53.65,54.63,53.62,54.02,1464248
11/06/2019 16:00:00,54.7,55.1,53.88,53.94,1437063
12/06/2019 16:00:00,53.9,54.05,53.38,53.85,1061255
13/06/2019 16:00:00,54.18,54.71,54.01,54.44,1058000
14/06/2019 16:00:00,54.32,54.63,54.01,54.27,1111643
17/06/2019 16:00:00,54.31,54.96,54.31,54.63,941602
18/06/2019 16:00:00,55.48,55.82,54.95,55.18,1386684
19/06/2019 16:00:00,55.28,55.35,54.67,55.12,1339218
20/06/2019 16:00:00,56,56.01,55.24,55.57,1262011
21/06/2019 16:00:00,55.46,56.21,55.4,56.09,1947591
24/06/2019 16:00:00,55.98,56.1,55.55,55.78,1395696
25/06/2019 16:00:00,55.63,55.72,54.19,54.32,1546913
26/06/2019 16:00:00,54.33,54.65,53.61,53.99,1810869
27/06/2019 16:00:00,54.2,54.36,53.76,53.8,1004477
28/06/2019 16:00:00,53.82,54.05,53.67,54.05,1693450
01/07/2019 16:00:00,54.9,55.38,54.69,54.9,1438504
02/07/2019 16:00:00,55.11,55.59,54.91,55.56,991755
03/07/2019 13:00:00,55.87,56.34,55.69,56.08,767011
05/07/2019 16:00:00,55.89,56.64,55.81,56.58,1264540
08/07/2019 16:00:00,56.26,56.3,55.56,55.82,1236419
09/07/2019 16:00:00,55.59,56.4,55.36,56.24,1330370
10/07/2019 16:00:00,56.56,57.1,56.55,57.02,1209466
11/07/2019 16:00:00,57.16,57.65,56.98,57.21,1195569
12/07/2019 16:00:00,57.2,57.37,56.94,57.25,863973
15/07/2019 16:00:00,57.34,57.54,56.97,57.52,903780
16/07/2019 16:00:00,57.3,57.93,57.25,57.68,1238807
17/07/2019 16:00:00,57.55,57.92,57.29,57.32,1170047
18/07/2019 16:00:00,57.09,57.38,56.64,57.32,1291281
19/07/2019 16:00:00,57.41,57.56,56.48,56.51,1647245
22/07/2019 16:00:00,56.67,56.96,56.21,56.9,1301846
23/07/2019 16:00:00,57.2,57.35,56.59,57.31,1093688
24/07/2019 16:00:00,56.6,57.2,56.35,56.89,1590101
25/07/2019 16:00:00,56.89,57.09,56.05,56.61,2209823
26/07/2019 16:00:00,61.2,63.28,61.2,62.52,4805752
29/07/2019 16:00:00,62.05,62.37,61.41,61.97,2223731
30/07/2019 16:00:00,61.27,61.74,61.17,61.26,1453263
31/07/2019 16:00:00,61.15,61.7,60.39,60.83,1725454
01/08/2019 16:00:00,60.7,61.71,60.29,60.45,1698510
02/08/2019 16:00:00,60.04,60.35,59.45,59.7,1645067
05/08/2019 16:00:00,58.5,58.76,57.01,57.62,2597455
06/08/2019 16:00:00,58.17,59,58,58.5,1709374
07/08/2019 16:00:00,57.8,58.92,57.48,58.7,1444324
08/08/2019 16:00:00,59.14,60.25,58.65,60.24,1467997
09/08/2019 16:00:00,59.9,60.19,59.18,59.4,1065658
12/08/2019 16:00:00,58.96,59.25,58.38,58.74,1003187
13/08/2019 16:00:00,58.57,60.24,58.57,59.86,1318009
14/08/2019 16:00:00,58.82,59.12,58.03,58.21,1578668
15/08/2019 16:00:00,58.18,58.79,58.11,58.36,1224739
16/08/2019 16:00:00,58.98,59.14,58.59,58.88,1349436
19/08/2019 16:00:00,59.5,60.35,59.5,59.92,1232517
20/08/2019 16:00:00,59.76,59.8,59.11,59.13,915605
21/08/2019 16:00:00,59.66,59.95,59.37,59.56,741053
22/08/2019 16:00:00,59.7,59.9,58.93,59.48,947906
23/08/2019 16:00:00,59.1,59.7,57.39,57.56,1688271
26/08/2019 16:00:00,57.86,58.47,57.65,58.44,1226441
27/08/2019 16:00:00,59.03,59.12,58.07,58.39,1077452
28/08/2019 16:00:00,58.09,58.82,57.87,58.55,802243
29/08/2019 16:00:00,59.06,59.8,59.06,59.64,1088858
30/08/2019 16:00:00,59.93,59.93,59.19,59.41,1129959
03/09/2019 16:00:00,58.85,59.34,58.16,58.42,1480420
04/09/2019 16:00:00,58.84,59.17,58.55,59.07,1068968
05/09/2019 16:00:00,59.58,60.65,59.58,60.57,1408601
06/09/2019 16:00:00,60.41,60.6,60.13,60.25,1072143
09/09/2019 16:00:00,60.2,61,59.63,60.22,1471880
10/09/2019 16:00:00,59.76,60.5,59.73,60.3,1260115
11/09/2019 16:00:00,60.17,61.13,60.11,61.01,1307033
12/09/2019 16:00:00,61.22,62.09,61.15,61.71,1725908
13/09/2019 16:00:00,61.57,62.04,61.35,61.98,1301350
16/09/2019 16:00:00,61.48,61.98,61.28,61.57,1053299
17/09/2019 16:00:00,61.52,61.75,61.18,61.46,958112
18/09/2019 16:00:00,61.38,61.78,60.83,61.62,1144333
19/09/2019 16:00:00,61.6,62.22,61.6,61.94,1000155
20/09/2019 16:00:00,61.66,62.17,61.15,61.5,2337269
23/09/2019 16:00:00,61.3,61.95,61.21,61.7,1075253
24/09/2019 16:00:00,62,62.34,60.53,60.94,1591786
25/09/2019 16:00:00,60.79,62.42,60.5,62.33,1593875
26/09/2019 16:00:00,62.1,62.25,61.61,62.07,1561882
27/09/2019 16:00:00,62.15,62.2,60.72,61.25,1354432
30/09/2019 16:00:00,61.05,61.3,60.62,60.95,1419676
01/10/2019 16:00:00,60.95,61.56,60.18,60.26,1358279
02/10/2019 16:00:00,59.85,59.85,58.56,58.83,1639237
03/10/2019 16:00:00,59,59.45,58.12,59.39,1663656
04/10/2019 16:00:00,59.59,60.57,59.46,60.45,1183264
07/10/2019 16:00:00,60.22,60.91,60.19,60.38,867149
08/10/2019 16:00:00,59.88,60.3,59.45,59.46,1141784
09/10/2019 16:00:00,59.97,60.42,59.88,60.12,876632
10/10/2019 16:00:00,59.93,60.75,59.87,60.43,932531
11/10/2019 16:00:00,61.11,61.42,60.69,60.77,1277144
14/10/2019 16:00:00,60.62,61.32,60.59,60.86,882039
15/10/2019 16:00:00,61.02,62.37,61.02,62.15,1395259
16/10/2019 16:00:00,62.06,62.74,61.92,62.18,1168174
17/10/2019 16:00:00,62.55,63.17,62.5,62.65,980510
18/10/2019 16:00:00,62.67,62.94,62.05,62.27,1352839
21/10/2019 16:00:00,62.61,62.73,62.03,62.31,1038042
22/10/2019 16:00:00,62.39,62.53,62.07,62.14,1047851
23/10/2019 16:00:00,62.12,62.99,62.12,62.96,928595
24/10/2019 16:00:00,63.05,63.2,62.69,63.05,1039868
25/10/2019 16:00:00,62.55,63.48,62.5,63.26,1213051
28/10/2019 16:00:00,63.77,64.97,63.63,64.5,2613237
29/10/2019 16:00:00,63.81,64.08,62.86,63.13,1886380
30/10/2019 16:00:00,62.65,63.47,62.6,63.06,1408851
31/10/2019 16:00:00,63.06,63.38,62.54,63.01,1455651
01/11/2019 16:00:00,63.25,63.73,63.03,63.69,1670072
04/11/2019 16:00:00,63.82,64.71,63.82,64.57,1500964
05/11/2019 16:00:00,64.64,64.95,64.56,64.6,1282711
06/11/2019 16:00:00,64.47,64.69,64.13,64.59,1152977
07/11/2019 16:00:00,64.71,66.19,64.71,65.44,2029970
08/11/2019 16:00:00,65.26,65.9,65.22,65.57,1251916
11/11/2019 16:00:00,65.16,65.32,64.87,64.96,1012429
12/11/2019 16:00:00,65,65.5,64.79,64.94,1085859
13/11/2019 16:00:00,64.7,65.22,64.68,64.9,853861
14/11/2019 16:00:00,64.88,65.85,64.78,65.57,1194305
15/11/2019 16:00:00,65.95,66.74,65.71,66.74,1782955
18/11/2019 16:00:00,66.61,66.78,65.88,66.04,1488083
19/11/2019 16:00:00,66.39,66.39,65.64,65.77,1269372
20/11/2019 16:00:00,65.59,65.75,64.56,65.15,1309835
21/11/2019 16:00:00,65.07,65.63,64.65,65.07,995499
22/11/2019 16:00:00,65.28,65.44,64.57,64.77,1386506
25/11/2019 16:00:00,64.96,65.57,64.91,65.33,1036487
26/11/2019 16:00:00,65.49,65.74,65.25,65.68,1069795
27/11/2019 16:00:00,65.75,65.92,65.48,65.65,996329
29/11/2019 13:00:00,65.36,65.51,65.2,65.25,586981
02/12/2019 16:00:00,65.05,65.29,64.05,64.5,1511851
03/12/2019 16:00:00,63.98,64.92,63.95,64.76,1268647
04/12/2019 16:00:00,65.35,66.29,65.24,66.03,1538110
05/12/2019 16:00:00,66.4,66.47,65.82,66.41,1212818
06/12/2019 16:00:00,66.67,67.2,66.67,67.03,1315510
09/12/2019 16:00:00,66.9,67.97,66.89,67.18,1355795
10/12/2019 16:00:00,67.08,67.5,66.8,67.23,1094653
11/12/2019 16:00:00,67.54,67.56,67.13,67.25,850796
12/12/2019 16:00:00,67.3,67.79,67.03,67.51,1281722
13/12/2019 16:00:00,67.4,67.65,67.19,67.39,1550028
16/12/2019 16:00:00,67.83,68.23,67.63,68.06,1397451
17/12/2019 16:00:00,68.14,68.25,67.57,67.76,1855259
18/12/2019 16:00:00,67.83,68.02,67.55,67.63,1656695
19/12/2019 16:00:00,67.59,67.91,67.45,67.8,1470112
20/12/2019 16:00:00,68.17,68.18,67.45,67.48,3316905
23/12/2019 16:00:00,67.79,67.99,67.33,67.44,883200
24/12/2019 13:00:00,67.43,67.51,67.14,67.18,347518
26/12/2019 16:00:00,67.31,68.07,67.22,68.02,667754
27/12/2019 16:00:00,68.15,68.23,67.47,67.59,1038718
30/12/2019 16:00:00,67.5,67.65,66.7,66.81,1051323
31/12/2019 16:00:00,66.51,66.9,66.45,66.85,962468
02/01/2020 16:00:00,67.08,68.41,67.08,68.37,1406731
03/01/2020 16:00:00,67.39,68.63,67.28,68.03,1187006
06/01/2020 16:00:00,67.5,69.83,67.5,69.71,1733149
07/01/2020 16:00:00,69.9,70.15,69.52,69.67,1511693
08/01/2020 16:00:00,69.6,70.58,69.54,70.22,1529177
09/01/2020 16:00:00,71.03,71.37,70.51,70.99,1502664
10/01/2020 16:00:00,71.38,71.75,70.92,71.49,1821566
13/01/2020 16:00:00,71.81,72.03,71.3,71.96,1653482
14/01/2020 16:00:00,71.95,72.09,71.42,71.54,1560453
15/01/2020 16:00:00,71.51,72.07,71.51,71.96,1282685
16/01/2020 16:00:00,72.37,72.6,72.05,72.58,1173688
17/01/2020 16:00:00,73.15,74.06,72.91,74.02,2396215
21/01/2020 16:00:00,73.96,74.59,73.56,74.22,2036780
22/01/2020 16:00:00,74.55,75.16,74.25,74.3,1610846
23/01/2020 16:00:00,74.38,74.78,74.11,74.33,1351354
24/01/2020 16:00:00,74.68,74.77,73.26,73.34,1784644
27/01/2020 16:00:00,71.55,71.9,71.06,71.69,1755201
28/01/2020 16:00:00,72.15,72.8,71.62,72.63,1577422
29/01/2020 16:00:00,72.94,73.27,72.34,72.93,1078667
30/01/2020 16:00:00,72,72.86,71.82,72.79,1339421
31/01/2020 16:00:00,73.44,73.51,71.43,71.71,2417214
03/02/2020 16:00:00,73.1,74.5,72.95,74.3,3055216
04/02/2020 16:00:00,72.85,73.47,71.32,72.35,3932954
05/02/2020 16:00:00,73.12,73.19,71.53,72.41,1986157
06/02/2020 16:00:00,72.52,74.1,72.48,73.81,1679384
07/02/2020 16:00:00,73.36,74.29,73.32,73.96,1172270
10/02/2020 16:00:00,73.72,75.47,73.72,75.43,1419876
11/02/2020 16:00:00,75.59,76.48,75.28,75.44,1344633
12/02/2020 16:00:00,75.72,76.03,75.41,75.91,1167565
13/02/2020 16:00:00,75.63,76.36,75.23,75.73,929730
14/02/2020 16:00:00,75.78,76.04,75.37,76.04,1197836
18/02/2020 16:00:00,75.75,76.58,75.63,75.98,1121140
19/02/2020 16:00:00,76.25,76.61,76.07,76.33,949268
20/02/2020 16:00:00,76.1,76.48,75.34,75.91,1096552
21/02/2020 16:00:00,75.4,75.61,74.02,74.26,1732273
24/02/2020 16:00:00,71.31,71.85,70.57,71.08,2867053
25/02/2020 16:00:00,71.65,71.91,69.12,69.42,2478278
26/02/2020 16:00:00,69.81,70.79,68.95,69.66,2204037
27/02/2020 16:00:00,68.1,68.59,65.86,65.9,2978300
28/02/2020 16:00:00,63.88,67.06,63.55,66.97,3790618
02/03/2020 16:00:00,67.58,69.54,66.34,69.46,2431468
03/03/2020 16:00:00,69.97,70.51,66.6,67.07,2402326
04/03/2020 16:00:00,67.96,69.4,67.16,69.33,1913315
05/03/2020 16:00:00,67.51,67.95,65.26,65.95,2561288
06/03/2020 16:00:00,63.85,65.31,63.05,64.92,2660628
09/03/2020 16:00:00,60.27,62.74,60,60.78,3365365
10/03/2020 16:00:00,63,64.06,60.94,64.02,2611373
11/03/2020 16:00:00,62.49,63.05,59.8,60.77,2611229
12/03/2020 16:00:00,56.3,59.69,55.67,55.75,4226748
13/03/2020 16:00:00,58.95,60.99,55.86,60.99,3700125
16/03/2020 16:00:00,54.8,57.61,53.72,54.22,4252365
17/03/2020 16:00:00,54.66,56.54,52.8,55.99,3861489
18/03/2020 16:00:00,52.83,55.33,51.86,54.84,4233435
19/03/2020 16:00:00,54.65,57.9,53.01,55.76,3651106
20/03/2020 16:00:00,56.79,57.2,53.27,53.62,3601750
23/03/2020 16:00:00,53.07,53.57,50.68,52.83,4044137
24/03/2020 16:00:00,55.19,56.75,54.53,56.72,3344450
25/03/2020 16:00:00,56.32,57.45,54.3,55.12,4081528
26/03/2020 16:00:00,55.59,58.5,54.68,58.09,3573755
27/03/2020 16:00:00,56.28,57.53,55.3,55.54,3208495
30/03/2020 16:00:00,56.25,57.58,54.82,57.34,2574061
31/03/2020 16:00:00,57.37,58.77,56.91,58.14,2487983
01/04/2020 16:00:00,56.1,56.48,54.87,55.28,2344173
02/04/2020 16:00:00,54.91,56.34,54.82,56.04,1964881
03/04/2020 16:00:00,55.95,56.18,53.99,54.89,2313400
06/04/2020 16:00:00,56.9,59.73,56.55,59.35,2664723
07/04/2020 16:00:00,61.05,61.25,59.11,59.33,2387329
08/04/2020 16:00:00,60.33,60.95,59.41,60.51,1975135
09/04/2020 16:00:00,61.2,61.28,59.84,60.57,2175421
13/04/2020 16:00:00,60.46,61.03,59.38,60.88,1739828
14/04/2020 16:00:00,62.25,64.1,61.85,63.46,2470353
15/04/2020 16:00:00,62.28,64.02,62.02,63.12,1671703
16/04/2020 16:00:00,63.71,63.95,62.13,63.17,2518099
17/04/2020 16:00:00,64.24,64.72,63.56,64.16,1949042
20/04/2020 16:00:00,63.55,64.08,63.07,63.33,1695488
21/04/2020 16:00:00,62.35,62.71,60.49,60.82,2153003
22/04/2020 16:00:00,62.28,64.28,62.1,63.16,2093140
23/04/2020 16:00:00,63.58,64.67,63.28,63.82,1566203
24/04/2020 16:00:00,63.06,64.02,62.47,63.97,1640394
27/04/2020 16:00:00,64.8,64.81,63.45,63.79,1600563
28/04/2020 16:00:00,64.4,64.4,61.61,61.68,2951309
29/04/2020 16:00:00,67.07,68,66.27,67.07,3793630
30/04/2020 16:00:00,66.24,67.64,66.12,67.43,2668906
01/05/2020 16:00:00,66.43,67.6,65.55,66.03,2072639
04/05/2020 16:00:00,65.41,66.38,64.95,66.34,1504017
05/05/2020 16:00:00,66.9,68.7,66.87,67.56,1651533
06/05/2020 16:00:00,68.08,68.56,67.36,67.36,1215423
07/05/2020 16:00:00,68.3,68.88,67.76,68.63,1399759
08/05/2020 16:00:00,69.16,69.94,68.77,69.42,1388068
11/05/2020 16:00:00,68.91,70.83,68.86,70.16,1412116
12/05/2020 16:00:00,70.36,70.75,68.74,68.79,1390600
13/05/2020 16:00:00,68.85,69.27,66.42,67.47,1812585
14/05/2020 16:00:00,66.75,67.87,66.2,67.81,1603077
15/05/2020 16:00:00,67.5,68.72,66.95,68.66,1707747
18/05/2020 16:00:00,68.09,69.62,67.71,69.2,1823964
19/05/2020 16:00:00,69.35,69.6,68.67,68.67,1280649
20/05/2020 16:00:00,69.48,70.52,69.36,70.34,1655375
21/05/2020 16:00:00,70.4,70.77,69.67,70.14,1385194
22/05/2020 16:00:00,69.84,70.64,69.59,70.52,1309408
26/05/2020 16:00:00,71.86,72.05,70.61,70.85,2060643
27/05/2020 16:00:00,70.86,71.09,69.56,70.89,1686142
28/05/2020 16:00:00,69.84,72.04,69.8,70.84,1693976
29/05/2020 16:00:00,70.85,71.63,70.67,71.45,1838059
01/06/2020 16:00:00,70.92,71.9,70.9,71.59,1217140
02/06/2020 16:00:00,71.53,71.98,70.94,71.96,1278128
03/06/2020 16:00:00,71.92,72.33,71.49,71.82,1256186
04/06/2020 16:00:00,71.52,71.95,70.24,70.61,1484272
05/06/2020 16:00:00,70.66,72.25,70.3,71.92,1735244
08/06/2020 16:00:00,71.12,72.4,71.12,72.33,1404178
09/06/2020 16:00:00,72.27,73.4,72.16,72.81,1409249
10/06/2020 16:00:00,72.98,73.71,72.81,73.29,1525153
11/06/2020 16:00:00,72.12,72.72,70.1,70.19,1991332
12/06/2020 16:00:00,71.42,71.85,69.3,70.66,1946367
15/06/2020 16:00:00,69.54,71.24,69.4,70.99,1506096
16/06/2020 16:00:00,72.26,72.75,71.3,72.14,1711614
17/06/2020 16:00:00,72.36,73,71.57,72.56,1549615
18/06/2020 16:00:00,72.46,72.57,71.35,71.8,1581916
19/06/2020 16:00:00,72.2,72.39,71.07,71.59,3157875
22/06/2020 16:00:00,71.45,72.64,71.16,72.59,1542440
23/06/2020 16:00:00,72.78,73.8,72.26,73.22,1429764
24/06/2020 16:00:00,73.08,73.77,71.49,71.6,1756022
25/06/2020 16:00:00,71.5,72.15,71,72.07,1230474
26/06/2020 16:00:00,71.57,71.67,67.6,68,4267698
29/06/2020 16:00:00,67.91,69.78,67.35,69.75,1810180
30/06/2020 16:00:00,69.52,70.93,69.2,70.68,2042381
01/07/2020 16:00:00,70.56,72.15,70.49,71.9,1775167
02/07/2020 16:00:00,72.35,74.15,72.32,73.24,1859480
06/07/2020 16:00:00,74,75.33,73.64,74.79,1563997
07/07/2020 16:00:00,74.5,75.84,74.18,74.26,1458172
08/07/2020 16:00:00,74.72,75.29,74.28,74.8,1249658
09/07/2020 16:00:00,75.32,76.14,74.4,75.55,1423322
10/07/2020 16:00:00,75.31,77.19,74.83,77.09,1856704
13/07/2020 16:00:00,77.5,78.86,75.26,75.57,1846424
14/07/2020 16:00:00,74.52,76.15,74.18,76.03,1585016
15/07/2020 16:00:00,76.16,76.77,74.9,75.68,1610684
16/07/2020 16:00:00,75,75.93,74.32,75.9,1519345
17/07/2020 16:00:00,76.08,76.17,74.92,75.78,1457010
20/07/2020 16:00:00,75.76,78.51,75.18,78.29,1557252
21/07/2020 16:00:00,79.35,79.35,77.71,77.92,1218645
22/07/2020 16:00:00,78.03,78.5,77.31,78.42,931985
23/07/2020 16:00:00,78.35,78.59,75.37,75.78,1627634
24/07/2020 16:00:00,74.95,75.88,74.42,75.59,1544404
27/07/2020 16:00:00,75.78,77.05,75.76,76.51,1245980
28/07/2020 16:00:00,76.26,76.32,74.88,75.02,1702174
29/07/2020 16:00:00,75.32,76.56,75.07,76.1,1106534
30/07/2020 16:00:00,74.85,76.89,74.61,76.57,1671396
31/07/2020 16:00:00,75.25,75.45,72.7,74.15,3429036
03/08/2020 16:00:00,74.33,74.52,73.28,73.72,2331514
04/08/2020 16:00:00,73.83,74.28,72.93,73.25,1903489
05/08/2020 16:00:00,73.47,74.12,73.17,73.68,1979957
06/08/2020 16:00:00,73.59,75.12,73.3,75.01,1995368
07/08/2020 16:00:00,75,75.84,74.08,74.72,1577826
10/08/2020 16:00:00,74.36,75.2,73.65,74.81,1289530
11/08/2020 16:00:00,74.62,75.5,73.9,74.02,1454365
12/08/2020 16:00:00,74.28,75.62,74.26,75.33,1437655
13/08/2020 16:00:00,75.52,76.86,75.4,75.92,1455208
14/08/2020 16:00:00,75.78,76.1,75.14,75.39,1355200
17/08/2020 16:00:00,75.73,76.28,75.4,75.9,1378600
18/08/2020 16:00:00,76.31,78.12,76.19,77.93,2027086
19/08/2020 16:00:00,77.67,78.68,77.2,77.38,1660611
20/08/2020 16:00:00,77.17,79.29,76.91,79.09,1706877
21/08/2020 16:00:00,78.85,79.89,78.4,79.02,1446453
24/08/2020 16:00:00,79.7,80.71,79.03,79.41,1410229
25/08/2020 16:00:00,79.1,80.58,79.1,80.41,2132084
26/08/2020 16:00:00,80.4,82.96,80.18,82.62,3581072
27/08/2020 16:00:00,82.68,82.75,81.29,81.72,1861602
28/08/2020 16:00:00,81.67,82.36,81.54,82.22,1499782
31/08/2020 16:00:00,82.39,82.4,81.52,81.71,1823406
01/09/2020 16:00:00,81.83,83.29,81.61,83.04,1826655
02/09/2020 16:00:00,83.69,86.66,83.32,86.41,2511180
03/09/2020 16:00:00,85.49,85.49,80.75,82.09,3107763
04/09/2020 16:00:00,81.21,82.26,77.38,79.55,2608568
08/09/2020 16:00:00,76.68,78.19,76.4,76.62,2610884
09/09/2020 16:00:00,77.88,78.45,76.8,77.85,1774704
10/09/2020 16:00:00,78.03,79.2,76.29,76.6,1618557
11/09/2020 16:00:00,76.8,78.76,74.87,76.04,1597087
14/09/2020 16:00:00,76.95,78.2,75.79,75.96,1696589
15/09/2020 16:00:00,76.8,77.98,76.59,77.07,1331082
16/09/2020 16:00:00,77.78,78.1,75.99,76.05,1312299
17/09/2020 16:00:00,74.8,75.41,73.5,74.78,1879751
18/09/2020 16:00:00,74.9,75.15,71.86,73,3103882
21/09/2020 16:00:00,72,72.42,70.33,71.56,2888827
22/09/2020 16:00:00,72.5,73.48,71.73,73.27,1583201
23/09/2020 16:00:00,72.94,73.05,70.39,70.76,1657350
24/09/2020 16:00:00,70.55,72.19,70.49,71.41,1450216
25/09/2020 16:00:00,71.63,72.5,70.67,72.25,1323375
28/09/2020 16:00:00,73.71,73.84,72.47,73.23,2007941
29/09/2020 16:00:00,73.52,73.83,72.94,73.47,979102
30/09/2020 16:00:00,73.34,74.49,72.99,73.48,1701608
01/10/2020 16:00:00,74.21,74.95,73.96,74.5,1779497
02/10/2020 16:00:00,73.1,74.16,72.55,72.92,1284071
05/10/2020 16:00:00,73.31,74.41,73.21,74.3,1113257
06/10/2020 16:00:00,73.78,74.34,72.43,72.67,1245423
07/10/2020 16:00:00,73.21,73.45,71.8,73.01,1746156
08/10/2020 16:00:00,73.25,74.5,73.25,74.3,1187831
09/10/2020 16:00:00,74.74,75.83,74.47,75.76,1435542
12/10/2020 16:00:00,77.15,79.69,76.63,78.46,2482560
13/10/2020 16:00:00,79.19,79.5,78.16,78.58,1601043
14/10/2020 16:00:00,78.93,79.38,77.53,78.4,1930990
15/10/2020 16:00:00,77.36,78.76,77.25,77.96,1540817
16/10/2020 16:00:00,78.29,79.06,78.15,78.65,1435137
19/10/2020 16:00:00,79.02,79.41,76.4,76.73,1607075
20/10/2020 16:00:00,76.35,78.88,76.28,77.8,2242572
21/10/2020 16:00:00,78.67,80.94,78.58,79.67,2568345
22/10/2020 16:00:00,79.65,81.1,79.25,80.77,1434042
23/10/2020 16:00:00,81.3,82.12,81.03,82.05,1375844
26/10/2020 16:00:00,81.25,81.91,78.83,79.52,1853254
27/10/2020 16:00:00,79.78,80.34,79.14,80.21,1229002
28/10/2020 16:00:00,77.99,78.07,75.73,75.83,1833959
29/10/2020 16:00:00,76.12,79.69,76.11,78.36,2003064
30/10/2020 16:00:00,83.61,84.35,80.22,81.05,4330862
02/11/2020 16:00:00,81.41,83.04,80.8,81.3,2535446
03/11/2020 16:00:00,81.59,83.09,80.83,82.51,1661653
04/11/2020 16:00:00,85.51,88.57,85.3,87.46,3570927
05/11/2020 16:00:00,89.05,89.68,87.53,88.17,2065812
06/11/2020 16:00:00,87.7,88.62,87.02,88.09,1661225
09/11/2020 16:00:00,89.55,90.9,88,88.15,2268270
10/11/2020 16:00:00,86.55,88.15,85.87,87.02,2636142
11/11/2020 16:00:00,87.5,88.21,87.37,87.64,1263966
12/11/2020 16:00:00,87.38,88.41,87.28,87.49,1248754
13/11/2020 16:00:00,87.88,89.05,87.23,88.85,1500574
16/11/2020 16:00:00,88.59,89.95,88.38,89.07,1246785
17/11/2020 16:00:00,88.85,89.25,88.35,88.51,1147114
18/11/2020 16:00:00,88.26,88.67,87.31,87.34,1173466
19/11/2020 16:00:00,86.92,88.48,86.85,88.2,1249910
20/11/2020 16:00:00,88.26,88.7,87.09,87.11,2313655
23/11/2020 16:00:00,87.48,87.7,85.89,86.74,2161975
24/11/2020 16:00:00,86.53,88.58,86.38,88.44,1579703
25/11/2020 16:00:00,88.64,88.93,87.83,88.57,1046122
27/11/2020 13:00:00,88.65,90.2,88.62,89.66,884916
30/11/2020 16:00:00,89.06,89.4,87.75,88.04,1823836
01/12/2020 16:00:00,88.72,91.24,88.47,89.91,1739045
02/12/2020 16:00:00,89.91,91.78,89.47,91.4,1222032
03/12/2020 16:00:00,91.2,92.36,91.13,91.34,1227298
04/12/2020 16:00:00,91.23,91.66,90.85,91.4,1378166
07/12/2020 16:00:00,90.95,91.62,90.29,90.97,1320946
08/12/2020 16:00:00,90.51,91.1,89.81,90.93,1096319
09/12/2020 16:00:00,90.6,91.71,88.39,89.21,1507558
10/12/2020 16:00:00,88.49,89.07,87.02,88.77,1362848
11/12/2020 16:00:00,88.15,89.22,88,89.09,1220651
14/12/2020 16:00:00,88.75,89.87,87.86,88,1600173
15/12/2020 16:00:00,88.22,88.57,87.5,88.39,1482261
16/12/2020 16:00:00,88.64,88.65,87.8,88.15,1513543
17/12/2020 16:00:00,88.43,88.59,86.93,87.4,1624744
18/12/2020 16:00:00,87.71,87.76,86.01,86.55,4016353
21/12/2020 16:00:00,85.68,87.04,84.95,86.97,1828378
22/12/2020 16:00:00,86.72,86.87,85.63,86.18,938346
23/12/2020 16:00:00,86.41,87.4,86.25,86.62,1033917
24/12/2020 13:00:00,86.75,87.3,86.46,86.94,346753
28/12/2020 16:00:00,87.58,89.54,87.32,88.8,1393033
29/12/2020 16:00:00,89.39,89.62,87.8,87.94,1299395
30/12/2020 16:00:00,88.1,88.25,86.28,86.98,1306130
31/12/2020 16:00:00,86.77,87.95,86.77,87.59,1012240
04/01/2021 16:00:00,87.88,88.03,85.39,86.41,1901855
05/01/2021 16:00:00,86.25,87.38,85.9,87.05,1145347
06/01/2021 16:00:00,85.13,87.4,84.95,86.76,2602114
07/01/2021 16:00:00,87,89.42,86.85,89.36,2265022
08/01/2021 16:00:00,89.4,90.49,88.68,90.36,2051002
11/01/2021 16:00:00,89.3,89.72,88.03,88.34,1209735
12/01/2021 16:00:00,87.7,88.9,86.27,87.33,1357691
13/01/2021 16:00:00,86.93,88.25,86.9,87.72,1094131
14/01/2021 16:00:00,87.68,88.75,86.67,87.01,1179477
15/01/2021 16:00:00,86.91,87.8,86.08,86.81,1342170
19/01/2021 16:00:00,87.61,90.46,87.07,89.54,1734614
20/01/2021 16:00:00,91.57,95.19,91.28,94.35,2490258
21/01/2021 16:00:00,94.9,96.74,94.36,94.56,2063932
22/01/2021 16:00:00,94.78,95.55,94.09,95.05,1272232
25/01/2021 16:00:00,96.03,96.48,93.38,94.97,1927320
26/01/2021 16:00:00,94.44,96.25,94.21,95.86,1313139
27/01/2021 16:00:00,94.13,94.5,90.45,91.54,2748292
28/01/2021 16:00:00,92.2,94.94,92.13,93.16,1773138
29/01/2021 16:00:00,92.31,92.86,90.51,91.79,1612552
01/02/2021 16:00:00,92.68,96.12,92.55,95.07,1602182
02/02/2021 16:00:00,96.13,97.79,95.72,96.38,2273723
03/02/2021 16:00:00,103.65,105.83,100.92,103.5,4118170
04/02/2021 16:00:00,103.44,103.93,102.13,103.12,1852329
05/02/2021 16:00:00,103.5,105.13,102.97,104.9,1535135
08/02/2021 16:00:00,105.3,106.18,103.6,104.65,1242411
09/02/2021 16:00:00,103.93,105.26,103.93,104.18,889850
10/02/2021 16:00:00,104.71,105.42,103.15,104.77,1135464
11/02/2021 16:00:00,104.98,105.1,103.87,104.79,945650
12/02/2021 16:00:00,104.51,105.44,104.16,105.21,855865
16/02/2021 16:00:00,105.22,107.63,105.22,106.1,1133838
17/02/2021 16:00:00,105,106.68,104.95,106.42,1070941
18/02/2021 16:00:00,105.52,106.64,105.19,105.86,1121855
19/02/2021 16:00:00,105.96,106.53,104.87,105.06,1457612
22/02/2021 16:00:00,103.35,104.57,103.11,103.24,1367533
23/02/2021 16:00:00,101.25,104.1,100.1,103.54,1667377
24/02/2021 16:00:00,102.09,105.04,101.91,104.76,1248349
25/02/2021 16:00:00,103.37,104.74,101.06,101.57,1828432
26/02/2021 16:00:00,102.53,103.55,100.8,101.84,2083801
01/03/2021 16:00:00,102.83,104.33,102.31,104.08,1405115
02/03/2021 16:00:00,103.81,105.22,103.56,103.79,1134595
03/03/2021 16:00:00,103.36,104.43,100.5,101.34,1484181
04/03/2021 16:00:00,101.17,104.46,101.01,102.45,2118006
05/03/2021 16:00:00,103.66,105.91,102.32,105.43,2195218
08/03/2021 16:00:00,105.06,106.44,101.08,101.21,1647429
09/03/2021 16:00:00,103.5,103.9,102.39,102.64,1697306
10/03/2021 16:00:00,103.59,103.75,101.67,102.75,1268592
11/03/2021 16:00:00,103.7,106.29,103.62,105.74,1239080
12/03/2021 16:00:00,104.25,104.51,102.38,103.1,1725794
15/03/2021 16:00:00,103.12,103.35,102.18,103.32,1298325
16/03/2021 16:00:00,103.95,106.18,103.5,104.63,1491564
17/03/2021 16:00:00,103.8,105.49,102.7,104.55,1299016
18/03/2021 16:00:00,103.05,103.78,101.68,101.81,1362430
19/03/2021 16:00:00,102.1,102.66,100.88,102.16,2314893
22/03/2021 16:00:00,102.09,102.9,101.3,101.93,1954816
23/03/2021 16:00:00,102.59,103.62,101.96,102.65,1366997
24/03/2021 16:00:00,103.27,103.91,102.08,102.25,1154029
25/03/2021 16:00:00,102.24,102.94,100.54,102.22,1418907
26/03/2021 16:00:00,101.94,102.55,100.7,101.78,1493800
29/03/2021 16:00:00,101.39,102.92,100.78,102.8,1229777
30/03/2021 16:00:00,102.88,103.54,102.2,102.78,1036774
31/03/2021 16:00:00,102.96,104.67,102.84,103.43,1459930
01/04/2021 16:00:00,104.9,107.15,104.84,106.89,1698978
05/04/2021 16:00:00,107.65,111.87,107.58,111.28,2164875
06/04/2021 16:00:00,111.13,111.88,110.74,111.24,1353036
07/04/2021 16:00:00,111.31,112.75,111.27,112.48,1289861
08/04/2021 16:00:00,113.9,114.2,112.88,113.27,1358259
09/04/2021 16:00:00,112.84,114.45,112.69,114.29,1044365
12/04/2021 16:00:00,113.31,113.77,111.92,112.74,1565851
13/04/2021 16:00:00,113.07,113.86,112.8,113.36,1165804
14/04/2021 16:00:00,113.76,113.9,112.46,112.74,1010967
15/04/2021 16:00:00,113.85,115.33,113.3,114.83,1373612
16/04/2021 16:00:00,115.15,115.32,114.22,114.89,1130090
19/04/2021 16:00:00,114.6,115.92,114.39,115.12,1234445
20/04/2021 16:00:00,115.39,115.48,113.59,114.68,1088749
21/04/2021 16:00:00,114.26,114.77,112.93,114.66,1196731
22/04/2021 16:00:00,114.66,115.19,112.82,113.4,1054808
23/04/2021 16:00:00,114.17,116.29,113.91,115.77,1435162
26/04/2021 16:00:00,116,117.06,115.69,116.34,1041650
27/04/2021 16:00:00,116.8,116.87,115.21,115.36,1598583
28/04/2021 16:00:00,120.36,122.62,118.74,119,2986439
29/04/2021 16:00:00,120.52,121.83,120.11,121.49,1977677
30/04/2021 16:00:00,120.22,121.36,120.11,120.51,1957130
03/05/2021 16:00:00,120.14,120.99,119.23,119.76,1689389
04/05/2021 16:00:00,118.49,118.96,115.59,117.71,1756015
05/05/2021 16:00:00,118.42,119.11,117.57,117.84,1090275
06/05/2021 16:00:00,117.53,119.14,117.12,119.07,1030859
07/05/2021 16:00:00,120,120.82,119.5,119.93,1163892
10/05/2021 16:00:00,118.74,118.9,116.74,117.08,1300271
11/05/2021 16:00:00,114.59,116.1,114.15,115.44,1605548
12/05/2021 16:00:00,113.09,114.27,111.5,111.95,1746664
13/05/2021 16:00:00,113.05,113.83,112.14,113.1,1333508
14/05/2021 16:00:00,114.59,116.06,114.17,115.81,1331248
17/05/2021 16:00:00,115.47,116.17,114.75,116.07,992416
18/05/2021 16:00:00,116.85,117.16,115.16,115.17,865119
19/05/2021 16:00:00,113.22,115.84,113.18,115.44,967544
20/05/2021 16:00:00,116.4,118.02,116.05,117.8,1191593
21/05/2021 16:00:00,118.3,118.45,117.12,117.26,1141632
24/05/2021 16:00:00,118.35,120.92,118.01,120.33,1062189
25/05/2021 16:00:00,121,121.64,120.15,120.45,941928
26/05/2021 16:00:00,120.64,122.15,120.63,121.68,1092819
27/05/2021 16:00:00,121.85,122,120.1,120.13,1948113
28/05/2021 16:00:00,121.1,121.41,120.38,120.58,1205382
01/06/2021 16:00:00,121.1,121.9,120.24,121.49,958289
02/06/2021 16:00:00,121.77,122.1,120.21,121.06,858105
03/06/2021 16:00:00,119.75,120.49,119.14,120.23,917291
04/06/2021 16:00:00,121.13,122.69,120.89,122.59,1297434
07/06/2021 16:00:00,122.57,123.4,122.05,123.3,1192453
08/06/2021 16:00:00,124,124.72,123.41,124.14,1253253
09/06/2021 16:00:00,124.98,125.25,124.37,124.57,1006337
10/06/2021 16:00:00,124.7,126.16,124.7,126.08,1561733
11/06/2021 16:00:00,126.25,126.35,124.91,125.7,1262309
14/06/2021 16:00:00,125.67,126.41,125.05,126.35,1127522
15/06/2021 16:00:00,126.52,126.86,125.65,126.03,1109130
16/06/2021 16:00:00,126.25,126.52,124.15,125.7,1315838
17/06/2021 16:00:00,125.52,127.2,125.52,126.37,1287791
18/06/2021 16:00:00,125.71,126.39,124.6,125.57,2665310
21/06/2021 16:00:00,125.74,127.04,125.13,126.46,1312826
22/06/2021 16:00:00,126.45,127.27,126.03,127,1049310
23/06/2021 16:00:00,126.55,127.8,126.25,126.46,984658
24/06/2021 16:00:00,127.05,127.54,126.96,127.28,946662
25/06/2021 16:00:00,126.96,127.51,126.44,127,1674297
28/06/2021 16:00:00,127,127.34,125.97,126.82,1405543
29/06/2021 16:00:00,126.77,127,125.44,126.02,1047478
30/06/2021 16:00:00,125.65,125.8,124.76,125.32,1200478
01/07/2021 16:00:00,124.85,126.46,124.85,126.37,856230
02/07/2021 16:00:00,126.84,128.85,126.77,128.72,1058256
06/07/2021 16:00:00,129.45,129.88,128.41,129.77,1067517
07/07/2021 16:00:00,130.34,130.64,129.76,130.08,834186
08/07/2021 16:00:00,128.25,130.03,128.04,129.18,988975
09/07/2021 16:00:00,128.94,129.85,128.94,129.57,755466
12/07/2021 16:00:00,129.83,130.77,129.6,130.56,847546
13/07/2021 16:00:00,130.88,132.04,130.64,130.99,830898
14/07/2021 16:00:00,131.9,133,131.9,132.08,895927
15/07/2021 16:00:00,132.5,132.6,130.6,131.27,829316
16/07/2021 16:00:00,131.64,132.18,130.82,131.85,743059
19/07/2021 16:00:00,131.16,131.25,128.54,129.25,1285466
20/07/2021 16:00:00,130,132,129.19,131.1,954156
21/07/2021 16:00:00,130.79,132.62,130.6,132.6,737082
22/07/2021 16:00:00,132.65,133.5,132.4,133.33,680407
23/07/2021 16:00:00,135.26,138.81,134.7,137.82,1318887
26/07/2021 16:00:00,138.25,139.71,137.65,139.64,1152623
27/07/2021 16:00:00,140.01,140.01,135.1,136.8,2108153
28/07/2021 16:00:00,138.56,139.68,136.35,136.38,2734417
29/07/2021 16:00:00,136.38,137.15,136.14,136.54,964167
30/07/2021 16:00:00,135.51,135.77,134.81,135.22,1197725
02/08/2021 16:00:00,135.48,136.02,134.67,135.99,1007002
03/08/2021 16:00:00,136,136.34,134.18,136.28,953200
04/08/2021 16:00:00,136.25,136.54,135.42,136.03,826357
05/08/2021 16:00:00,136.03,136.95,135.6,136.94,593589
06/08/2021 16:00:00,136.29,137.08,136.05,137.04,678251
09/08/2021 16:00:00,136.95,138.32,136.43,138,618978
10/08/2021 16:00:00,138.08,138.55,137.23,138.1,801954
11/08/2021 16:00:00,138.28,138.85,137.35,137.69,760483
12/08/2021 16:00:00,137.71,138.42,136.78,138.39,732470
13/08/2021 16:00:00,138.36,138.67,138.01,138.41,629029
16/08/2021 16:00:00,138,138.99,136.17,138.92,902542
17/08/2021 16:00:00,138.19,138.72,136.79,137.3,1063701
18/08/2021 16:00:00,137.12,138.29,136.42,136.57,746723
19/08/2021 16:00:00,135.47,137.45,135.36,136.91,914796
20/08/2021 16:00:00,137.08,138.61,136.47,138.44,778337
23/08/2021 16:00:00,139,142.18,138.75,141.1,1054484
24/08/2021 16:00:00,141.54,143.01,141.35,142.4,756313
25/08/2021 16:00:00,142.88,143.31,142.44,142.95,642153
26/08/2021 16:00:00,142.62,143.13,142.09,142.12,746100
27/08/2021 16:00:00,142.11,145.01,142.02,144.55,1228412
30/08/2021 16:00:00,144.7,146.49,144.6,145.47,845795
31/08/2021 16:00:00,145.88,146.11,145,145.46,1337821
01/09/2021 16:00:00,145.65,146.82,145.61,145.84,791234
02/09/2021 16:00:00,145.95,146.32,144.11,144.22,1092790
03/09/2021 16:00:00,144.15,145.38,143.51,144.78,955524
07/09/2021 16:00:00,144.75,145.82,144.54,145.52,758630
08/09/2021 16:00:00,145.39,145.55,144.2,144.88,774583
09/09/2021 16:00:00,144.88,145.67,144.43,144.91,739928
10/09/2021 16:00:00,145.44,146.02,141.74,141.92,1644831
13/09/2021 16:00:00,143.2,144.19,142.28,143.47,1008781
14/09/2021 16:00:00,144.16,144.73,142.91,143.41,945957
15/09/2021 16:00:00,143.76,145.58,142.26,145.21,1032671
16/09/2021 16:00:00,145.12,145.2,143.42,144.37,1014942
17/09/2021 16:00:00,143.8,144.25,141.06,141.46,3001991
20/09/2021 16:00:00,139,139.36,137.05,139.02,1745886
21/09/2021 16:00:00,140.12,140.81,138.91,139.65,906469
22/09/2021 16:00:00,140.05,141.58,139.47,140.94,1103390
23/09/2021 16:00:00,141.61,142.25,141.1,141.83,863805
24/09/2021 16:00:00,140.95,142.9,140.85,142.63,747467
27/09/2021 16:00:00,141.59,142.5,140.5,141.5,942204
28/09/2021 16:00:00,139.09,139.61,135.7,136.18,2109483
29/09/2021 16:00:00,137.11,137.4,134.25,134.52,1316861
30/09/2021 16:00:00,134.32,135.59,133,133.27,1768199
01/10/2021 16:00:00,133.55,137.07,133.38,136.46,1419365
04/10/2021 16:00:00,135.7,135.7,131.17,133.76,1576495
05/10/2021 16:00:00,134,137.36,134,136.18,1206337
06/10/2021 16:00:00,134.63,137.85,134.49,137.35,988216
07/10/2021 16:00:00,138.86,140.15,138.56,139.19,912523
08/10/2021 16:00:00,139.91,140.32,139.43,140.06,946421
11/10/2021 16:00:00,139.8,140.76,138.81,138.85,829238
12/10/2021 16:00:00,139.64,139.7,136.25,136.71,1126751
13/10/2021 16:00:00,137.75,138.55,136.98,137.9,819664
14/10/2021 16:00:00,139.95,141.65,139.34,141.41,1071878
15/10/2021 16:00:00,142.2,142.2,141.06,141.68,1062668
18/10/2021 16:00:00,141.21,143,141.21,142.96,828360
19/10/2021 16:00:00,143.29,144.11,143.1,143.82,765792
20/10/2021 16:00:00,144.22,144.25,141.91,142.42,896975
21/10/2021 16:00:00,142.19,142.85,141.64,142.78,742496
22/10/2021 16:00:00,140.35,141.56,137.17,138.63,1509132
25/10/2021 16:00:00,138.81,139.21,136.75,138.77,1054085
26/10/2021 16:00:00,140.61,140.84,139.01,139.67,1412937
27/10/2021 16:00:00,139.9,149.12,139.9,146.43,2592546
28/10/2021 16:00:00,147.3,147.42,144.76,146.13,1620903
29/10/2021 16:00:00,145.52,148.61,145.17,148.27,1447725
01/11/2021 16:00:00,148.17,148.4,143.58,143.77,1613605
02/11/2021 16:00:00,144.81,146.92,144.64,145.86,1057529
03/11/2021 16:00:00,146.28,146.91,145.05,146.79,894330
04/11/2021 16:00:00,147.2,149.95,146.64,148.68,1235040
05/11/2021 16:00:00,149.35,150.57,148.65,149.24,1020407
08/11/2021 16:00:00,150,151.03,149.12,149.35,919407
09/11/2021 16:00:00,149.75,150.38,147.51,149.25,843778
10/11/2021 16:00:00,148.01,148.7,145.32,146.63,1135416
11/11/2021 16:00:00,147.11,148.5,146.69,146.75,623155
12/11/2021 16:00:00,147.83,149.86,146.45,149.65,852383
15/11/2021 16:00:00,150,150.48,148.65,149.39,812367
16/11/2021 16:00:00,149.17,149.83,148.35,149.08,862743
17/11/2021 16:00:00,149.23,149.63,148.56,149.06,764541
18/11/2021 16:00:00,149.15,151.61,149,150.71,1334120
19/11/2021 16:00:00,151,151.85,149.89,149.95,989148
22/11/2021 16:00:00,150.14,150.74,147.01,147.08,1231385
23/11/2021 16:00:00,147.11,147.69,144.89,146.76,906657
24/11/2021 16:00:00,146.35,147,145.2,146.72,823203
26/11/2021 13:00:00,145.02,145.3,142.49,142.81,849606
29/11/2021 16:00:00,144.3,146.86,144.3,146.11,1313806
30/11/2021 16:00:00,145.45,146.63,142.07,142.45,2079526
01/12/2021 16:00:00,144.21,146.5,141.5,141.62,1427289
02/12/2021 16:00:00,141.82,144.68,140.98,143.78,1062535
03/12/2021 16:00:00,144.5,145.21,141.15,142.52,1334374
06/12/2021 16:00:00,143.57,144.35,140.65,143.8,1109885
07/12/2021 16:00:00,145.95,148.3,145.7,148.04,1162914
08/12/2021 16:00:00,148.33,149.16,147.2,148.72,948197
09/12/2021 16:00:00,148.18,149.6,147.53,148.11,929030
10/12/2021 16:00:00,149.1,149.4,147.36,148.68,1081923
13/12/2021 16:00:00,148.44,148.56,146.36,146.7,1205196
14/12/2021 16:00:00,144.77,145.44,142.24,144.97,1238940
15/12/2021 16:00:00,144.37,147.52,142.71,147.37,1364048
16/12/2021 16:00:00,148.08,148.55,144.09,144.84,1369987
17/12/2021 16:00:00,142.71,144.46,141.79,142.8,2170235
20/12/2021 16:00:00,140.68,142.61,140.25,142.4,1013176
21/12/2021 16:00:00,143.15,144.69,141.74,144.22,977597
22/12/2021 16:00:00,144.1,147.3,143.96,146.95,922024
23/12/2021 16:00:00,147.09,148.57,146.95,147.14,690934
27/12/2021 16:00:00,147.46,148.43,147.25,148.06,662966
28/12/2021 16:00:00,148.37,148.37,145.94,146.45,931792
29/12/2021 16:00:00,146.43,147.18,145.5,146.5,851236
30/12/2021 16:00:00,146.45,147.06,145.76,146,648851
31/12/2021 16:00:00,145.54,146.37,144.68,144.68,864885
03/01/2022 16:00:00,144.48,145.55,143.5,145.07,1261225
04/01/2022 16:00:00,145.55,146.61,143.82,144.42,1146389
05/01/2022 16:00:00,144.18,144.3,137.52,137.65,2482076
06/01/2022 16:00:00,137.5,139.69,136.76,137.55,1452452
07/01/2022 16:00:00,137.91,138.25,135.79,137,970412
10/01/2022 16:00:00,135.1,138.64,133.14,138.57,1704784
11/01/2022 16:00:00,138.18,140.33,136.81,140.02,1175062
12/01/2022 16:00:00,141.55,142.81,141.11,141.65,1182079
13/01/2022 16:00:00,141.84,143.19,138.91,139.13,1328254
14/01/2022 16:00:00,137.5,141.2,137.5,139.79,1191296
18/01/2022 16:00:00,136.6,137.39,135.62,136.29,1370098
19/01/2022 16:00:00,136.94,138.4,135.5,135.65,1039764
20/01/2022 16:00:00,136.51,137.91,133.14,133.51,1096528
21/01/2022 16:00:00,133.01,134.76,130,130.09,2095961
24/01/2022 16:00:00,126.03,130.78,124.64,130.37,2764602
25/01/2022 16:00:00,128.44,129.34,126.38,126.74,1800430
26/01/2022 16:00:00,130.59,132.81,127.15,129.24,1981544
27/01/2022 16:00:00,131.36,132.61,128.95,129.12,1514251
28/01/2022 16:00:00,130,133.37,128.69,133.29,1525878
31/01/2022 16:00:00,134.2,135.84,132.27,135.7,1702778
01/02/2022 16:00:00,137.84,138.2,134.57,137.88,2560160
02/02/2022 16:00:00,151.86,152.1,145.56,148.04,4487538
03/02/2022 16:00:00,145.29,149.12,142.21,142.65,2846507
04/02/2022 16:00:00,143.02,144.54,139.82,143.02,2461220
07/02/2022 16:00:00,143.71,143.85,138.7,138.94,2230537
08/02/2022 16:00:00,138.99,139.84,136.87,139.21,1712752
09/02/2022 16:00:00,140.85,142.18,140.38,141.45,1431358
10/02/2022 16:00:00,139.5,141.43,138.05,138.6,1650885
11/02/2022 16:00:00,138.75,139.28,133.29,134.13,1940440
14/02/2022 16:00:00,133.37,136.17,133.3,135.3,1339640
15/02/2022 16:00:00,137.47,137.9,135.54,136.43,1328878
16/02/2022 16:00:00,136.43,137.95,134.82,137.49,1280483
17/02/2022 16:00:00,136.15,136.84,132.2,132.31,1548406
18/02/2022 16:00:00,133.04,133.82,130.31,130.47,1592930
22/02/2022 16:00:00,129.99,131.9,127.74,129.4,1945329
23/02/2022 16:00:00,131.08,131.75,127.5,127.59,1321564
24/02/2022 16:00:00,125,133.04,124.76,132.67,2158254
25/02/2022 16:00:00,133.53,135.39,131.76,134.52,1311793
28/02/2022 16:00:00,133.28,135.64,132.83,134.89,1483784
01/03/2022 16:00:00,134.48,136.11,133.38,134.17,1231996
02/03/2022 16:00:00,134.61,135.62,133.43,134.75,1198337
03/03/2022 16:00:00,135.98,136.71,133.43,134.31,988965
04/03/2022 16:00:00,133.38,134.2,130.41,132.12,1223612
07/03/2022 16:00:00,131.9,131.9,126.41,126.46,1958895
08/03/2022 16:00:00,126.25,131.25,125.86,127.28,1762478
09/03/2022 16:00:00,131.4,134.2,130.09,133.87,1612872
10/03/2022 16:00:00,131.46,133.54,131.4,132.68,1213260
11/03/2022 16:00:00,134,134.2,130.3,130.48,1329990
14/03/2022 16:00:00,130.57,131.03,126.41,126.74,1512693
15/03/2022 16:00:00,127.74,130.52,126.57,129.66,1514630
16/03/2022 16:00:00,131,133.77,129.2,133.69,1602910
17/03/2022 16:00:00,133.32,134.74,132.72,134.6,1199719
18/03/2022 16:00:00,133.88,136.91,132.93,136.8,2294985
21/03/2022 16:00:00,136.85,137.58,134.61,136.48,1331623
22/03/2022 16:00:00,136.5,141.5,136.5,140.28,1488843
23/03/2022 16:00:00,139.14,140.03,138.17,138.5,1265116
24/03/2022 16:00:00,139.27,141.4,138.04,141.31,1027236
25/03/2022 16:00:00,141.75,141.96,139.7,141.52,964454
28/03/2022 16:00:00,140.68,141.98,139.83,141.95,1188654
29/03/2022 16:00:00,143.16,144.16,142.48,143.25,1433921
30/03/2022 16:00:00,142.87,143.48,142.17,142.64,1052319
31/03/2022 16:00:00,142.45,142.64,139.62,139.65,1475816
01/04/2022 16:00:00,140.01,140.95,138.8,140.7,1174001
04/04/2022 16:00:00,140.82,144.04,140.82,143.64,954245
05/04/2022 16:00:00,143.4,143.59,140.94,141.06,962778
06/04/2022 16:00:00,139.16,139.85,136.42,137.18,1178730
07/04/2022 16:00:00,136.62,137.7,134.86,136.47,972427
08/04/2022 16:00:00,136.25,136.25,133.75,134.01,821724
11/04/2022 16:00:00,132.9,132.94,129.62,129.8,1209367
12/04/2022 16:00:00,132.42,132.42,127.58,128.37,1150161
13/04/2022 16:00:00,128.63,130.66,128.44,130.29,977148
14/04/2022 16:00:00,130.65,130.71,127.11,127.25,1174168
18/04/2022 16:00:00,127.41,128.71,126.58,127.96,745860
19/04/2022 16:00:00,128.08,130.9,127.45,130.53,1135965
20/04/2022 16:00:00,131.28,131.92,127.89,128.25,1130469
21/04/2022 16:00:00,129.35,130.31,124.65,124.94,1507877
22/04/2022 16:00:00,125,125.45,119.14,119.61,2320515
25/04/2022 16:00:00,119.43,123.28,118.77,123.25,1726090
26/04/2022 16:00:00,122.75,122.75,119.16,119.51,2469652
27/04/2022 16:00:00,114.37,117.5,113.12,115.02,3111906
28/04/2022 16:00:00,117.12,120.44,115.14,119.41,1839547
29/04/2022 16:00:00,117.58,118.96,114.69,114.97,1684655
02/05/2022 16:00:00,113.91,117.34,113.4,117.16,1513982
03/05/2022 16:00:00,116.77,119.3,116.63,118.13,1060787
04/05/2022 16:00:00,118,123.14,115.74,122.58,1661573
05/05/2022 16:00:00,120.22,121.23,115.18,116.75,2154452
06/05/2022 16:00:00,115.52,117.5,114.14,115.66,1765474
09/05/2022 16:00:00,113.3,115.56,112.55,113.08,1726048
10/05/2022 16:00:00,116.04,116.69,113.38,114.58,1557889
11/05/2022 16:00:00,113.71,116.67,113.65,113.96,1825082
12/05/2022 16:00:00,111.94,114.86,110.11,113.16,2073244
13/05/2022 16:00:00,114.85,118.09,114,116.52,1486878
16/05/2022 16:00:00,115.38,116.61,114.34,114.79,1164119
17/05/2022 16:00:00,117.23,117.23,115.34,116.7,1078804
18/05/2022 16:00:00,115.24,115.7,112.14,112.4,1399138
19/05/2022 16:00:00,111.84,113.59,110.47,110.75,1459587
20/05/2022 16:00:00,112.09,112.55,106.37,109.31,1879301
23/05/2022 16:00:00,110.1,112.01,109.15,111.67,1577911
24/05/2022 16:00:00,106.38,106.4,102.21,105.93,3019319
25/05/2022 16:00:00,105.14,106.54,104.21,105.84,1894967
26/05/2022 16:00:00,106.05,108.96,105.49,108.3,1514374
27/05/2022 16:00:00,109.79,112.87,109.55,112.8,1496221
31/05/2022 16:00:00,113.08,116.43,112.57,114.04,2565096
01/06/2022 16:00:00,114.93,117.4,113.55,114.14,1431464
02/06/2022 16:00:00,114.19,117.9,113.31,117.75,1374770
03/06/2022 16:00:00,115.99,116.36,113.67,114.56,1247604
06/06/2022 16:00:00,116.74,119.4,116.53,117.01,1189336
07/06/2022 16:00:00,115.65,117.75,115.13,117.23,1320677
08/06/2022 16:00:00,116.88,118.65,116.7,117.24,1127213
09/06/2022 16:00:00,116.34,118.35,114.87,114.92,1157080
10/06/2022 16:00:00,112.78,113.5,110.86,111.43,1567487
13/06/2022 16:00:00,107.45,109.22,106.59,106.88,1837810
14/06/2022 16:00:00,106.89,108.46,106.35,107.19,1274047
15/06/2022 16:00:00,108.9,112.06,108.12,110.39,1659601
16/06/2022 16:00:00,108.15,109.29,105.79,106.64,1765662
17/06/2022 16:00:00,106.54,109.25,105.63,107.87,2175833
21/06/2022 16:00:00,109.7,112.67,109.29,112.02,1950514
22/06/2022 16:00:00,111.16,113.77,110.72,112.03,1196086
23/06/2022 16:00:00,112.95,113.2,111.03,112.68,1235486
24/06/2022 16:00:00,113.6,118.64,113.6,118.54,1956138
27/06/2022 16:00:00,118.94,119.25,116,116.62,1641965
28/06/2022 16:00:00,116.35,117.86,112.44,112.57,1415811
29/06/2022 16:00:00,112.15,113.66,111.55,112.26,931393
30/06/2022 16:00:00,110.5,111.33,107.31,109.37,1902302
01/07/2022 16:00:00,108.34,109.81,107.11,109.08,1551394
05/07/2022 16:00:00,107.51,114.05,106.25,113.89,1821469
06/07/2022 16:00:00,114.09,116.35,112.25,115.21,1442634
07/07/2022 16:00:00,116.01,119.86,115.53,119.31,1609197
08/07/2022 16:00:00,117.55,120.44,117.51,120.17,1454110
11/07/2022 16:00:00,118.65,118.79,116.23,116.52,1341523
12/07/2022 16:00:00,116.84,117.85,114.62,114.85,1248508
13/07/2022 16:00:00,112.64,115.16,111.82,112.19,1947943
14/07/2022 16:00:00,110.83,111.99,109.33,111.44,1618277
15/07/2022 16:00:00,112.96,114,111.82,112.77,1716538
18/07/2022 16:00:00,113.44,114.8,109.3,109.91,33353985
19/07/2022 16:00:00,111.73,114.81,110.5,114.62,30992331
20/07/2022 16:00:00,114.06,116.33,113.26,114.7,26780088
21/07/2022 16:00:00,115.09,115.21,111.91,115.04,27267848
22/07/2022 16:00:00,111.81,113.18,107.6,108.36,44455304
25/07/2022 16:00:00,108.88,110.58,107.01,108.21,28289942
26/07/2022 16:00:00,107.43,107.74,104.76,105.44,36626630
27/07/2022 16:00:00,109.6,114.4,108.42,113.6,41474618
28/07/2022 16:00:00,112.8,114.7,111.85,114.59,23303844
29/07/2022 16:00:00,113.4,116.9,113.23,116.64,31336183
01/08/2022 16:00:00,115.53,117.12,114.69,115.48,22856202
02/08/2022 16:00:00,114.43,117.08,114.26,115.9,17911039
03/08/2022 16:00:00,116.34,119.42,116.15,118.78,25302816
04/08/2022 16:00:00,118.3,119.5,117.71,118.87,15757698
05/08/2022 16:00:00,116.93,118.86,116.71,118.22,15615663
08/08/2022 16:00:00,119.12,120.86,117.83,118.14,17061112
09/08/2022 16:00:00,117.99,118.2,116.56,117.5,15424257
10/08/2022 16:00:00,119.59,121.78,119.36,120.65,20497021
11/08/2022 16:00:00,122.08,122.34,119.55,119.82,16671627
12/08/2022 16:00:00,121.16,122.65,120.4,122.65,16121087
15/08/2022 16:00:00,122.21,123.26,121.57,122.88,15524951
16/08/2022 16:00:00,122.32,123.23,121.54,122.51,15626171
17/08/2022 16:00:00,120.93,122.15,120.2,120.32,17589157
18/08/2022 16:00:00,120.23,121.69,119.55,120.86,15652029
19/08/2022 16:00:00,119.87,120,117.67,118.12,20186983
22/08/2022 16:00:00,116.1,116.5,114.67,115.07,19316024
23/08/2022 16:00:00,114.32,115.93,114.3,114.77,14390691
24/08/2022 16:00:00,114.45,115.72,113.78,114.7,16051174
25/08/2022 16:00:00,115.15,117.78,115.05,117.7,14874666
26/08/2022 16:00:00,115.81,116.6,111.22,111.3,31698668
29/08/2022 16:00:00,110.78,111.96,109.81,110.34,20386142
30/08/2022 16:00:00,111.03,111.37,108.8,109.91,20548202
31/08/2022 16:00:00,111.63,111.77,109.05,109.15,25897978
01/09/2022 16:00:00,109.2,111.22,108.19,110.55,22784385
02/09/2022 16:00:00,111.34,111.68,108.13,108.68,20618080
06/09/2022 16:00:00,108.14,108.88,106.51,107.48,20565050
07/09/2022 16:00:00,107.76,110.99,107.62,110.48,22987178
08/09/2022 16:00:00,109.18,110.58,108.06,109.42,21660654
09/09/2022 16:00:00,110.05,112,110,111.78,21745034
12/09/2022 16:00:00,111.99,112.64,110.93,111.87,19732905
13/09/2022 16:00:00,108.89,109.37,105,105.31,33014991
14/09/2022 16:00:00,105.44,106.1,104.5,105.87,22115805
15/09/2022 16:00:00,105.01,106.21,103.31,103.9,26494933
16/09/2022 16:00:00,102.97,104.03,101.86,103.63,64540115
19/09/2022 16:00:00,102.54,104.02,102.37,103.85,19738603
20/09/2022 16:00:00,102.88,103.17,101.12,101.83,24001668
21/09/2022 16:00:00,102.24,103.49,99.99,100.01,26596757
22/09/2022 16:00:00,99.45,101.68,99.41,100.57,21272675
23/09/2022 16:00:00,100.06,100.11,98.01,99.17,25656959
26/09/2022 16:00:00,98.61,100.44,98.38,98.81,22437938
27/09/2022 16:00:00,99.91,100.46,97.34,98.09,24224988
28/09/2022 16:00:00,98.02,101.4,97.8,100.74,24616999
29/09/2022 16:00:00,99.3,99.3,96.52,98.09,21921520
30/09/2022 16:00:00,97.73,99.49,96.03,96.15,26277832
03/10/2022 16:00:00,97.22,99.97,97.02,99.3,24840028
04/10/2022 16:00:00,101.04,102.72,101.04,102.41,22580931
05/10/2022 16:00:00,100.69,102.74,99.74,102.22,18475515
06/10/2022 16:00:00,101.5,103.73,101.5,102.24,17156240
07/10/2022 16:00:00,100.65,101.42,99.21,99.57,24249910
10/10/2022 16:00:00,99.85,99.99,97.87,98.71,16529897
11/10/2022 16:00:00,98.25,100.12,97.25,98.05,21617727
12/10/2022 16:00:00,98.27,99.65,97.67,98.3,17343431
13/10/2022 16:00:00,95.93,100.53,95.27,99.71,32812220
14/10/2022 16:00:00,100.63,101.29,97.03,97.18,22624832
17/10/2022 16:00:00,99.52,101.77,99.51,100.78,23311604
18/10/2022 16:00:00,103.94,104.22,100.65,101.39,21610541
19/10/2022 16:00:00,100.7,101.66,99.64,100.29,21573686
20/10/2022 16:00:00,100.82,103,99.97,100.53,25125082
21/10/2022 16:00:00,98.46,101.62,98.23,101.48,28988727
24/10/2022 16:00:00,102.09,103.1,100.3,102.97,24680831
25/10/2022 16:00:00,103.3,105.1,103.02,104.93,29910170
26/10/2022 16:00:00,96.76,98.54,94.57,94.82,71671814
27/10/2022 16:00:00,94.31,95.17,91.9,92.6,54036485
28/10/2022 16:00:00,92.53,96.86,92.32,96.58,35696925
31/10/2022 16:00:00,95.78,96.35,94.38,94.66,29868714
01/11/2022 16:00:00,95.59,96.17,90.43,90.5,43220599
02/11/2022 16:00:00,90.91,91.3,87.01,87.07,43553551
03/11/2022 16:00:00,86.35,86.55,83.45,83.49,48510364
04/11/2022 16:00:00,85.51,86.73,83.88,86.7,40173284
07/11/2022 16:00:00,87.34,88.94,86.96,88.65,26899879
08/11/2022 16:00:00,89.16,90.41,87.65,88.91,30172001
09/11/2022 16:00:00,88.55,89.49,87.36,87.4,26743883
10/11/2022 16:00:00,92.34,94.55,91.65,94.17,42371216
11/11/2022 16:00:00,94.71,97.36,94.16,96.73,30569112
14/11/2022 16:00:00,95.5,97.18,95.11,96.03,24170076
15/11/2022 16:00:00,98.67,100.42,97.02,98.72,31830969
16/11/2022 16:00:00,98.02,99.85,97.9,98.99,24660195
17/11/2022 16:00:00,97.18,99.48,97.1,98.5,21818732
18/11/2022 16:00:00,99.01,99.16,96.74,97.8,24969880
21/11/2022 16:00:00,97.56,98.72,95.67,95.83,18696874
22/11/2022 16:00:00,96.16,97.55,94.41,97.33,18868850
23/11/2022 16:00:00,97.34,99.07,97.34,98.82,17568859
25/11/2022 13:05:00,98.47,98.94,97.53,97.6,8567819
28/11/2022 16:00:00,97.2,97.83,95.89,96.25,19981974
29/11/2022 16:00:00,96,96.39,94.39,95.44,20220007
30/11/2022 16:00:00,95.12,101.45,94.67,101.45,39888074
01/12/2022 16:00:00,101.4,102.59,100.67,101.28,21771536
02/12/2022 16:00:00,99.37,101.15,99.17,100.83,18821527
05/12/2022 16:00:00,99.82,101.75,99.36,99.87,19955546
06/12/2022 16:00:00,99.67,100.21,96.76,97.31,20877623
07/12/2022 16:00:00,96.77,97.31,95.03,95.15,26647877
08/12/2022 16:00:00,95.69,95.87,93.8,93.95,25593232
09/12/2022 16:00:00,93.9,94.49,93.02,93.07,21885308
12/12/2022 16:00:00,93.09,93.87,91.9,93.56,27380948
13/12/2022 16:00:00,98.07,99.8,95.38,95.85,34788522
14/12/2022 16:00:00,95.54,97.22,93.94,95.31,26452939
15/12/2022 16:00:00,93.54,94.03,90.43,91.2,28298756
16/12/2022 16:00:00,91.2,91.75,90.01,90.86,48485507
19/12/2022 16:00:00,90.88,91.2,88.93,89.15,23020537
20/12/2022 16:00:00,88.73,89.78,88.04,89.63,21976846
21/12/2022 16:00:00,89.73,90.92,88.91,90.25,20336387
22/12/2022 16:00:00,88.93,89.18,86.94,88.26,23656066
23/12/2022 16:00:00,87.62,90.1,87.62,89.81,17815010
27/12/2022 16:00:00,89.31,89.5,87.54,87.93,15470870
28/12/2022 16:00:00,87.5,88.52,86.37,86.46,17879567
29/12/2022 16:00:00,87.03,89.37,86.99,88.95,18280660
30/12/2022 16:00:00,87.37,88.83,87.03,88.73,19190296
03/01/2023 16:00:00,89.83,91.55,89.02,89.7,20738457
04/01/2023 16:00:00,91.01,91.24,87.8,88.71,27046483
05/01/2023 16:00:00,88.07,88.21,86.56,86.77,23136084
06/01/2023 16:00:00,87.36,88.47,85.57,88.16,26612628
09/01/2023 16:00:00,89.2,90.83,88.58,88.8,22996681
10/01/2023 16:00:00,86.72,89.48,86.7,89.24,22855590
11/01/2023 16:00:00,90.06,92.45,89.74,92.26,25998844
12/01/2023 16:00:00,92.4,92.62,90.57,91.91,22754216
13/01/2023 16:00:00,91.53,92.98,90.93,92.8,18630709
17/01/2023 16:00:00,92.78,92.97,90.84,92.16,22935823
18/01/2023 16:00:00,92.94,93.59,91.4,91.78,19641622
19/01/2023 16:00:00,91.39,94.4,91.38,93.91,28707653
20/01/2023 16:00:00,95.95,99.42,95.91,99.28,53704763
23/01/2023 16:00:00,99.13,101.4,98.75,101.21,31791782
24/01/2023 16:00:00,99.55,101.09,98.7,99.21,27391372
25/01/2023 16:00:00,97.2,97.72,95.26,96.73,31000850
26/01/2023 16:00:00,98.28,99.21,96.82,99.16,24542060
27/01/2023 16:00:00,99.05,101.58,98.97,100.71,29020354
30/01/2023 16:00:00,98.75,99.41,97.52,97.95,24365142
31/01/2023 16:00:00,97.86,99.91,97.79,99.87,22306778
01/02/2023 16:00:00,99.74,102.19,98.42,101.43,26392568
02/02/2023 16:00:00,106.79,108.82,106.54,108.8,46622627
03/02/2023 16:00:00,103.51,108.02,103.3,105.22,36823421
06/02/2023 16:00:00,102.69,104.7,102.21,103.47,25573046
07/02/2023 16:00:00,103.63,108.67,103.55,108.04,33738828
08/02/2023 16:00:00,102.69,103.58,98.46,100,73546029
09/02/2023 16:00:00,100.54,100.61,93.86,95.46,97798573
10/02/2023 16:00:00,95.74,97.02,94.53,94.86,49325275
13/02/2023 16:00:00,95.01,95.35,94.05,95,43116559
14/02/2023 16:00:00,94.66,95.18,92.65,94.95,42513079
15/02/2023 16:00:00,94.74,97.34,94.36,97.1,37029885
16/02/2023 16:00:00,95.54,97.88,94.97,95.78,35642106
17/02/2023 16:00:00,95.07,95.75,93.45,94.59,31095067
21/02/2023 16:00:00,93.24,93.41,92,92.05,28367198
22/02/2023 16:00:00,91.93,92.36,90.87,91.8,29891135
23/02/2023 16:00:00,92.13,92.13,90.01,91.07,32423720
24/02/2023 16:00:00,89.63,90.13,88.86,89.35,31295619
27/02/2023 16:00:00,90.09,90.45,89.61,90.1,22724262
28/02/2023 16:00:00,89.54,91.45,89.52,90.3,30546912
01/03/2023 16:00:00,90.16,91.2,89.85,90.51,26323876
02/03/2023 16:00:00,89.86,92.48,89.77,92.31,23344562
03/03/2023 16:00:00,92.74,94.11,92.66,94.02,30242538
06/03/2023 16:00:00,94.36,96.3,94.3,95.58,28288206
07/03/2023 16:00:00,95.42,96.09,93.84,94.17,24101536
08/03/2023 16:00:00,94.41,96.24,94.41,94.65,25395200
09/03/2023 16:00:00,94.49,95.92,92.36,92.66,24438890
10/03/2023 16:00:00,92.5,93.18,90.8,91.01,32850092
13/03/2023 16:00:00,90.57,93.08,89.94,91.66,31508570
14/03/2023 16:00:00,93.07,94.83,92.78,94.25,32303881
15/03/2023 16:00:00,93.54,97.25,93.04,96.55,38367334
16/03/2023 16:00:00,96.57,101.97,95.87,101.07,54588200
17/03/2023 16:00:00,100.84,103.49,100.75,102.46,76140310
20/03/2023 16:00:00,101.06,102.58,100.79,101.93,26033916
21/03/2023 16:00:00,101.98,105.96,101.86,105.84,33122800
22/03/2023 16:00:00,105.14,107.51,104.21,104.22,32336877
23/03/2023 16:00:00,105.89,107.1,105.41,106.26,31385817
24/03/2023 16:00:00,105.74,106.16,104.74,106.06,25245010
27/03/2023 16:00:00,105.32,105.4,102.63,103.06,25393417
28/03/2023 16:00:00,103,103,100.28,101.36,24913480
29/03/2023 16:00:00,102.72,102.82,101.03,101.9,26148300
30/03/2023 16:00:00,101.44,101.61,100.29,101.32,25009829
31/03/2023 16:00:00,101.71,104.19,101.44,104,28107953
03/04/2023 16:00:00,102.67,104.95,102.38,104.91,20719861
04/04/2023 16:00:00,104.84,106.1,104.6,105.12,20377231
05/04/2023 16:00:00,106.12,106.54,104.1,104.95,21864200
06/04/2023 16:00:00,105.77,109.63,104.82,108.9,34684150
10/04/2023 16:00:00,107.39,107.97,105.6,106.95,19741517
11/04/2023 16:00:00,106.92,107.22,105.28,106.12,18721278
12/04/2023 16:00:00,107.39,107.59,104.97,105.22,22761569
13/04/2023 16:00:00,106.47,108.27,106.44,108.19,21650747
14/04/2023 16:00:00,107.69,109.58,107.59,109.46,20758686
17/04/2023 16:00:00,105.43,106.71,105.32,106.42,29043443
18/04/2023 16:00:00,107,107.05,104.78,105.12,17641369
19/04/2023 16:00:00,104.22,105.73,103.8,105.02,16732016
20/04/2023 16:00:00,104.65,106.89,104.64,105.9,22515331
21/04/2023 16:00:00,106.09,106.64,105.49,105.91,22379018
24/04/2023 16:00:00,106.05,107.32,105.36,106.78,21410908
25/04/2023 16:00:00,106.61,107.44,104.56,104.61,31408119
26/04/2023 16:00:00,105.56,107.02,103.27,104.45,37068168
27/04/2023 16:00:00,105.23,109.15,104.42,108.37,38235220
28/04/2023 16:00:00,107.8,108.29,106.04,108.22,23957872
01/05/2023 16:00:00,107.72,108.68,107.5,107.71,20926259
02/05/2023 16:00:00,107.66,107.73,104.5,105.98,20343116
03/05/2023 16:00:00,106.22,108.13,105.62,106.12,17116333
04/05/2023 16:00:00,106.16,106.3,104.7,105.21,19780637
05/05/2023 16:00:00,105.32,106.44,104.74,106.22,20710627
08/05/2023 16:00:00,105.8,108.42,105.79,108.24,17266021
09/05/2023 16:00:00,108.78,110.6,107.73,107.94,24782442
10/05/2023 16:00:00,108.55,113.51,108.48,112.28,47533463
11/05/2023 16:00:00,115.86,118.44,114.93,116.9,57115075
12/05/2023 16:00:00,117,118.26,116.55,117.92,31293778
15/05/2023 16:00:00,116.49,118.8,116.48,116.96,22107865
16/05/2023 16:00:00,116.83,121.2,116.83,120.09,32370113
17/05/2023 16:00:00,120.18,122.28,119.46,121.48,26659564
18/05/2023 16:00:00,121.56,123.9,121.49,123.52,27014468
19/05/2023 16:00:00,124.2,126.48,122.72,123.25,30268864
22/05/2023 16:00:00,123.51,127.05,123.45,125.87,29760236
23/05/2023 16:00:00,124.93,125.42,123.05,123.29,24477945
24/05/2023 16:00:00,121.88,122.75,120.75,121.64,23087925
25/05/2023 16:00:00,125.21,125.98,122.9,124.35,33812730
26/05/2023 16:00:00,124.07,126,123.29,125.43,25169036
30/05/2023 16:00:00,126.29,126.38,122.89,124.64,27230726
31/05/2023 16:00:00,123.7,124.9,123.1,123.37,41548759
01/06/2023 16:00:00,123.5,125.04,123.3,124.37,25017674
02/06/2023 16:00:00,124.49,126.75,124.35,125.23,19367453
05/06/2023 16:00:00,124.61,127.99,124.38,126.63,22672516
06/06/2023 16:00:00,126.6,128.88,125.97,127.91,19450128
07/06/2023 16:00:00,127.58,129.55,122.63,122.94,34179348
08/06/2023 16:00:00,122.59,123.73,122.01,122.67,24814996
09/06/2023 16:00:00,122.56,124.29,122.42,122.87,20313676
12/06/2023 16:00:00,123.4,124.75,122.35,124.35,22289632
13/06/2023 16:00:00,125.65,125.86,123.85,124.43,19287650
14/06/2023 16:00:00,123.8,124.79,122.16,124.38,24659620
15/06/2023 16:00:00,123.88,126.16,123.14,125.79,24517071
16/06/2023 16:00:00,126.7,126.7,123.79,124.06,56699200
20/06/2023 16:00:00,123.54,125.18,122.83,123.85,22698028
21/06/2023 16:00:00,123.24,123.41,120.86,121.26,22612002
22/06/2023 16:00:00,120.66,123.94,119.6,123.87,20781888
23/06/2023 16:00:00,122.04,123.44,121.86,123.02,29573123
26/06/2023 16:00:00,121.47,122.72,118.99,119.09,23184961
27/06/2023 16:00:00,117.84,119.9,116.91,119.01,27221714
28/06/2023 16:00:00,117.96,121.27,117.6,121.08,19753145
29/06/2023 16:00:00,120.09,120.91,119.21,120.01,18517458
30/06/2023 16:00:00,121.1,122.03,120.88,120.97,23871764
03/07/2023 13:05:00,120.32,121.02,119.71,120.56,13888262
05/07/2023 16:00:00,120.06,123.37,120.06,122.63,17830347
06/07/2023 16:00:00,120.64,121.15,119.25,120.93,17750181
07/07/2023 16:00:00,120.89,121.75,120.09,120.14,20997665
10/07/2023 16:00:00,119.07,119.07,116.64,116.87,32960078
11/07/2023 16:00:00,116.76,118.23,115.83,117.71,18286571
12/07/2023 16:00:00,119.3,120.96,119,119.62,22059611
13/07/2023 16:00:00,121.54,125.34,121.06,124.83,31535853
14/07/2023 16:00:00,125.13,127.09,124.9,125.7,20499780
17/07/2023 16:00:00,126.06,127.28,124.5,125.06,20675297
18/07/2023 16:00:00,124.91,124.99,123.3,124.08,21071248
19/07/2023 16:00:00,124.79,125.47,122.47,122.78,22313803
20/07/2023 16:00:00,122.12,124.7,118.69,119.53,27541711
21/07/2023 16:00:00,120.87,121.3,119.07,120.31,56514645
24/07/2023 16:00:00,121.93,123.35,121.38,121.88,22312220
25/07/2023 16:00:00,121.88,123.69,121.53,122.79,31820846
26/07/2023 16:00:00,130.36,131.37,128.71,129.66,46216895
27/07/2023 16:00:00,131.8,133.6,129.18,129.87,35931612
28/07/2023 16:00:00,130.97,134.07,130.92,133.01,26971011
31/07/2023 16:00:00,133.01,133.83,132.13,133.11,18381891
01/08/2023 16:00:00,130.85,132.92,130.75,131.89,22219012
02/08/2023 16:00:00,129.84,130.42,127.85,128.64,22705778
03/08/2023 16:00:00,128.37,129.77,127.78,128.77,15086132
04/08/2023 16:00:00,129.6,131.93,128.32,128.54,20521852
07/08/2023 16:00:00,129.51,132.06,129.43,131.94,17621041
08/08/2023 16:00:00,130.98,131.94,130.13,131.84,16835952
09/08/2023 16:00:00,132.19,132.47,129.51,130.15,17745218
10/08/2023 16:00:00,131.97,132.65,130.04,130.21,17855681
11/08/2023 16:00:00,129.2,130.44,128.75,130.17,15205465
14/08/2023 16:00:00,129.85,131.91,129.59,131.83,17526195
15/08/2023 16:00:00,131.59,131.99,129.82,130.27,14769173
16/08/2023 16:00:00,129.28,130.9,128.46,129.11,17548355
17/08/2023 16:00:00,130.45,132.49,129.85,130.46,23665562
18/08/2023 16:00:00,129.06,129.83,127,128.11,23627202
21/08/2023 16:00:00,127.85,129.26,127.16,128.93,21851070
22/08/2023 16:00:00,129.13,130.95,128.93,129.69,15569373
23/08/2023 16:00:00,130.85,134.07,130.51,133.21,26497027
24/08/2023 16:00:00,134.73,134.97,130.3,130.42,18680381
25/08/2023 16:00:00,130.14,131.4,128.04,130.69,20678096
28/08/2023 16:00:00,132.08,133.24,130.85,131.79,16715467
29/08/2023 16:00:00,133,137.29,132.98,135.49,30803265
30/08/2023 16:00:00,135.57,137.25,135.02,136.93,21773356
31/08/2023 16:00:00,137.05,138.4,136.82,137.35,28147850
01/09/2023 16:00:00,138.43,138.58,135.94,136.8,16671647
05/09/2023 16:00:00,136.44,137.37,135.56,136.71,17730218
06/09/2023 16:00:00,137.01,137.48,134.69,135.37,15814327
07/09/2023 16:00:00,134.6,136.58,133.96,136.2,16975956
08/09/2023 16:00:00,135.87,137.51,135.87,137.2,17820005
11/09/2023 16:00:00,137.38,138.26,136.55,137.74,17180755
12/09/2023 16:00:00,137.13,137.64,135.93,136.07,15212934
13/09/2023 16:00:00,135.9,137.7,134.93,137.5,16394915
14/09/2023 16:00:00,138.39,139.55,137.06,138.99,19064607
15/09/2023 16:00:00,138.8,139.36,137.18,138.3,48958837
18/09/2023 16:00:00,137.63,139.93,137.63,138.96,16233590
19/09/2023 16:00:00,138.25,139.18,137.5,138.83,15484644
20/09/2023 16:00:00,138.83,138.84,134.52,134.59,21473533
21/09/2023 16:00:00,132.39,133.19,131.09,131.36,22058375
22/09/2023 16:00:00,131.68,133.01,130.51,131.25,17355284
25/09/2023 16:00:00,130.77,132.22,130.03,132.17,14650032
26/09/2023 16:00:00,130.91,131.41,128.19,129.45,20378789
27/09/2023 16:00:00,129.44,131.72,129.38,131.46,18764201
28/09/2023 16:00:00,130.69,134.18,130.69,133.13,18201389
29/09/2023 16:00:00,134.08,134.89,131.32,131.85,23237336
02/10/2023 16:00:00,132.16,135.36,132.07,135.17,19210394
03/10/2023 16:00:00,134.93,135.24,132.82,133.3,19628736
04/10/2023 16:00:00,133.66,136.57,133.43,136.27,22847987
05/10/2023 16:00:00,136.13,136.5,134.46,135.99,15922944
06/10/2023 16:00:00,134.94,139.19,134.94,138.73,20826683
09/10/2023 16:00:00,137.99,139.97,136.7,139.5,16599099
10/10/2023 16:00:00,139.51,140.74,138.43,139.2,19554916
11/10/2023 16:00:00,139.85,142.22,139.84,141.7,20146341
12/10/2023 16:00:00,142.16,142.38,139.45,140.29,18173107
13/10/2023 16:00:00,140.65,141.34,137.97,138.58,19447565
16/10/2023 16:00:00,139.73,140.91,139.32,140.49,17345556
17/10/2023 16:00:00,140.03,141.25,138.53,140.99,17424024
18/10/2023 16:00:00,140.75,141.99,138.71,139.28,18304869
19/10/2023 16:00:00,139.8,141.01,138.6,138.98,21831181
20/10/2023 16:00:00,138.59,139.04,136.25,136.74,24970263
23/10/2023 16:00:00,136.23,139.02,135.11,137.9,20780665
24/10/2023 16:00:00,139.16,140.71,138.75,140.12,26535198
25/10/2023 16:00:00,129.77,130.1,126.09,126.67,58796067
26/10/2023 16:00:00,124.47,125.46,122.32,123.44,33907363
27/10/2023 16:00:00,124.03,124.44,121.46,123.4,37367673
30/10/2023 16:00:00,124.46,126.55,123.88,125.75,24165631
31/10/2023 16:00:00,126.27,126.56,123.93,125.3,21123418
01/11/2023 16:00:00,125.34,127.74,124.93,127.57,26536604
02/11/2023 16:00:00,129.56,130.09,128.11,128.58,24091672
03/11/2023 16:00:00,129.09,130.73,129.01,130.37,19529448
06/11/2023 16:00:00,130.22,131.56,129.93,131.45,15360362
07/11/2023 16:00:00,131.98,133.28,131.14,132.4,19223786
08/11/2023 16:00:00,132.36,133.54,132.16,133.26,15093598
09/11/2023 16:00:00,133.36,133.96,131.51,131.69,17976533
10/11/2023 16:00:00,131.53,134.27,130.87,134.06,20879838
13/11/2023 16:00:00,133.36,134.11,132.77,133.64,16409856
14/11/2023 16:00:00,135.65,137.24,135.1,135.43,22317345
15/11/2023 16:00:00,136.64,136.84,135.33,136.38,15840883
16/11/2023 16:00:00,136.96,138.88,136.08,138.7,17615068
17/11/2023 16:00:00,137.82,138,135.48,136.94,25590191
20/11/2023 16:00:00,135.5,138.43,135.49,137.92,19589006
21/11/2023 16:00:00,137.94,138.97,137.71,138.62,17648067
22/11/2023 16:00:00,139.1,141.1,139,140.02,17310209
24/11/2023 13:05:00,139.54,139.68,137.47,138.22,8828640
27/11/2023 16:00:00,137.57,139.63,137.54,138.05,17886389
28/11/2023 16:00:00,137.63,138.66,137.04,138.62,17046868
29/11/2023 16:00:00,138.99,139.67,136.29,136.4,21014715
30/11/2023 16:00:00,136.4,136.96,132.79,133.92,29913531
01/12/2023 16:00:00,133.32,133.5,132.15,133.32,24267987
04/12/2023 16:00:00,131.29,131.45,129.4,130.63,24117083
05/12/2023 16:00:00,130.37,133.54,129.73,132.39,19235145
06/12/2023 16:00:00,132.9,133.31,131.31,131.43,16360648
07/12/2023 16:00:00,136.6,140,136.23,138.45,38419426
08/12/2023 16:00:00,135.66,137.99,135.57,136.64,23016139
11/12/2023 16:00:00,133.82,134.79,132.89,134.7,24502860
12/12/2023 16:00:00,133.27,134.54,132.83,133.64,26583981
13/12/2023 16:00:00,134.54,134.78,132.95,133.97,25414461
14/12/2023 16:00:00,134.77,135.04,131.06,133.2,29619098
15/12/2023 16:00:00,132.92,134.83,132.63,133.84,58594004
18/12/2023 16:00:00,133.86,138.38,133.77,137.19,25699767
19/12/2023 16:00:00,138,138.77,137.45,138.1,20661000
20/12/2023 16:00:00,140.33,143.08,139.41,139.66,33507342
21/12/2023 16:00:00,140.77,142.03,140.47,141.8,18101476
22/12/2023 16:00:00,142.13,143.25,142.06,142.72,18513524
26/12/2023 16:00:00,142.98,143.95,142.5,142.82,11170066
27/12/2023 16:00:00,142.83,143.32,141.05,141.44,17288358
28/12/2023 16:00:00,141.85,142.27,140.83,141.28,12192549
29/12/2023 16:00:00,140.68,141.44,139.9,140.93,14880961
02/01/2024 16:00:00,139.6,140.61,137.74,139.56,20071885
03/01/2024 16:00:00,138.6,141.09,138.43,140.36,18974308
04/01/2024 16:00:00,139.85,140.64,138.01,138.04,18253331
05/01/2024 16:00:00,138.35,138.81,136.85,137.39,15439475
08/01/2024 16:00:00,138,140.64,137.88,140.53,17645293
09/01/2024 16:00:00,140.06,142.8,139.79,142.56,19579667
10/01/2024 16:00:00,142.52,144.53,142.46,143.8,16641881
11/01/2024 16:00:00,144.9,146.66,142.22,143.67,17471130
12/01/2024 16:00:00,144.34,144.74,143.36,144.24,13998729
16/01/2024 16:00:00,143.43,145.84,143.06,144.08,19198939
17/01/2024 16:00:00,142.91,143.41,140.51,142.89,17884548
18/01/2024 16:00:00,143.44,145.59,143.35,144.99,18876800
19/01/2024 16:00:00,146.31,148.04,145.8,147.97,27181032
22/01/2024 16:00:00,148.71,150.01,147.58,147.71,21829232
23/01/2024 16:00:00,147.72,148.86,147.19,148.68,14113649
24/01/2024 16:00:00,150.29,151.57,149.84,150.35,19245031
25/01/2024 16:00:00,151.74,154.76,151.22,153.64,21495120
26/01/2024 16:00:00,152.87,154.11,152.8,153.79,19494488
29/01/2024 16:00:00,153.64,155.2,152.92,154.84,20909258
30/01/2024 16:00:00,154.01,155.04,152.78,153.05,26578934
31/01/2024 16:00:00,145.39,145.59,141.55,141.8,43908584
01/02/2024 16:00:00,143.69,144.62,142.26,142.71,25526855
02/02/2024 16:00:00,140.89,143.88,138.17,143.54,42136127
05/02/2024 16:00:00,144.04,146.67,143.91,144.93,29254444
06/02/2024 16:00:00,145.96,146.74,144.52,145.41,21517655
07/02/2024 16:00:00,146.12,147,145.21,146.68,21436126
08/02/2024 16:00:00,146.97,147.61,146.42,147.22,18241319
09/02/2024 16:00:00,147.95,150.7,147.43,150.22,21877693
12/02/2024 16:00:00,149.54,150.59,148.56,148.73,17236108
13/02/2024 16:00:00,146.07,148.04,145.11,146.37,18138482
14/02/2024 16:00:00,147.37,147.83,145.56,147.14,16651824
15/02/2024 16:00:00,144.46,144.76,141.88,143.94,26724305
16/02/2024 16:00:00,144.21,144.48,141.52,141.76,21865118
20/02/2024 16:00:00,140.94,143.33,140.8,142.2,18625589
21/02/2024 16:00:00,142.64,143.98,141.91,143.84,16499584
22/02/2024 16:00:00,146.12,146.2,144.01,145.32,23024707
23/02/2024 16:00:00,144.97,145.96,144.79,145.29,14519434
26/02/2024 16:00:00,143.45,143.84,138.74,138.75,33513011
27/02/2024 16:00:00,139.41,140.49,138.5,140.1,22363981
28/02/2024 16:00:00,139.1,139.28,136.64,137.43,30628702
29/02/2024 16:00:00,138.35,139.95,137.57,139.78,35485006
01/03/2024 16:00:00,139.61,140,137.98,138.08,28551525
04/03/2024 16:00:00,136.54,136.63,132.86,134.2,43571510
05/03/2024 16:00:00,132.74,134.02,131.55,133.78,28447550
06/03/2024 16:00:00,134.24,134.74,131.95,132.56,23175200
07/03/2024 16:00:00,133.89,135.82,132.66,135.24,24107282
08/03/2024 16:00:00,135.04,138.99,134.8,136.29,26495160
11/03/2024 16:00:00,137.07,139.98,137.07,138.94,22536365
12/03/2024 16:00:00,138.25,140.28,138.21,139.62,19019696
13/03/2024 16:00:00,140.06,142.19,140.01,140.77,19636999
14/03/2024 16:00:00,142.3,144.73,141.49,144.34,36117913
15/03/2024 16:00:00,143.41,144.34,141.13,142.17,41039494
18/03/2024 16:00:00,149.37,152.93,148.14,148.48,47676689
19/03/2024 16:00:00,148.98,149.62,147.01,147.92,17748367
20/03/2024 16:00:00,148.79,149.76,147.67,149.68,17729996
21/03/2024 16:00:00,150.32,151.31,148.01,148.74,19843915
22/03/2024 16:00:00,150.24,152.56,150.09,151.77,19252925
25/03/2024 16:00:00,150.95,151.46,148.8,151.15,15114728
26/03/2024 16:00:00,151.24,153.2,151.03,151.7,19312694
27/03/2024 16:00:00,152.15,152.69,150.13,151.94,16621964
28/03/2024 16:00:00,152,152.67,151.33,152.26,21105628
01/04/2024 16:00:00,151.83,157,151.65,156.5,24469815
02/04/2024 16:00:00,154.75,155.99,153.46,155.87,17598064
03/04/2024 16:00:00,154.92,156.55,154.13,156.37,17266175
04/04/2024 16:00:00,155.08,156.18,151.88,151.94,24184842
05/04/2024 16:00:00,151.68,154.84,151.08,153.94,16297319
08/04/2024 16:00:00,154.01,156.66,153.99,156.14,16641530
09/04/2024 16:00:00,157.35,159.89,156.64,158.14,21538140
10/04/2024 16:00:00,157.88,158.16,156.2,157.66,16339174
11/04/2024 16:00:00,158.34,161.12,157.93,160.79,17841703
12/04/2024 16:00:00,159.41,161.7,158.6,159.19,16989765
15/04/2024 16:00:00,160.28,160.83,156.15,156.33,21140948
16/04/2024 16:00:00,155.64,157.23,155.05,156,15413201
17/04/2024 16:00:00,157.19,158.68,156.14,156.88,16237752
18/04/2024 16:00:00,156.93,158.49,156.21,157.46,14016065
19/04/2024 16:00:00,157.75,157.99,153.91,155.72,21479881
22/04/2024 16:00:00,156.01,159.19,155.66,157.95,17243870
23/04/2024 16:00:00,158.59,160.48,157.97,159.92,16115408
24/04/2024 16:00:00,159.09,161.39,158.82,161.1,19485694
25/04/2024 16:00:00,153.36,158.28,152.77,157.95,36197789
26/04/2024 16:00:00,175.99,176.42,171.4,173.69,56500787
29/04/2024 16:00:00,170.77,171.38,167.06,167.9,35914561
30/04/2024 16:00:00,167.38,169.87,164.5,164.64,29420755
01/05/2024 16:00:00,166.18,168.81,164.9,165.57,25223245
02/05/2024 16:00:00,166.67,168.53,165.69,168.46,17041119
03/05/2024 16:00:00,169.54,169.85,164.98,168.99,22767056
06/05/2024 16:00:00,169.22,169.9,167.89,169.83,15147906
07/05/2024 16:00:00,170.12,173.47,170,172.98,21102434
08/05/2024 16:00:00,170.75,171.91,170.52,171.16,14569858
09/05/2024 16:00:00,171.15,172.44,169.93,171.58,11937704
10/05/2024 16:00:00,169.69,171.34,167.91,170.29,18740458
13/05/2024 16:00:00,165.85,170.95,165.76,170.9,19648585
14/05/2024 16:00:00,171.59,172.78,170.42,171.93,18729463
15/05/2024 16:00:00,172.3,174.05,172.03,173.88,20958245
16/05/2024 16:00:00,174.6,176.34,174.05,175.43,17247311
17/05/2024 16:00:00,175.55,177.5,174.98,177.29,16546353
20/05/2024 16:00:00,177.31,179.95,177.23,178.46,17495122
21/05/2024 16:00:00,178.4,179.82,177.31,179.54,14706021
22/05/2024 16:00:00,178.4,178.85,176.78,178,16189404
23/05/2024 16:00:00,178.78,179.91,174.54,175.06,14928363
24/05/2024 16:00:00,176.52,177.3,175.2,176.33,11403560
28/05/2024 16:00:00,175.74,178.51,175.68,178.02,15655340
29/05/2024 16:00:00,176.81,178.23,176.26,177.4,15023847
30/05/2024 16:00:00,176.69,176.69,173.23,173.56,18844036
31/05/2024 16:00:00,173.4,174.42,170.97,173.96,28085151
03/06/2024 16:00:00,173.88,175.86,172.45,174.42,20742798
04/06/2024 16:00:00,174.45,175.19,173.22,175.13,14066602
05/06/2024 16:00:00,176.54,177.97,175.29,177.07,15233861
06/06/2024 16:00:00,177.43,178.71,177.21,178.35,14255818
07/06/2024 16:00:00,178.46,179.42,175.79,175.95,14716270
10/06/2024 16:00:00,176.45,178.47,174.38,176.63,17122247
11/06/2024 16:00:00,177.72,178.39,175.44,178.19,14402401
12/06/2024 16:00:00,179.75,182.08,177.78,179.56,18600421
13/06/2024 16:00:00,177.84,178.51,176.66,176.74,15956941
14/06/2024 16:00:00,175.85,178.73,175.85,178.37,12361571
17/06/2024 16:00:00,176.98,179.92,176.49,178.78,15272864
18/06/2024 16:00:00,178.79,178.91,175.62,176.45,15640257
20/06/2024 16:00:00,176.71,178.74,176.46,177.71,16753166
21/06/2024 16:00:00,178.49,182.51,178.06,180.26,59728019
24/06/2024 16:00:00,181.28,182.08,180.23,180.79,18198282
25/06/2024 16:00:00,181.15,185.75,181.11,185.58,18917734
26/06/2024 16:00:00,184.2,185.93,183.99,185.37,13375715
27/06/2024 16:00:00,185.65,187.5,185.45,186.86,13025656
28/06/2024 16:00:00,185.72,186.58,183.33,183.42,23032362
01/07/2024 16:00:00,184.48,185.34,182.73,184.49,11815862
02/07/2024 16:00:00,183.47,186.95,183.06,186.61,12555545
03/07/2024 13:05:00,186.3,187.62,185.39,187.39,7409106
05/07/2024 16:00:00,187.32,192.26,187.32,191.96,14303361
08/07/2024 16:00:00,191.37,191.68,189.32,190.48,12097611
09/07/2024 16:00:00,191.75,192.86,190.23,190.44,10224925
10/07/2024 16:00:00,190.75,193.31,190.62,192.66,12052906
11/07/2024 16:00:00,191.34,192.41,186.82,187.3,16451981
12/07/2024 16:00:00,186.92,188.69,186.14,186.78,14449113
15/07/2024 16:00:00,186.49,189.9,186.49,188.19,12186015
16/07/2024 16:00:00,188.96,190.34,185.12,185.5,12760102
17/07/2024 16:00:00,184.68,185.23,181.62,182.62,17376563
18/07/2024 16:00:00,183.54,184.05,178.21,179.22,17877197
19/07/2024 16:00:00,180.37,181.97,178.86,179.39,14485899
22/07/2024 16:00:00,182.35,184.3,181.9,183.35,16303896
23/07/2024 16:00:00,183.84,185.22,183.33,183.6,23772602
24/07/2024 16:00:00,175.39,177.95,173.57,174.37,31250683
25/07/2024 16:00:00,174.25,175.2,169.05,169.16,28967880
26/07/2024 16:00:00,168.77,169.84,165.87,168.68,25150116
29/07/2024 16:00:00,170.5,172.16,169.72,171.13,13768931
30/07/2024 16:00:00,171.83,172.95,170.12,171.86,13681418
31/07/2024 16:00:00,174.92,175.91,171.72,173.15,15650154
01/08/2024 16:00:00,171.98,175.68,170.51,172.45,17177833
02/08/2024 16:00:00,168.19,170.21,166.39,168.4,18907773
05/08/2024 16:00:00,157.37,165.94,156.6,160.64,34907815
06/08/2024 16:00:00,160.95,162.35,158.13,160.54,36146541
07/08/2024 16:00:00,163.24,164.79,160.24,160.75,19334246
08/08/2024 16:00:00,162.34,165.5,162.03,163.84,15733612
09/08/2024 16:00:00,161.65,165.52,160.93,165.39,13549230
12/08/2024 16:00:00,166,166.7,163.55,163.95,12434969
13/08/2024 16:00:00,165.19,166.54,164.77,165.93,12717628
14/08/2024 16:00:00,164.21,164.96,159.53,162.03,22515895
15/08/2024 16:00:00,162.21,163.52,161.49,163.17,18392452
16/08/2024 16:00:00,163.41,166.95,163.08,164.74,16853137
19/08/2024 16:00:00,167,168.47,166.09,168.4,13100762
20/08/2024 16:00:00,168.74,170.41,168.66,168.96,12622523
21/08/2024 16:00:00,166.99,168.64,166.57,167.63,15269550
22/08/2024 16:00:00,169.04,169.42,165.03,165.49,19123778
23/08/2024 16:00:00,166.55,167.95,165.66,167.43,14281621
26/08/2024 16:00:00,168.16,169.38,166.32,167.93,11990305
27/08/2024 16:00:00,167.61,168.25,166.16,166.38,13718162
28/08/2024 16:00:00,166.78,167.39,163.28,164.5,15208736
29/08/2024 16:00:00,166.06,167.63,161.98,163.4,17133830
30/08/2024 16:00:00,164.22,165.28,163.41,165.11,18498777
03/09/2024 16:00:00,163.32,163.38,157.85,158.61,26533110
04/09/2024 16:00:00,158.07,160.4,157.44,157.81,17410652
05/09/2024 16:00:00,157.78,161.01,157.52,158.6,14139501
06/09/2024 16:00:00,158.69,159.22,151.94,152.13,24999062
09/09/2024 16:00:00,153.63,154.64,148.2,149.54,28057746
10/09/2024 16:00:00,151.45,152.3,149.54,150.01,20401774
11/09/2024 16:00:00,151.09,152.48,148.7,152.15,18991486
12/09/2024 16:00:00,154.81,155.61,153.5,155.54,21024062
13/09/2024 16:00:00,156.36,159.28,156.11,158.37,16733908
16/09/2024 16:00:00,158.33,159.24,157.61,158.99,14157614
17/09/2024 16:00:00,160.09,161.59,159.41,160.28,12064790
18/09/2024 16:00:00,160.85,161.63,159.66,160.81,16756450
19/09/2024 16:00:00,164.82,164.99,162.52,163.24,17548190
20/09/2024 16:00:00,164.52,164.75,163.18,164.64,46362673
23/09/2024 16:00:00,165.34,166.61,162.95,163.07,15648446
24/09/2024 16:00:00,164.25,164.55,162.03,163.64,18774056
25/09/2024 16:00:00,162.97,164.22,162.78,162.99,13607892
26/09/2024 16:00:00,165.03,165.5,163.5,163.83,18234497
27/09/2024 16:00:00,163.91,166.97,163.83,165.29,13604261
30/09/2024 16:00:00,164.78,167.36,164.64,167.19,14083451
01/10/2024 16:00:00,168.86,170.44,165.9,168.42,18629506
02/10/2024 16:00:00,167.76,168.88,166.25,167.31,12744975
03/10/2024 16:00:00,165.82,167.91,165.37,167.21,11004333
04/10/2024 16:00:00,169.34,169.55,166.96,168.56,11435318
07/10/2024 16:00:00,169.14,169.9,164.13,164.39,14034722
08/10/2024 16:00:00,165.43,166.1,164.31,165.7,11723885
09/10/2024 16:00:00,164.86,166.26,161.12,163.06,19666411
10/10/2024 16:00:00,162.11,164.31,161.64,163.18,12900492
11/10/2024 16:00:00,163.33,165.27,162.5,164.52,10945971
14/10/2024 16:00:00,164.91,167.62,164.78,166.35,9981765
15/10/2024 16:00:00,167.14,169.09,166.05,166.9,14829338
16/10/2024 16:00:00,166.03,167.28,165.22,166.74,9968474
17/10/2024 16:00:00,167.38,167.93,164.37,164.51,15113356
18/10/2024 16:00:00,164.87,166.37,164.75,165.05,13091267
21/10/2024 16:00:00,164.58,166.22,164.31,165.8,11384047
22/10/2024 16:00:00,164.7,167.47,164.67,166.82,11958617
23/10/2024 16:00:00,166.43,167.6,163.63,164.48,12754283
24/10/2024 16:00:00,164.59,165.05,162.77,164.53,12764430
25/10/2024 16:00:00,165.37,167.4,165.23,166.99,14566410
28/10/2024 16:00:00,170.59,170.61,165.79,168.34,20858254
29/10/2024 16:00:00,169.39,171.86,168.66,171.14,28916106
30/10/2024 16:00:00,182.41,183.79,175.75,176.14,49698313
31/10/2024 16:00:00,174.72,178.42,172.56,172.69,32801898
01/11/2024 16:00:00,171.54,173.82,170.31,172.65,21752859
04/11/2024 16:00:00,171.24,171.92,169.49,170.68,16193994
05/11/2024 16:00:00,170.83,172.1,170.37,171.41,12518282
06/11/2024 16:00:00,175.35,178.64,175.04,178.33,27061510
07/11/2024 16:00:00,179.11,182.58,178.89,182.28,16730407
08/11/2024 16:00:00,182,182.35,179.57,179.86,15021549
11/11/2024 16:00:00,180.07,182.09,179.99,181.97,12503422
12/11/2024 16:00:00,181.38,184.03,180.99,183.32,14065845
13/11/2024 16:00:00,182.15,182.62,180.12,180.49,13969709
14/11/2024 16:00:00,179.75,180.45,176.03,177.35,17925763
15/11/2024 16:00:00,175.64,175.88,172.75,173.89,21708870
18/11/2024 16:00:00,174.96,176.91,174.42,176.8,18725422
19/11/2024 16:00:00,175.24,180.17,175.12,179.58,15392866
20/11/2024 16:00:00,178.83,179.11,175.33,177.33,15729806
21/11/2024 16:00:00,175.46,175.58,165.31,169.24,38839431
22/11/2024 16:00:00,167.16,168.26,165.71,166.57,24497042
25/11/2024 16:00:00,167.99,170.46,167.4,169.43,21395652
26/11/2024 16:00:00,169.49,171.5,169.43,170.62,14937478
27/11/2024 16:00:00,170.68,171.14,169.67,170.82,12433371
29/11/2024 13:05:00,170.06,170.87,168.75,170.49,9250712
02/12/2024 16:00:00,170.32,173.6,170.27,172.98,16593444
03/12/2024 16:00:00,173.12,174.32,172.51,173.02,15721483
04/12/2024 16:00:00,172.78,176.43,172.75,176.09,18239842
05/12/2024 16:00:00,177.32,177.71,174.01,174.31,16145520
06/12/2024 16:00:00,173.88,176.84,173.55,176.49,13319549
09/12/2024 16:00:00,175.72,178.04,175.4,177.1,19887786
10/12/2024 16:00:00,184.54,188.03,182.67,186.53,34317438
11/12/2024 16:00:00,186.7,196.89,186.26,196.71,41664489
12/12/2024 16:00:00,196.3,196.71,193.28,193.63,25197757
13/12/2024 16:00:00,192.71,194.34,191.26,191.38,18883217
16/12/2024 16:00:00,194.37,200.64,194.11,198.16,32248640
17/12/2024 16:00:00,198.53,202.88,196.69,197.12,24129481
18/12/2024 16:00:00,196.83,198.69,189.28,190.15,27638416
19/12/2024 16:00:00,193.28,194.6,189.52,189.7,26981196
20/12/2024 16:00:00,187.01,194.14,186.37,192.96,45319703
23/12/2024 16:00:00,194.03,196.49,191.63,195.99,15235942
24/12/2024 13:05:00,196.17,197.67,195.2,197.57,6809823
26/12/2024 16:00:00,196.74,198.16,195.87,197.1,7918434
27/12/2024 16:00:00,196.47,196.8,191.97,194.04,14692994
30/12/2024 16:00:00,190.87,193.78,190.36,192.69,12209534
31/12/2024 16:00:00,192.45,193.25,189.58,190.44,14355221
02/01/2025 16:00:00,191.49,193.2,188.71,190.63,17545162
03/01/2025 16:00:00,192.73,194.5,191.35,193.13,12874957
06/01/2025 16:00:00,195.15,199.56,195.06,197.96,19483323
07/01/2025 16:00:00,198.27,202.14,195.94,196.71,16966760
08/01/2025 16:00:00,193.95,197.64,193.75,195.39,14335341
10/01/2025 16:00:00,195.42,197.62,191.6,193.17,20753794
13/01/2025 16:00:00,191.35,192.49,188.66,192.29,13169060
14/01/2025 16:00:00,192.5,193.27,189.64,191.05,13651183
15/01/2025 16:00:00,194.35,197.8,193.33,196.98,12894875
16/01/2025 16:00:00,195.83,196.98,194.3,194.41,13449581
17/01/2025 16:00:00,198.05,198.81,195.31,197.55,22109129
21/01/2025 16:00:00,200.51,203.84,199.44,199.63,19005232
22/01/2025 16:00:00,200.55,202.12,199.2,200.03,15477376
23/01/2025 16:00:00,199.98,201.94,196.82,199.58,15170838
24/01/2025 16:00:00,199.85,202.57,199.78,201.9,12732376
27/01/2025 16:00:00,194.19,198.67,192.7,193.77,24970173
28/01/2025 16:00:00,194.65,197.23,192.61,197.07,15939161
29/01/2025 16:00:00,197.37,198.46,195.19,197.18,12287818
30/01/2025 16:00:00,199.76,203.24,199.47,202.63,14571479
31/01/2025 16:00:00,203.72,207.08,203.58,205.6,17087335
03/02/2025 16:00:00,202.22,205.22,201.66,202.64,16719469
04/02/2025 16:00:00,204.5,208.7,204.26,207.71,28285436
05/02/2025 16:00:00,193.1,194.55,189.91,193.3,43719589
06/02/2025 16:00:00,190.99,193.83,190.49,193.31,20816593
07/02/2025 16:00:00,192.74,193.02,185.1,187.14,29565724
10/02/2025 16:00:00,189.06,189.99,187.61,188.2,16606020
11/02/2025 16:00:00,186.84,188.8,186.08,187.07,13028100
12/02/2025 16:00:00,185.23,186.83,183.63,185.43,17632314
13/02/2025 16:00:00,185.93,187.99,184.88,187.88,12729334
14/02/2025 16:00:00,186.83,188.15,186.11,186.87,12714154
18/02/2025 16:00:00,187.44,187.78,183.58,185.8,19796028
19/02/2025 16:00:00,186.19,187.36,185.5,187.13,13120465
20/02/2025 16:00:00,186.5,187.12,184.6,186.64,12063807
21/02/2025 16:00:00,187.29,187.47,181.13,181.58,19520782
24/02/2025 16:00:00,183.8,185.09,180.88,181.19,18734014
25/02/2025 16:00:00,180.16,180.76,176.77,177.37,20832485
26/02/2025 16:00:00,176.95,178.08,173.59,174.7,23693251
27/02/2025 16:00:00,175.94,176.59,169.75,170.21,25930530
28/02/2025 16:00:00,170.3,172.5,168.39,172.22,30049812
03/03/2025 16:00:00,173.73,175,167.64,168.66,24121991
04/03/2025 16:00:00,167.94,175.17,167.54,172.61,30711408
05/03/2025 16:00:00,172.32,175.75,170.93,174.99,18848036
06/03/2025 16:00:00,172.55,176.73,172.51,174.21,19082404
07/03/2025 16:00:00,173.24,176.9,172.25,175.75,16395287
10/03/2025 16:00:00,170.16,170.45,165.57,167.81,28990724
11/03/2025 16:00:00,166.68,168.66,163.24,165.98,23705899
12/03/2025 16:00:00,168.47,169.53,165.48,169,19880062
13/03/2025 16:00:00,167.98,168.12,164.07,164.73,15206165
14/03/2025 16:00:00,165.32,168.25,164.51,167.62,18611094
17/03/2025 16:00:00,167.33,168.46,165.81,166.57,17839139
18/03/2025 16:00:00,165.96,166.44,158.8,162.67,24616784
19/03/2025 16:00:00,163.92,168.13,163.05,166.28,24955717
20/03/2025 16:00:00,163.82,167.03,163.14,165.05,19981512
21/03/2025 16:00:00,163.38,166.47,163.03,166.25,29882064
24/03/2025 16:00:00,169.27,170.5,167.44,169.93,18742848
25/03/2025 16:00:00,171.18,172.91,170.55,172.79,13841592
26/03/2025 16:00:00,171.3,171.94,166.86,167.14,22554236
27/03/2025 16:00:00,166.71,167.44,163.85,164.08,21571174
28/03/2025 16:00:00,162.36,163.81,155.34,156.06,34866462
31/03/2025 16:00:00,154.81,157.13,152.21,156.23,33591554
01/04/2025 16:00:00,155.3,160.08,155.26,158.88,20111376
02/04/2025 16:00:00,156.96,160.28,156.53,158.86,17113321
03/04/2025 16:00:00,152.84,154.69,152.18,152.63,28416065
04/04/2025 16:00:00,149.9,153.09,147.54,147.74,39832207
07/04/2025 16:00:00,143.39,154.93,142.66,149.24,47823024
08/04/2025 16:00:00,153.57,154.44,145.21,146.58,35304388
09/04/2025 16:00:00,146.33,161.87,145.81,161.06,46479542
10/04/2025 16:00:00,158.76,160.03,152.2,155.37,35270540
11/04/2025 16:00:00,155.59,159.86,155.59,159.4,22581989
14/04/2025 16:00:00,162.31,164.03,159.92,161.47,18255931
15/04/2025 16:00:00,161.57,162.05,157.65,158.68,15690783
16/04/2025 16:00:00,155.47,158.18,153.91,155.5,16921497
17/04/2025 16:00:00,156.61,157.07,150.9,153.36,19513408
21/04/2025 16:00:00,150.97,151.06,148.4,149.86,16147780
22/04/2025 16:00:00,151.07,154.61,150.87,153.9,15910327
23/04/2025 16:00:00,157.91,160.02,156.35,157.72,18575735
24/04/2025 16:00:00,158.53,161.71,158.09,161.47,30787481
25/04/2025 16:00:00,167.1,168.24,163,163.85,35148053
28/04/2025 16:00:00,164.26,164.95,160.38,162.42,20871153
29/04/2025 16:00:00,162.04,162.68,159.39,162.06,15955215
30/04/2025 16:00:00,159.86,161.37,157.16,160.89,20639520
01/05/2025 16:00:00,162.52,163.94,160.93,162.79,21904291
02/05/2025 16:00:00,164.96,166.7,163.66,165.81,16844937
05/05/2025 16:00:00,164.52,167.1,164.47,166.05,15309343
06/05/2025 16:00:00,163.96,166.74,163.13,165.2,10691949
07/05/2025 16:00:00,166.07,166.99,149.49,152.8,78900429
08/05/2025 16:00:00,155.92,157.41,154.1,155.75,38387507
09/05/2025 16:00:00,155.55,156.43,153.83,154.38,22871035
12/05/2025 16:00:00,159.1,160.44,157.89,159.58,31884901
13/05/2025 16:00:00,159.92,162.06,157.58,160.89,24944270
14/05/2025 16:00:00,161.31,168.34,160.93,166.81,31769209
15/05/2025 16:00:00,167.14,167.51,163.84,165.4,22717554
16/05/2025 16:00:00,168.93,170.65,166.95,167.43,36271378
19/05/2025 16:00:00,165.72,167.95,165.42,167.87,21374688
20/05/2025 16:00:00,167.76,169.68,164.26,165.32,33563274
21/05/2025 16:00:00,164.95,174.53,164.89,170.06,45567580
22/05/2025 16:00:00,164.95,174.53,164.89,170.06,1172369
23/05/2025 16:00:00,170.28,171.21,169.26,169.59,24963648
27/05/2025 16:00:00,171.3,174.29,171.21,173.98,24341333
28/05/2025 16:00:00,173.98,176.48,173.01,173.38,25999228
29/05/2025 16:00:00,175,175.4,171.78,172.96,21233590
30/05/2025 16:00:00,172.41,173.44,168.53,172.85,36258254
02/06/2025 16:00:00,169.01,171.06,168.65,170.37,24742877
03/06/2025 16:00:00,168.87,169.8,166.68,167.71,25386713
04/06/2025 16:00:00,168.28,169.58,167.8,169.39,18508735
05/06/2025 16:00:00,171.62,172.36,169.35,169.81,25422883
06/06/2025 16:00:00,172.3,175.83,172.3,174.92,22258115
09/06/2025 16:00:00,175.87,177.92,175.66,177.63,18817587
10/06/2025 16:00:00,177.76,182.45,176.48,180.01,32908000
11/06/2025 16:00:00,181.23,181.75,178,178.79,18994398
12/06/2025 16:00:00,177.48,178.13,176.11,176.97,17345924
13/06/2025 16:00:00,173.58,178.34,173.57,175.88,20873241
16/06/2025 16:00:00,175.91,178.25,175.82,177.94,18132529
17/06/2025 16:00:00,177,178.72,175.94,177.23,17656119
18/06/2025 16:00:00,177.28,177.82,172.84,173.98,32531762
20/06/2025 16:00:00,174.87,175.37,166.27,167.73,55402575
23/06/2025 16:00:00,167.32,168.48,163.33,166.01,36975585
24/06/2025 16:00:00,167.69,169.25,166.91,167.74,27310266
25/06/2025 16:00:00,168.65,173.36,168.56,171.49,23627355
26/06/2025 16:00:00,173.39,174.65,170.86,174.43,25909119
27/06/2025 16:00:00,174.63,178.84,172.71,178.27,74053110
30/06/2025 16:00:00,180.79,181.58,175.5,177.39,43964599
01/07/2025 16:00:00,176.81,177.22,174.66,176.91,25778460
02/07/2025 16:00:00,176.55,179.94,176.09,179.76,19325861
03/07/2025 13:05:00,179.82,180.77,178.19,180.55,13287389
07/07/2025 16:00:00,180.14,180.34,176.64,177.56,20991357
08/07/2025 16:00:00,178.78,178.79,173.92,175.16,24108642
09/07/2025 16:00:00,176.11,180.28,173.88,177.66,31288035
10/07/2025 16:00:00,176.67,179.59,175.74,178.7,24693712
11/07/2025 16:00:00,177.91,182.61,177.54,181.31,23975714
14/07/2025 16:00:00,182.07,184.73,180.71,182.81,20990352
15/07/2025 16:00:00,183.94,185.41,182.39,183.1,23911567
16/07/2025 16:00:00,184.32,185.34,183.08,183.77,21152555
17/07/2025 16:00:00,183.12,185.19,181.5,184.7,21654370
18/07/2025 16:00:00,186.62,187.36,184.73,185.94,21033397
21/07/2025 16:00:00,187.1,191.26,187.05,191.15,24664994
22/07/2025 16:00:00,192.42,193.36,188.5,192.11,26212909
23/07/2025 16:00:00,192.36,193.36,190.18,191.51,34068129
24/07/2025 16:00:00,198.11,198.97,191.95,193.2,45252060
25/07/2025 16:00:00,192.93,195.28,192.13,194.08,31101847
28/07/2025 16:00:00,194.41,194.82,191.86,193.42,25553546
29/07/2025 16:00:00,193.3,196.66,192.99,196.43,31891598
30/07/2025 16:00:00,196.3,198.48,195.56,197.44,21150522
31/07/2025 16:00:00,196.6,196.83,192.08,192.86,27852019
01/08/2025 16:00:00,189.78,191.62,188.7,189.95,21236711
04/08/2025 16:00:00,191.18,196.08,190.92,195.75,23385950
05/08/2025 16:00:00,195.55,198.7,194.68,195.32,19010151
06/08/2025 16:00:00,195.25,197.38,194.47,196.92,15383679
07/08/2025 16:00:00,197.71,198.37,195.22,197.28,14660550
08/08/2025 16:00:00,197.98,203.43,197.9,202.09,24379909
11/08/2025 16:00:00,201.56,202.16,199.8,201.63,16690235
12/08/2025 16:00:00,202.1,205.13,201.4,204.16,19871996
13/08/2025 16:00:00,204.98,205.43,198.64,203.03,19573041
14/08/2025 16:00:00,202.56,205.42,202.32,203.82,17777145
15/08/2025 16:00:00,204.72,207.33,202.09,204.91,21111380
18/08/2025 16:00:00,205.07,206.14,203.41,204.29,13000162
19/08/2025 16:00:00,203.91,204.29,200.93,202.49,13476582
20/08/2025 16:00:00,201.68,202.17,197.46,200.19,13971693
21/08/2025 16:00:00,200.72,203.36,200.4,200.62,11768910
22/08/2025 16:00:00,203.96,209.23,202.13,206.72,25723734
25/08/2025 16:00:00,207,211.09,205.95,209.16,22788806
26/08/2025 16:00:00,208.37,208.46,206.45,207.95,23050971
27/08/2025 16:00:00,206.46,209.57,206.39,208.21,15248979
28/08/2025 16:00:00,207.84,212.9,207.6,212.37,20915705
29/08/2025 16:00:00,211.27,215.34,210.97,213.53,24682224
02/09/2025 16:00:00,208.99,212.37,206.96,211.99,28900069
03/09/2025 16:00:00,226.48,231.8,225.12,231.1,72250269
04/09/2025 16:00:00,230.16,232.77,226.76,232.66,32196009
05/09/2025 16:00:00,232.66,236.13,232.38,235.17,26127737
08/09/2025 16:00:00,235.79,238.4,233.73,234.16,23128799
09/09/2025 16:00:00,234.19,240.59,233.38,239.94,22854794
10/09/2025 16:00:00,239.25,242.08,238.11,239.56,19990138
11/09/2025 16:00:00,240.14,242.57,236.58,240.78,21308614
12/09/2025 16:00:00,240.8,242.42,238.5,241.38,14536593
15/09/2025 16:00:00,245.14,252.75,244.98,251.76,29935150
16/09/2025 16:00:00,252.33,253.23,249.72,251.42,24493512
17/09/2025 16:00:00,251.46,251.95,246.58,249.85,20491324
18/09/2025 16:00:00,251.86,254.14,250.11,252.33,21166359
19/09/2025 16:00:00,253.4,256.7,252.07,255.24,41616844
22/09/2025 16:00:00,254.78,256.31,250.81,252.88,20078982
23/09/2025 16:00:00,253.66,254.77,251.09,252.34,17521091
24/09/2025 16:00:00,252.15,252.96,247.22,247.83,16958511
25/09/2025 16:00:00,244.84,247.32,241.65,246.57,17379793
26/09/2025 16:00:00,247.79,250.12,246.64,247.18,16594608
29/09/2025 16:00:00,248.28,251.65,243.2,244.36,23157245
30/09/2025 16:00:00,243.06,243.68,239.57,243.55,22541189
01/10/2025 16:00:00,241.18,247.15,239.2,245.54,23967662
02/10/2025 16:00:00,245.64,247.64,243.11,246.43,20657524
03/10/2025 16:00:00,245.23,247.12,242.47,246.45,19941381
06/10/2025 16:00:00,245.78,252.2,245.69,251.51,18309030
07/10/2025 16:00:00,248.93,251.55,246.81,247.13,13811174
08/10/2025 16:00:00,246.2,247.26,245.09,245.46,14136494
09/10/2025 16:00:00,245.06,245.56,239.68,242.21,19375722
10/10/2025 16:00:00,242.16,244.84,236.69,237.49,22449083
13/10/2025 16:00:00,241.03,244.99,240.75,244.64,12464965
14/10/2025 16:00:00,241.76,248.03,241.18,246.19,17705370
15/10/2025 16:00:00,248.09,252.76,246.79,251.71,16048087
16/10/2025 16:00:00,252.47,257.58,250.67,251.88,18945987
17/10/2025 16:00:00,251.35,254.88,248.59,253.79,17653826
20/10/2025 16:00:00,255.23,257.88,254.6,257.02,13726831
21/10/2025 16:00:00,255.25,255.38,244.67,251.34,27836425
22/10/2025 16:00:00,255.01,257.18,250.45,252.53,19650244
23/10/2025 16:00:00,253.7,255.86,252.77,253.73,13241319
24/10/2025 16:00:00,257.3,262.51,256.1,260.51,18405966
27/10/2025 16:00:00,265.36,270.8,264.94,269.93,22987660
28/10/2025 16:00:00,270.2,271.38,267.17,268.43,20101160
29/10/2025 16:00:00,268.61,275.97,268.43,275.17,26287850
30/10/2025 16:00:00,291.72,291.93,280.45,281.9,48570034
31/10/2025 16:00:00,283.21,286.29,277.52,281.82,29932813
03/11/2025 16:00:00,282.42,285.94,280.37,284.12,19691754
04/11/2025 16:00:00,277.07,281.83,276.87,278.06,18123709
05/11/2025 16:00:00,279.38,286.7,277.88,284.75,20063216
06/11/2025 16:00:00,285.74,288.81,281.62,285.34,23103777
07/11/2025 16:00:00,284.21,284.5,275.74,279.7,21991128
10/11/2025 16:00:00,285.27,291.46,283.54,290.59,19508185
11/11/2025 16:00:00,288.2,292.34,287.88,291.74,14156729
12/11/2025 16:00:00,292.08,292.36,284.38,287.43,16998821
13/11/2025 16:00:00,282.99,283.51,278,279.12,18060224
14/11/2025 16:00:00,271.9,279.15,271.41,276.98,18330487
17/11/2025 16:00:00,286.4,294.52,284.23,285.6,34286093
18/11/2025 16:00:00,288.49,289.44,279.01,284.96,29702228
19/11/2025 16:00:00,287.69,304.25,287.67,292.99,43123599
20/11/2025 16:00:00,304.74,306.89,289.17,289.98,34801371
21/11/2025 16:00:00,296.87,303.96,294.36,299.65,43670586
24/11/2025 16:00:00,311.01,319.8,309.4,318.47,55311838
25/11/2025 16:00:00,326.8,328.67,317.82,323.64,50899309
26/11/2025 16:00:00,320.78,324.99,317.2,320.28,29839577
28/11/2025 13:05:00,323.43,326.88,316.94,320.12,19695811
01/12/2025 16:00:00,317.48,319.63,313.98,315.12,28520587
02/12/2025 16:00:00,316.9,318.6,314.22,316.02,24668179
03/12/2025 16:00:00,316.03,322.04,314.28,320.62,32285099
04/12/2025 16:00:00,323.05,323.1,315.59,318.39,20831597
05/12/2025 16:00:00,320,323.83,319.98,322.09,15719851
08/12/2025 16:00:00,321.03,321.23,311.91,314.45,22006891
09/12/2025 16:00:00,313.1,318.71,312.62,317.75,14151337
10/12/2025 16:00:00,316.62,321.87,315.4,321,22764499
11/12/2025 16:00:00,321.1,321.99,309.88,313.7,25912059
12/12/2025 16:00:00,314.8,316.14,306.96,310.52,21264787
15/12/2025 16:00:00,312.63,312.7,305.74,309.32,22028947
16/12/2025 16:00:00,306,311.85,303.83,307.73,21285166
17/12/2025 16:00:00,309.01,309.2,297.45,298.06,29120355
18/12/2025 16:00:00,303.06,305.26,300.63,303.75,21040496
19/12/2025 16:00:00,303.27,308.99,302.34,308.61,45234430
22/12/2025 16:00:00,311.23,311.7,306.59,311.33,14091373
23/12/2025 16:00:00,311.14,316.3,310.75,315.68,13961424
24/12/2025 13:05:00,316.15,316.29,313.32,315.67,6138155
26/12/2025 16:00:00,315.92,316.56,313.72,314.96,6730944
29/12/2025 16:00:00,312.82,314.97,311.9,314.39,12317693
30/12/2025 16:00:00,313.41,317.7,313.25,314.55,11052495
31/12/2025 16:00:00,313.37,315.39,312.2,313.8,10821502
02/01/2026 16:00:00,317.59,322.91,310.65,315.32,22043703