,timestamp,Close,Open,Low,High,Volume,AdjClose
0,2018-09-12,6.599999904632568,6.0,5.349999904632568,6.929999828338623,66849000,6.599999904632568
1,2018-09-13,11.600000381469727,6.619999885559082,6.519999980926514,12.6899995803833,158346500,11.600000381469727
2,2018-09-14,9.899999618530273,12.65999984741211,9.220000267028809,13.800000190734863,172473600,9.899999618530273
3,2018-09-17,8.5,9.609999656677246,8.5,9.75,56323900,8.5
4,2018-09-18,7.679999828338623,8.729999542236328,7.670000076293945,9.100000381469727,41827600,7.679999828338623
5,2018-09-19,8.5,7.880000114440918,7.539999961853027,9.149999618530273,48306500,8.5
6,2018-09-20,8.779999732971191,9.069999694824219,8.420000076293945,9.470000267028809,40275000,8.779999732971191
7,2018-09-21,8.59000015258789,9.050000190734863,8.5,9.069999694824219,15118500,8.59000015258789
8,2018-09-24,7.869999885559082,8.319999694824219,7.849999904632568,8.390000343322754,16297900,7.869999885559082
9,2018-09-25,7.579999923706055,8.0600004196167,7.5,8.1899995803833,18909300,7.579999923706055
10,2018-09-26,7.5,7.590000152587891,7.5,7.760000228881836,11088300,7.5
11,2018-09-27,7.010000228881836,7.550000190734863,7.010000228881836,7.550000190734863,16815600,7.010000228881836
12,2018-09-28,6.980000019073486,6.96999979019165,6.679999828338623,7.28000020980835,21813600,6.980000019073486
13,2018-10-01,6.599999904632568,7.059999942779541,6.599999904632568,7.079999923706055,16429100,6.599999904632568
14,2018-10-02,5.929999828338623,6.599999904632568,5.869999885559082,6.599999904632568,19440000,5.929999828338623
15,2018-10-03,6.300000190734863,6.119999885559082,6.119999885559082,6.550000190734863,13251200,6.300000190734863
16,2018-10-04,6.25,6.190000057220459,6.0,6.25,11896600,6.25
17,2018-10-05,6.260000228881836,6.199999809265137,6.03000020980835,6.289999961853027,8378300,6.260000228881836
18,2018-10-08,6.039999961853027,6.070000171661377,5.949999809265137,6.179999828338623,11508800,6.039999961853027
19,2018-10-09,7.389999866485596,6.190000057220459,6.099999904632568,7.400000095367432,38464400,7.389999866485596
20,2018-10-10,7.75,8.100000381469727,7.389999866485596,8.350000381469727,74971100,7.75
21,2018-10-11,7.179999828338623,7.440000057220459,6.920000076293945,7.550000190734863,22730000,7.179999828338623
22,2018-10-12,7.460000038146973,7.460000038146973,7.28000020980835,7.75,14545400,7.460000038146973
23,2018-10-15,7.820000171661377,7.860000133514404,7.699999809265137,8.300000190734863,26781700,7.820000171661377
24,2018-10-16,8.039999961853027,8.0600004196167,7.829999923706055,8.199999809265137,17490500,8.039999961853027
25,2018-10-17,7.769999980926514,8.119999885559082,7.730000019073486,8.15999984741211,11705300,7.769999980926514
26,2018-10-18,7.5,7.599999904632568,7.260000228881836,7.670000076293945,11906000,7.5
27,2018-10-19,7.320000171661377,7.590000152587891,7.21999979019165,7.75,7336200,7.320000171661377
28,2018-10-22,7.03000020980835,7.679999828338623,7.0,7.690000057220459,12758500,7.03000020980835
29,2018-10-23,6.809999942779541,6.739999771118164,6.449999809265137,6.889999866485596,14901700,6.809999942779541
30,2018-10-24,6.170000076293945,6.849999904632568,6.130000114440918,6.849999904632568,14789900,6.170000076293945
31,2018-10-25,6.449999809265137,6.269999980926514,6.25,6.570000171661377,9188700,6.449999809265137
32,2018-10-26,6.349999904632568,6.210000038146973,6.179999828338623,6.510000228881836,9459000,6.349999904632568
33,2018-10-29,6.190000057220459,6.53000020980835,6.050000190734863,6.789999961853027,16027600,6.190000057220459
34,2018-10-30,5.949999809265137,6.199999809265137,5.619999885559082,6.21999979019165,21823900,5.949999809265137
35,2018-10-31,5.900000095367432,6.079999923706055,5.900000095367432,6.25,15213400,5.900000095367432
36,2018-11-01,6.619999885559082,6.0,5.960000038146973,6.78000020980835,24330900,6.619999885559082
37,2018-11-02,6.489999771118164,6.840000152587891,6.269999980926514,6.840000152587891,17988800,6.489999771118164
38,2018-11-05,6.679999828338623,6.519999980926514,6.25,6.71999979019165,13188700,6.679999828338623
39,2018-11-06,6.400000095367432,7.21999979019165,6.400000095367432,7.320000171661377,49855800,6.400000095367432
40,2018-11-07,6.739999771118164,6.420000076293945,6.150000095367432,6.880000114440918,23761800,6.739999771118164
41,2018-11-08,6.690000057220459,6.489999771118164,6.46999979019165,7.099999904632568,20510700,6.690000057220459
42,2018-11-09,6.769999980926514,6.590000152587891,6.519999980926514,6.929999828338623,12789800,6.769999980926514
43,2018-11-12,6.650000095367432,6.71999979019165,6.559999942779541,6.929999828338623,12709100,6.650000095367432
44,2018-11-13,6.78000020980835,6.690000057220459,6.579999923706055,6.900000095367432,15374100,6.78000020980835
45,2018-11-14,7.099999904632568,6.800000190734863,6.800000190734863,7.449999809265137,29585100,7.099999904632568
46,2018-11-15,7.340000152587891,7.150000095367432,7.110000133514404,7.489999771118164,17904000,7.340000152587891
47,2018-11-16,7.190000057220459,7.400000095367432,7.159999847412109,7.650000095367432,14972500,7.190000057220459
48,2018-11-19,7.840000152587891,7.380000114440918,7.28000020980835,8.210000038146973,49171800,7.840000152587891
49,2018-11-20,7.670000076293945,7.650000095367432,7.150000095367432,7.909999847412109,26923200,7.670000076293945
50,2018-11-21,7.710000038146973,7.900000095367432,7.630000114440918,8.050000190734863,13993600,7.710000038146973
51,2018-11-23,7.460000038146973,7.679999828338623,7.409999847412109,7.699999809265137,8119700,7.460000038146973
52,2018-11-26,7.369999885559082,7.610000133514404,7.159999847412109,7.630000114440918,12164900,7.369999885559082
53,2018-11-27,7.480000019073486,7.300000190734863,7.230000019073486,7.699999809265137,9084900,7.480000019073486
54,2018-11-28,8.119999885559082,7.599999904632568,7.599999904632568,8.149999618530273,22096900,8.119999885559082
55,2018-11-29,7.789999961853027,8.0600004196167,7.760000228881836,8.119999885559082,13207600,7.789999961853027
56,2018-11-30,7.710000038146973,7.800000190734863,7.679999828338623,8.0,10994700,7.710000038146973
57,2018-12-03,7.579999923706055,8.100000381469727,7.5,8.130000114440918,22425400,7.579999923706055
58,2018-12-04,7.079999923706055,7.599999904632568,7.050000190734863,7.639999866485596,19624700,7.079999923706055
59,2018-12-06,7.369999885559082,6.860000133514404,6.71999979019165,7.369999885559082,16688100,7.369999885559082
60,2018-12-07,6.989999771118164,7.360000133514404,6.960000038146973,7.380000114440918,11576200,6.989999771118164
61,2018-12-10,7.03000020980835,7.03000020980835,6.739999771118164,7.119999885559082,9981000,7.03000020980835
62,2018-12-11,7.079999923706055,7.079999923706055,6.920000076293945,7.199999809265137,8095700,7.079999923706055
63,2018-12-12,7.539999961853027,7.199999809265137,7.119999885559082,7.550000190734863,16007500,7.539999961853027
64,2018-12-13,7.75,7.550000190734863,7.260000228881836,7.900000095367432,14980900,7.75
65,2018-12-14,7.699999809265137,7.53000020980835,7.400000095367432,7.889999866485596,10773600,7.699999809265137
66,2018-12-17,7.03000020980835,7.630000114440918,6.960000038146973,7.639999866485596,18132800,7.03000020980835
67,2018-12-18,7.070000171661377,7.03000020980835,6.840000152587891,7.190000057220459,10685800,7.070000171661377
68,2018-12-19,6.829999923706055,7.010000228881836,6.800000190734863,7.150000095367432,9299700,6.829999923706055
69,2018-12-20,6.519999980926514,6.820000171661377,6.329999923706055,6.920000076293945,12080000,6.519999980926514
70,2018-12-21,6.070000171661377,6.53000020980835,6.059999942779541,6.650000095367432,13598300,6.070000171661377
71,2018-12-24,5.920000076293945,6.0,5.840000152587891,6.119999885559082,8835800,5.920000076293945
72,2018-12-26,6.360000133514404,6.110000133514404,5.960000038146973,6.369999885559082,9912300,6.360000133514404
73,2018-12-27,6.429999828338623,6.170000076293945,6.03000020980835,6.449999809265137,8531900,6.429999828338623
74,2018-12-28,6.46999979019165,6.5,6.300000190734863,6.559999942779541,7996500,6.46999979019165
75,2018-12-31,6.369999885559082,6.559999942779541,6.210000038146973,6.570000171661377,8667400,6.369999885559082
76,2019-01-02,6.199999809265137,6.130000114440918,6.0,6.239999771118164,8823600,6.199999809265137
77,2019-01-03,6.050000190734863,6.099999904632568,6.019999980926514,6.150000095367432,7562900,6.050000190734863
78,2019-01-04,6.360000133514404,6.190000057220459,6.130000114440918,6.400000095367432,9405600,6.360000133514404
79,2019-01-07,6.5,6.409999847412109,6.309999942779541,6.590000152587891,9709000,6.5
80,2019-01-08,6.400000095367432,6.570000171661377,6.170000076293945,6.579999923706055,9603800,6.400000095367432
81,2019-01-09,6.630000114440918,6.409999847412109,6.349999904632568,6.690000057220459,11489900,6.630000114440918
82,2019-01-10,6.659999847412109,6.630000114440918,6.409999847412109,6.730000019073486,11221100,6.659999847412109
83,2019-01-11,6.590000152587891,6.5,6.480000019073486,6.619999885559082,6902300,6.590000152587891
84,2019-01-14,6.800000190734863,6.510000228881836,6.369999885559082,7.150000095367432,19454100,6.800000190734863
85,2019-01-15,6.820000171661377,6.849999904632568,6.75,7.070000171661377,12633000,6.820000171661377
86,2019-01-16,6.710000038146973,6.800000190734863,6.679999828338623,6.900000095367432,6941200,6.710000038146973
87,2019-01-17,6.809999942779541,6.699999809265137,6.53000020980835,6.880000114440918,8508900,6.809999942779541
88,2019-01-18,6.710000038146973,6.889999866485596,6.679999828338623,6.909999847412109,9240900,6.710000038146973
89,2019-01-22,6.570000171661377,6.630000114440918,6.510000228881836,6.670000076293945,6379600,6.570000171661377
90,2019-01-23,6.550000190734863,6.630000114440918,6.46999979019165,6.789999961853027,5686000,6.550000190734863
91,2019-01-24,6.579999923706055,6.46999979019165,6.46999979019165,6.75,5920000,6.579999923706055
92,2019-01-25,6.650000095367432,6.650000095367432,6.599999904632568,6.78000020980835,6723600,6.650000095367432
93,2019-01-28,6.670000076293945,6.559999942779541,6.480000019073486,6.679999828338623,5111000,6.670000076293945
94,2019-01-29,6.940000057220459,6.679999828338623,6.639999866485596,6.96999979019165,14200100,6.940000057220459
95,2019-01-30,7.460000038146973,6.940000057220459,6.920000076293945,7.550000190734863,28775000,7.460000038146973
96,2019-01-31,7.880000114440918,7.400000095367432,7.400000095367432,7.889999866485596,21233900,7.880000114440918
97,2019-02-01,7.900000095367432,7.849999904632568,7.679999828338623,8.109999656677246,20788800,7.900000095367432
98,2019-02-04,7.849999904632568,7.960000038146973,7.739999771118164,7.980000019073486,8585300,7.849999904632568
99,2019-02-05,7.880000114440918,7.710000038146973,7.610000133514404,7.960000038146973,9029900,7.880000114440918
100,2019-02-06,8.399999618530273,7.949999809265137,7.829999923706055,8.59000015258789,33404700,8.399999618530273
101,2019-02-07,8.039999961853027,8.279999732971191,7.800000190734863,8.369999885559082,23198200,8.039999961853027
102,2019-02-08,7.670000076293945,8.0,7.28000020980835,8.0,21709300,7.670000076293945
103,2019-02-11,7.460000038146973,7.670000076293945,7.380000114440918,7.769999980926514,9750700,7.460000038146973
104,2019-02-12,7.440000057220459,7.349999904632568,7.139999866485596,7.570000171661377,13264100,7.440000057220459
105,2019-02-13,7.489999771118164,7.519999980926514,7.389999866485596,7.679999828338623,10867800,7.489999771118164
106,2019-02-14,7.480000019073486,7.699999809265137,7.420000076293945,7.78000020980835,14728300,7.480000019073486
107,2019-02-15,7.409999847412109,7.550000190734863,7.260000228881836,7.639999866485596,15620200,7.409999847412109
108,2019-02-19,7.260000228881836,7.400000095367432,7.210000038146973,7.429999828338623,9974700,7.260000228881836
109,2019-02-20,7.619999885559082,7.260000228881836,7.260000228881836,7.769999980926514,21495700,7.619999885559082
110,2019-02-21,7.639999866485596,7.699999809265137,7.429999828338623,7.730000019073486,8060100,7.639999866485596
111,2019-02-22,8.170000076293945,7.920000076293945,7.75,8.220000267028809,26600400,8.170000076293945
112,2019-02-25,9.0,9.039999961853027,8.600000381469727,9.09000015258789,52424200,9.0
113,2019-02-26,9.789999961853027,9.15999984741211,8.819999694824219,10.640000343322754,106022600,9.789999961853027
114,2019-02-27,9.850000381469727,10.149999618530273,9.329999923706055,10.25,53234300,9.850000381469727
115,2019-02-28,9.569999694824219,9.850000381469727,9.460000038146973,9.930000305175781,26506000,9.569999694824219
116,2019-03-01,10.0600004196167,9.819999694824219,9.729999542236328,10.199999809265137,32409400,10.0600004196167
117,2019-03-04,9.779999732971191,10.319999694824219,9.149999618530273,10.369999885559082,43753300,9.779999732971191
118,2019-03-05,10.15999984741211,9.800000190734863,9.699999809265137,10.630000114440918,53680800,10.15999984741211
119,2019-03-06,8.010000228881836,8.260000228881836,8.0,8.720000267028809,73522700,8.010000228881836
120,2019-03-07,7.090000152587891,7.809999942779541,7.0,7.949999809265137,52469600,7.090000152587891
121,2019-03-08,7.059999942779541,7.019999980926514,6.849999904632568,7.199999809265137,32040600,7.059999942779541
122,2019-03-11,6.590000152587891,6.949999809265137,6.550000190734863,6.980000019073486,62544500,6.590000152587891
123,2019-03-12,6.389999866485596,6.619999885559082,6.369999885559082,6.639999866485596,41616000,6.389999866485596
124,2019-03-13,6.53000020980835,6.320000171661377,6.239999771118164,6.769999980926514,41727200,6.53000020980835
125,2019-03-14,6.03000020980835,6.630000114440918,6.0,6.639999866485596,58983400,6.03000020980835
126,2019-03-15,5.710000038146973,6.119999885559082,5.710000038146973,6.130000114440918,85777000,5.710000038146973
127,2019-03-18,5.75,5.690000057220459,5.440000057220459,5.949999809265137,76506100,5.75
128,2019-03-19,5.960000038146973,5.75,5.730000019073486,6.03000020980835,54509200,5.960000038146973
129,2019-03-20,5.849999904632568,6.019999980926514,5.710000038146973,6.03000020980835,39053700,5.849999904632568
130,2019-03-21,5.840000152587891,5.75,5.739999771118164,5.949999809265137,21368900,5.840000152587891
131,2019-03-22,5.619999885559082,5.800000190734863,5.599999904632568,5.869999885559082,24956500,5.619999885559082
132,2019-03-25,5.349999904632568,5.619999885559082,5.269999980926514,5.659999847412109,38993300,5.349999904632568
133,2019-03-26,4.960000038146973,5.199999809265137,4.900000095367432,5.21999979019165,67206300,4.960000038146973
134,2019-03-27,4.980000019073486,5.010000228881836,4.960000038146973,5.190000057220459,39753400,4.980000019073486
135,2019-03-28,5.010000228881836,5.039999961853027,4.929999828338623,5.170000076293945,29281400,5.010000228881836
136,2019-03-29,5.099999904632568,5.059999942779541,5.03000020980835,5.130000114440918,23595900,5.099999904632568
137,2019-04-01,5.210000038146973,5.289999961853027,5.139999866485596,5.400000095367432,32404600,5.210000038146973
138,2019-04-02,5.389999866485596,5.429999828338623,5.349999904632568,5.610000133514404,55814800,5.389999866485596
139,2019-04-03,5.309999942779541,5.550000190734863,5.230000019073486,5.579999923706055,35197400,5.309999942779541
140,2019-04-04,5.349999904632568,5.389999866485596,5.269999980926514,5.5,31696600,5.349999904632568
141,2019-04-05,5.360000133514404,5.369999885559082,5.309999942779541,5.400000095367432,18093400,5.360000133514404
142,2019-04-08,5.300000190734863,5.329999923706055,5.25,5.380000114440918,17349800,5.300000190734863
143,2019-04-09,5.079999923706055,5.28000020980835,5.059999942779541,5.28000020980835,32590100,5.079999923706055
144,2019-04-10,5.050000190734863,5.059999942779541,4.960000038146973,5.110000133514404,25958700,5.050000190734863
145,2019-04-11,5.010000228881836,5.0,4.96999979019165,5.090000152587891,17642600,5.010000228881836
146,2019-04-12,4.989999771118164,5.03000020980835,4.949999809265137,5.059999942779541,15561300,4.989999771118164
147,2019-04-15,4.75,4.989999771118164,4.71999979019165,5.0,27489100,4.75
148,2019-04-16,4.449999809265137,4.800000190734863,4.429999828338623,4.809999942779541,46354500,4.449999809265137
149,2019-04-17,4.590000152587891,4.610000133514404,4.510000228881836,4.71999979019165,30546400,4.590000152587891
150,2019-04-18,4.789999961853027,4.53000020980835,4.440000057220459,4.920000076293945,31206500,4.789999961853027
151,2019-04-22,4.78000020980835,4.739999771118164,4.619999885559082,4.809999942779541,12936700,4.78000020980835
152,2019-04-23,4.829999923706055,4.820000171661377,4.730000019073486,4.920000076293945,15107000,4.829999923706055
153,2019-04-24,5.0,4.789999961853027,4.75,5.010000228881836,20401300,5.0
154,2019-04-25,4.900000095367432,5.010000228881836,4.849999904632568,5.150000095367432,21552800,4.900000095367432
155,2019-04-26,4.920000076293945,4.849999904632568,4.769999980926514,4.929999828338623,11891300,4.920000076293945
156,2019-04-29,4.980000019073486,4.889999866485596,4.869999885559082,5.050000190734863,15202800,4.980000019073486
157,2019-04-30,4.849999904632568,4.980000019073486,4.800000190734863,5.079999923706055,14434600,4.849999904632568
158,2019-05-01,4.679999828338623,4.840000152587891,4.679999828338623,4.849999904632568,13308300,4.679999828338623
159,2019-05-02,4.71999979019165,4.739999771118164,4.570000171661377,4.75,14080400,4.71999979019165
160,2019-05-03,5.019999980926514,4.730000019073486,4.730000019073486,5.110000133514404,25245500,5.019999980926514
161,2019-05-06,4.880000114440918,4.71999979019165,4.690000057220459,4.880000114440918,16144400,4.880000114440918
162,2019-05-07,4.840000152587891,4.809999942779541,4.760000228881836,4.920000076293945,11545700,4.840000152587891
163,2019-05-08,4.570000171661377,4.789999961853027,4.559999942779541,4.809999942779541,20456900,4.570000171661377
164,2019-05-09,4.599999904632568,4.539999961853027,4.510000228881836,4.699999809265137,15759700,4.599999904632568
165,2019-05-10,4.559999942779541,4.599999904632568,4.510000228881836,4.659999847412109,17146500,4.559999942779541
166,2019-05-13,4.329999923706055,4.5,4.300000190734863,4.5,21804500,4.329999923706055
167,2019-05-14,4.670000076293945,4.46999979019165,4.409999847412109,4.670000076293945,27925700,4.670000076293945
168,2019-05-15,4.710000038146973,4.590000152587891,4.53000020980835,4.75,14669000,4.710000038146973
169,2019-05-16,4.659999847412109,4.650000095367432,4.610000133514404,4.849999904632568,16198000,4.659999847412109
170,2019-05-17,4.420000076293945,4.579999923706055,4.420000076293945,4.699999809265137,19775700,4.420000076293945
171,2019-05-20,4.25,4.380000114440918,4.110000133514404,4.400000095367432,23571700,4.25
172,2019-05-21,4.289999961853027,4.349999904632568,4.25,4.449999809265137,23435300,4.289999961853027
173,2019-05-22,4.050000190734863,4.25,4.0,4.300000190734863,35451300,4.050000190734863
174,2019-05-23,3.930000066757202,3.9600000381469727,3.8299999237060547,4.03000020980835,27855500,3.930000066757202
175,2019-05-24,3.859999895095825,3.9800000190734863,3.809999942779541,4.050000190734863,26069400,3.859999895095825
176,2019-05-28,4.0,4.119999885559082,3.880000114440918,4.139999866485596,114474400,4.0
177,2019-05-29,3.609999895095825,3.890000104904175,3.5999999046325684,3.9000000953674316,41690400,3.609999895095825
178,2019-05-30,3.240000009536743,3.549999952316284,3.109999895095825,3.549999952316284,55942200,3.240000009536743
179,2019-05-31,3.049999952316284,3.069999933242798,3.0,3.1500000953674316,39383300,3.049999952316284
180,2019-06-03,2.9600000381469727,2.9800000190734863,2.740000009536743,3.059999942779541,51793000,2.9600000381469727
181,2019-06-04,3.0399999618530273,3.0,2.9700000286102295,3.109999895095825,30924000,3.0399999618530273
182,2019-06-05,2.8299999237060547,3.069999933242798,2.759999990463257,3.0899999141693115,38179100,2.8299999237060547
183,2019-06-06,2.6500000953674316,2.9000000953674316,2.5399999618530273,2.9000000953674316,54094300,2.6500000953674316
184,2019-06-07,2.759999990463257,2.640000104904175,2.549999952316284,2.809999942779541,31397900,2.759999990463257
185,2019-06-10,2.630000114440918,2.75,2.5899999141693115,2.819999933242798,35989100,2.630000114440918
186,2019-06-11,2.609999895095825,2.6700000762939453,2.549999952316284,2.6700000762939453,33070100,2.609999895095825
187,2019-06-12,2.549999952316284,2.619999885559082,2.5,2.619999885559082,30099500,2.549999952316284
188,2019-06-13,2.5199999809265137,2.549999952316284,2.5,2.619999885559082,21962600,2.5199999809265137
189,2019-06-14,2.4200000762939453,2.440000057220459,2.3499999046325684,2.450000047683716,27065700,2.4200000762939453
190,2019-06-17,2.4600000381469727,2.390000104904175,2.3499999046325684,2.5299999713897705,20830100,2.4600000381469727
191,2019-06-18,2.5299999713897705,2.5199999809265137,2.450000047683716,2.7100000381469727,50080800,2.5299999713897705
192,2019-06-19,2.740000009536743,2.6700000762939453,2.559999942779541,2.8399999141693115,43761900,2.740000009536743
193,2019-06-20,2.8299999237060547,2.869999885559082,2.799999952316284,3.049999952316284,55697200,2.8299999237060547
194,2019-06-21,2.640000104904175,2.880000114440918,2.569999933242798,2.9000000953674316,49602400,2.640000104904175
195,2019-06-24,2.640000104904175,2.609999895095825,2.509999990463257,2.690000057220459,22693900,2.640000104904175
196,2019-06-25,2.5999999046325684,2.640000104904175,2.549999952316284,2.6600000858306885,16273100,2.5999999046325684
197,2019-06-26,2.549999952316284,2.640000104904175,2.5399999618530273,2.7300000190734863,20679300,2.549999952316284
198,2019-06-27,2.5999999046325684,2.509999990463257,2.440000057220459,2.619999885559082,27685600,2.5999999046325684
199,2019-06-28,2.549999952316284,2.5999999046325684,2.509999990463257,2.630000114440918,17640300,2.549999952316284
200,2019-07-01,2.5999999046325684,2.6700000762939453,2.5799999237060547,2.680000066757202,19462800,2.5999999046325684
201,2019-07-02,2.819999933242798,2.5999999046325684,2.569999933242798,2.8499999046325684,35317300,2.819999933242798
202,2019-07-03,3.130000114440918,2.930000066757202,2.9000000953674316,3.2899999618530273,75342400,3.130000114440918
203,2019-07-05,3.259999990463257,3.309999942779541,3.1500000953674316,3.3399999141693115,35914600,3.259999990463257
204,2019-07-08,3.490000009536743,3.2100000381469727,3.130000114440918,3.5,40424000,3.490000009536743
205,2019-07-09,3.690000057220459,3.5799999237060547,3.4200000762939453,3.9000000953674316,87406100,3.690000057220459
206,2019-07-10,3.680000066757202,3.950000047683716,3.5999999046325684,4.0,85126100,3.680000066757202
207,2019-07-11,3.4200000762939453,3.640000104904175,3.319999933242798,3.680000066757202,57070300,3.4200000762939453
208,2019-07-12,3.450000047683716,3.3399999141693115,3.319999933242798,3.640000104904175,39432200,3.450000047683716
209,2019-07-15,3.390000104904175,3.490000009536743,3.3399999141693115,3.5199999809265137,19833100,3.390000104904175
210,2019-07-16,3.299999952316284,3.4000000953674316,3.259999990463257,3.450000047683716,25764600,3.299999952316284
211,2019-07-17,3.440000057220459,3.2799999713897705,3.25,3.5199999809265137,26705000,3.440000057220459
212,2019-07-18,3.430000066757202,3.4700000286102295,3.309999942779541,3.5,17544400,3.430000066757202
213,2019-07-19,3.369999885559082,3.430000066757202,3.359999895095825,3.4800000190734863,13784300,3.369999885559082
214,2019-07-22,3.380000114440918,3.380000114440918,3.309999942779541,3.450000047683716,12376900,3.380000114440918
215,2019-07-23,3.4600000381469727,3.430000066757202,3.369999885559082,3.490000009536743,12462000,3.4600000381469727
216,2019-07-24,3.6700000762939453,3.450000047683716,3.440000057220459,3.75,38844800,3.6700000762939453
217,2019-07-25,3.5,3.680000066757202,3.5,3.7200000286102295,26513300,3.5
218,2019-07-26,3.509999990463257,3.559999942779541,3.5,3.619999885559082,15606300,3.509999990463257
219,2019-07-29,3.4600000381469727,3.549999952316284,3.319999933242798,3.5799999237060547,25890700,3.4600000381469727
220,2019-07-30,3.380000114440918,3.430000066757202,3.3499999046325684,3.440000057220459,14127900,3.380000114440918
221,2019-07-31,3.4700000286102295,3.380000114440918,3.359999895095825,3.5299999713897705,19917200,3.4700000286102295
222,2019-08-01,3.2799999713897705,3.450000047683716,3.200000047683716,3.509999990463257,28758400,3.2799999713897705
223,2019-08-02,3.2699999809265137,3.2100000381469727,3.1600000858306885,3.3299999237060547,17211300,3.2699999809265137
224,2019-08-05,2.950000047683716,3.140000104904175,2.8499999046325684,3.140000104904175,38736200,2.950000047683716
225,2019-08-06,3.0799999237060547,3.0899999141693115,3.0,3.140000104904175,23455700,3.0799999237060547
226,2019-08-07,3.0899999141693115,3.0399999618530273,2.930000066757202,3.0899999141693115,18090400,3.0899999141693115
227,2019-08-08,3.1700000762939453,3.130000114440918,3.109999895095825,3.259999990463257,20999800,3.1700000762939453
228,2019-08-09,3.130000114440918,3.0999999046325684,3.0999999046325684,3.180000066757202,10610000,3.130000114440918
229,2019-08-12,3.049999952316284,3.049999952316284,2.9600000381469727,3.109999895095825,13991200,3.049999952316284
230,2019-08-13,3.1500000953674316,3.0,3.0,3.200000047683716,18541900,3.1500000953674316
231,2019-08-14,2.9000000953674316,3.0799999237060547,2.880000114440918,3.0799999237060547,28205900,2.9000000953674316
232,2019-08-15,2.819999933242798,2.990000009536743,2.7699999809265137,2.990000009536743,15736000,2.819999933242798
233,2019-08-16,2.950000047683716,2.890000104904175,2.859999895095825,3.009999990463257,15884200,2.950000047683716
234,2019-08-19,3.0,3.0,3.0,3.0999999046325684,13657100,3.0
235,2019-08-20,3.1600000858306885,3.059999942779541,3.0,3.2100000381469727,16688200,3.1600000858306885
236,2019-08-21,3.049999952316284,3.2300000190734863,3.0199999809265137,3.2699999809265137,21513600,3.049999952316284
237,2019-08-22,3.0199999809265137,3.059999942779541,3.009999990463257,3.0899999141693115,12404300,3.0199999809265137
238,2019-08-23,2.9200000762939453,2.9700000286102295,2.890000104904175,3.0399999618530273,13584500,2.9200000762939453
239,2019-08-26,2.9000000953674316,2.950000047683716,2.8299999237060547,2.950000047683716,14119000,2.9000000953674316
240,2019-08-27,2.9100000858306885,2.9200000762939453,2.8299999237060547,3.0,20392000,2.9100000858306885
241,2019-08-28,2.8399999141693115,2.9000000953674316,2.8299999237060547,2.9200000762939453,10478000,2.8399999141693115
242,2019-08-29,2.8499999046325684,2.9100000858306885,2.8499999046325684,2.930000066757202,12325800,2.8499999046325684
243,2019-08-30,2.859999895095825,2.9000000953674316,2.8399999141693115,2.9100000858306885,8155400,2.859999895095825
244,2019-09-03,2.5999999046325684,2.819999933242798,2.5799999237060547,2.8299999237060547,26854400,2.5999999046325684
245,2019-09-04,2.75,2.700000047683716,2.640000104904175,2.75,15177900,2.75
246,2019-09-05,2.950000047683716,2.809999942779541,2.799999952316284,3.0,23244700,2.950000047683716
247,2019-09-06,2.9800000190734863,2.990000009536743,2.869999885559082,3.0,14509300,2.9800000190734863
248,2019-09-09,3.140000104904175,3.0,2.930000066757202,3.140000104904175,17386300,3.140000104904175
249,2019-09-10,3.319999933242798,3.130000114440918,3.069999933242798,3.3299999237060547,20848800,3.319999933242798
250,2019-09-11,3.2699999809265137,3.2799999713897705,3.1600000858306885,3.3299999237060547,13619900,3.2699999809265137
251,2019-09-12,3.190000057220459,3.240000009536743,3.0999999046325684,3.2699999809265137,10957800,3.190000057220459
252,2019-09-13,3.2100000381469727,3.2200000286102295,3.1500000953674316,3.2699999809265137,8371700,3.2100000381469727
253,2019-09-16,3.119999885559082,3.1500000953674316,3.0899999141693115,3.2100000381469727,12374900,3.119999885559082
254,2019-09-17,3.180000066757202,3.109999895095825,3.0,3.180000066757202,12905800,3.180000066757202
255,2019-09-18,3.0799999237060547,3.2100000381469727,3.0299999713897705,3.2100000381469727,12519200,3.0799999237060547
256,2019-09-19,3.0999999046325684,3.119999885559082,3.0799999237060547,3.1600000858306885,8733200,3.0999999046325684
257,2019-09-20,3.0399999618530273,3.140000104904175,3.0199999809265137,3.1600000858306885,11999300,3.0399999618530273
258,2019-09-23,2.7200000286102295,2.9800000190734863,2.7100000381469727,2.9800000190734863,40356100,2.7200000286102295
259,2019-09-24,2.1700000762939453,2.2200000286102295,1.9700000286102295,2.240000009536743,122194400,2.1700000762939453
260,2019-09-25,2.049999952316284,2.1500000953674316,2.0199999809265137,2.1500000953674316,38938700,2.049999952316284
261,2019-09-26,1.9600000381469727,2.049999952316284,1.899999976158142,2.059999942779541,50967800,1.9600000381469727
262,2019-09-27,1.75,1.940000057220459,1.7100000381469727,2.0,59824600,1.75
263,2019-09-30,1.559999942779541,1.7200000286102295,1.5299999713897705,1.7300000190734863,58815600,1.559999942779541
264,2019-10-01,1.3200000524520874,1.5099999904632568,1.2200000286102295,1.5099999904632568,88123600,1.3200000524520874
265,2019-10-02,1.590000033378601,1.190000057220459,1.190000057220459,1.649999976158142,98992700,1.590000033378601
266,2019-10-03,1.6399999856948853,1.590000033378601,1.4299999475479126,1.7000000476837158,58630100,1.6399999856948853
267,2019-10-04,1.6200000047683716,1.600000023841858,1.559999942779541,1.690000057220459,25240300,1.6200000047683716
268,2019-10-07,1.5499999523162842,1.5800000429153442,1.4500000476837158,1.590000033378601,26893500,1.5499999523162842
269,2019-10-08,1.7000000476837158,1.7300000190734863,1.659999966621399,1.7999999523162842,47085000,1.7000000476837158
270,2019-10-09,1.6399999856948853,1.75,1.5800000429153442,1.7599999904632568,35848200,1.6399999856948853
271,2019-10-10,1.5299999713897705,1.6399999856948853,1.5,1.6399999856948853,33950800,1.5299999713897705
272,2019-10-11,1.559999942779541,1.5499999523162842,1.5,1.590000033378601,25648800,1.559999942779541
273,2019-10-14,1.5299999713897705,1.559999942779541,1.5199999809265137,1.5700000524520874,12534600,1.5299999713897705
274,2019-10-15,1.5499999523162842,1.6299999952316284,1.5399999618530273,1.6399999856948853,25901200,1.5499999523162842
275,2019-10-16,1.4600000381469727,1.4600000381469727,1.399999976158142,1.5199999809265137,40687000,1.4600000381469727
276,2019-10-17,1.4600000381469727,1.4600000381469727,1.4199999570846558,1.5,18373300,1.4600000381469727
277,2019-10-18,1.5199999809265137,1.4500000476837158,1.440000057220459,1.5499999523162842,21393400,1.5199999809265137
278,2019-10-21,1.690000057220459,1.5199999809265137,1.4900000095367432,1.7699999809265137,40155200,1.690000057220459
279,2019-10-22,1.5800000429153442,1.7000000476837158,1.5199999809265137,1.7699999809265137,38944000,1.5800000429153442
280,2019-10-23,1.5299999713897705,1.5800000429153442,1.5199999809265137,1.600000023841858,12246400,1.5299999713897705
281,2019-10-24,1.5399999618530273,1.5700000524520874,1.5299999713897705,1.600000023841858,21567700,1.5399999618530273
282,2019-10-25,1.5099999904632568,1.5399999618530273,1.5,1.559999942779541,20444900,1.5099999904632568
283,2019-10-28,1.4800000190734863,1.4299999475479126,1.3799999952316284,1.5,32675500,1.4800000190734863
284,2019-10-29,1.3899999856948853,1.4500000476837158,1.3899999856948853,1.4500000476837158,22312000,1.3899999856948853
285,2019-10-30,1.4299999475479126,1.4199999570846558,1.3600000143051147,1.4500000476837158,20769100,1.4299999475479126
286,2019-10-31,1.4500000476837158,1.4700000286102295,1.440000057220459,1.5399999618530273,22381000,1.4500000476837158
287,2019-11-01,1.5199999809265137,1.4900000095367432,1.4900000095367432,1.5499999523162842,17957200,1.5199999809265137
288,2019-11-04,1.7100000381469727,1.649999976158142,1.5800000429153442,1.899999976158142,61083000,1.7100000381469727
289,2019-11-05,2.3399999141693115,1.8799999952316284,1.7999999523162842,2.380000114440918,183556700,2.3399999141693115
290,2019-11-06,2.0299999713897705,2.4600000381469727,1.9600000381469727,2.4600000381469727,113933700,2.0299999713897705
291,2019-11-07,2.069999933242798,2.109999895095825,2.049999952316284,2.200000047683716,39411800,2.069999933242798
292,2019-11-08,1.9800000190734863,2.130000114440918,1.940000057220459,2.130000114440918,38341600,1.9800000190734863
293,2019-11-11,1.8600000143051147,1.899999976158142,1.7799999713897705,1.9600000381469727,34228400,1.8600000143051147
294,2019-11-12,1.940000057220459,1.899999976158142,1.8300000429153442,2.049999952316284,27818000,1.940000057220459
295,2019-11-13,1.899999976158142,1.899999976158142,1.850000023841858,1.9900000095367432,24969400,1.899999976158142
296,2019-11-14,1.75,1.8600000143051147,1.659999966621399,1.8899999856948853,46683200,1.75
297,2019-11-15,1.7999999523162842,1.75,1.659999966621399,1.840000033378601,32003800,1.7999999523162842
298,2019-11-18,1.7999999523162842,1.8799999952316284,1.7300000190734863,1.899999976158142,25996000,1.7999999523162842
299,2019-11-19,1.8300000429153442,1.7799999713897705,1.7799999713897705,1.8899999856948853,26780800,1.8300000429153442
300,2019-11-20,1.840000033378601,1.850000023841858,1.7699999809265137,1.8700000047683716,20728500,1.840000033378601
301,2019-11-21,1.9800000190734863,1.8700000047683716,1.8200000524520874,2.0399999618530273,41394200,1.9800000190734863
302,2019-11-22,1.940000057220459,2.0399999618530273,1.8799999952316284,2.049999952316284,25152300,1.940000057220459
303,2019-11-25,2.049999952316284,1.9900000095367432,1.9600000381469727,2.119999885559082,36836400,2.049999952316284
304,2019-11-26,2.2799999713897705,2.119999885559082,2.119999885559082,2.2899999618530273,55122700,2.2799999713897705
305,2019-11-27,2.4600000381469727,2.319999933242798,2.2799999713897705,2.5,77368600,2.4600000381469727
306,2019-11-29,2.2699999809265137,2.359999895095825,2.200000047683716,2.359999895095825,32640300,2.2699999809265137
307,2019-12-02,2.440000057220459,2.3499999046325684,2.299999952316284,2.440000057220459,32677500,2.440000057220459
308,2019-12-03,2.4000000953674316,2.309999942779541,2.25,2.4800000190734863,37865200,2.4000000953674316
309,2019-12-04,2.4200000762939453,2.4200000762939453,2.4100000858306885,2.5799999237060547,46792900,2.4200000762939453
310,2019-12-05,2.2699999809265137,2.5299999713897705,2.25,2.569999933242798,53235200,2.2699999809265137
311,2019-12-06,2.259999990463257,2.319999933242798,2.200000047683716,2.3399999141693115,31931900,2.259999990463257
312,2019-12-09,2.2200000286102295,2.2100000381469727,2.109999895095825,2.25,31542900,2.2200000286102295
313,2019-12-10,2.2699999809265137,2.200000047683716,2.140000104904175,2.2799999713897705,25220200,2.2699999809265137
314,2019-12-11,2.259999990463257,2.259999990463257,2.2300000190734863,2.319999933242798,20342900,2.259999990463257
315,2019-12-12,2.2699999809265137,2.299999952316284,2.259999990463257,2.3299999237060547,22457900,2.2699999809265137
316,2019-12-13,2.390000104904175,2.309999942779541,2.2899999618530273,2.430000066757202,37228900,2.390000104904175
317,2019-12-16,2.4800000190734863,2.440000057220459,2.390000104904175,2.549999952316284,36916800,2.4800000190734863
318,2019-12-17,2.5899999141693115,2.5399999618530273,2.5,2.630000114440918,45654500,2.5899999141693115
319,2019-12-18,2.630000114440918,2.5799999237060547,2.5399999618530273,2.6700000762939453,31811100,2.630000114440918
320,2019-12-19,2.619999885559082,2.690000057220459,2.609999895095825,2.7300000190734863,36301300,2.619999885559082
321,2019-12-20,2.690000057220459,2.6500000953674316,2.630000114440918,2.7200000286102295,50971500,2.690000057220459
322,2019-12-23,2.6700000762939453,2.740000009536743,2.6500000953674316,2.759999990463257,28571900,2.6700000762939453
323,2019-12-24,2.5299999713897705,2.630000114440918,2.450000047683716,2.630000114440918,32029800,2.5299999713897705
324,2019-12-26,2.509999990463257,2.450000047683716,2.3499999046325684,2.5199999809265137,44173700,2.509999990463257
325,2019-12-27,2.4200000762939453,2.5399999618530273,2.4100000858306885,2.549999952316284,37553300,2.4200000762939453
326,2019-12-30,3.7200000286102295,2.9200000762939453,2.880000114440918,4.869999885559082,432720700,3.7200000286102295
327,2019-12-31,4.019999980926514,4.150000095367432,3.819999933242798,4.420000076293945,215008600,4.019999980926514
328,2020-01-02,3.7200000286102295,4.099999904632568,3.609999895095825,4.099999904632568,103740100,3.7200000286102295
329,2020-01-03,3.8299999237060547,3.5,3.4800000190734863,3.9000000953674316,82892400,3.8299999237060547
330,2020-01-06,3.680000066757202,4.190000057220459,3.6600000858306885,4.239999771118164,106619700,3.680000066757202
331,2020-01-07,3.240000009536743,3.700000047683716,3.2100000381469727,3.7300000190734863,106336400,3.240000009536743
332,2020-01-08,3.390000104904175,3.140000104904175,3.130000114440918,3.490000009536743,65118100,3.390000104904175
333,2020-01-09,3.4600000381469727,3.440000057220459,3.3299999237060547,3.5799999237060547,54644200,3.4600000381469727
334,2020-01-10,3.509999990463257,3.490000009536743,3.4000000953674316,3.5799999237060547,35626700,3.509999990463257
335,2020-01-13,3.700000047683716,3.7100000381469727,3.5199999809265137,3.7300000190734863,59752700,3.700000047683716
336,2020-01-14,3.759999990463257,3.700000047683716,3.609999895095825,3.819999933242798,55194000,3.759999990463257
337,2020-01-15,4.289999961853027,4.190000057220459,4.0,4.480000019073486,236357900,4.289999961853027
338,2020-01-16,4.369999885559082,3.990000009536743,3.9100000858306885,4.400000095367432,97941700,4.369999885559082
339,2020-01-17,4.670000076293945,4.510000228881836,4.460000038146973,4.710000038146973,109601300,4.670000076293945
340,2020-01-21,5.170000076293945,4.599999904632568,4.519999980926514,5.289999961853027,181423600,5.170000076293945
341,2020-01-22,4.789999961853027,5.420000076293945,4.690000057220459,5.650000095367432,207132700,4.789999961853027
342,2020-01-23,4.920000076293945,4.570000171661377,4.309999942779541,4.949999809265137,102535300,4.920000076293945
343,2020-01-24,4.659999847412109,5.0,4.510000228881836,5.059999942779541,65538000,4.659999847412109
344,2020-01-27,4.010000228881836,3.990000009536743,3.8399999141693115,4.349999904632568,102028700,4.010000228881836
345,2020-01-28,4.210000038146973,4.25,4.03000020980835,4.269999980926514,48979100,4.210000038146973
346,2020-01-29,4.269999980926514,4.230000019073486,4.019999980926514,4.329999923706055,53844300,4.269999980926514
347,2020-01-30,4.079999923706055,4.239999771118164,4.010000228881836,4.380000114440918,75009800,4.079999923706055
348,2020-01-31,3.7799999713897705,4.019999980926514,3.6700000762939453,4.039999961853027,77923200,3.7799999713897705
349,2020-02-03,4.059999942779541,3.5399999618530273,3.5199999809265137,4.110000133514404,73783600,4.059999942779541
350,2020-02-04,4.510000228881836,4.289999961853027,4.159999847412109,4.699999809265137,123640400,4.510000228881836
351,2020-02-05,4.389999866485596,4.369999885559082,4.130000114440918,4.480000019073486,73632500,4.389999866485596
352,2020-02-06,4.079999923706055,4.199999809265137,4.050000190734863,4.329999923706055,75641200,4.079999923706055
353,2020-02-07,3.809999942779541,4.019999980926514,3.740000009536743,4.019999980926514,80780700,3.809999942779541
354,2020-02-10,3.869999885559082,3.6700000762939453,3.619999885559082,3.9100000858306885,67157700,3.869999885559082
355,2020-02-11,3.9600000381469727,3.8299999237060547,3.799999952316284,4.050000190734863,54097100,3.9600000381469727
356,2020-02-12,4.070000171661377,4.0,3.9800000190734863,4.199999809265137,50975300,4.070000171661377
357,2020-02-13,4.03000020980835,3.950000047683716,3.859999895095825,4.050000190734863,42411200,4.03000020980835
358,2020-02-14,3.7699999809265137,4.019999980926514,3.75,4.039999961853027,69655600,3.7699999809265137
359,2020-02-18,3.799999952316284,3.9000000953674316,3.759999990463257,3.9800000190734863,47700900,3.799999952316284
360,2020-02-19,4.079999923706055,3.930000066757202,3.859999895095825,4.099999904632568,73256300,4.079999923706055
361,2020-02-20,4.260000228881836,4.099999904632568,4.010000228881836,4.400000095367432,86873500,4.260000228881836
362,2020-02-21,4.079999923706055,4.199999809265137,4.019999980926514,4.199999809265137,40425900,4.079999923706055
363,2020-02-24,3.880000114440918,3.7899999618530273,3.759999990463257,3.940000057220459,56247100,3.880000114440918
364,2020-02-25,4.400000095367432,5.179999828338623,4.239999771118164,5.190000057220459,206259400,4.400000095367432
365,2020-02-26,4.340000152587891,4.5,4.300000190734863,4.710000038146973,69558500,4.340000152587891
366,2020-02-27,4.139999866485596,4.090000152587891,3.9200000762939453,4.300000190734863,77846700,4.139999866485596
367,2020-02-28,4.130000114440918,3.9600000381469727,3.869999885559082,4.139999866485596,63635600,4.130000114440918
368,2020-03-02,4.110000133514404,4.150000095367432,3.9000000953674316,4.190000057220459,56063200,4.110000133514404
369,2020-03-03,4.059999942779541,4.079999923706055,3.950000047683716,4.210000038146973,47644500,4.059999942779541
370,2020-03-04,3.869999885559082,4.03000020980835,3.7699999809265137,4.070000171661377,49465800,3.869999885559082
371,2020-03-05,3.7200000286102295,3.7799999713897705,3.680000066757202,3.890000104904175,72697800,3.7200000286102295
372,2020-03-06,3.549999952316284,3.619999885559082,3.4200000762939453,3.6600000858306885,61238100,3.549999952316284
373,2020-03-09,3.2899999618530273,3.009999990463257,2.990000009536743,3.5399999618530273,55305300,3.2899999618530273
374,2020-03-10,3.5,3.490000009536743,3.2899999618530273,3.5399999618530273,34928400,3.5
375,2020-03-11,3.319999933242798,3.4000000953674316,3.259999990463257,3.5299999713897705,31099400,3.319999933242798
376,2020-03-12,3.130000114440918,3.059999942779541,2.9800000190734863,3.2300000190734863,52438300,3.130000114440918
377,2020-03-13,3.109999895095825,3.2799999713897705,2.990000009536743,3.3299999237060547,41770400,3.109999895095825
378,2020-03-16,2.940000057220459,2.869999885559082,2.75,3.109999895095825,41266200,2.940000057220459
379,2020-03-17,2.9000000953674316,2.9700000286102295,2.7899999618530273,3.119999885559082,34862200,2.9000000953674316
380,2020-03-18,2.430000066757202,2.4000000953674316,2.109999895095825,2.5799999237060547,94431900,2.430000066757202
381,2020-03-19,2.380000114440918,2.299999952316284,2.2300000190734863,2.549999952316284,35499000,2.380000114440918
382,2020-03-20,2.4000000953674316,2.490000009536743,2.3499999046325684,2.640000104904175,50528400,2.4000000953674316
383,2020-03-23,2.369999885559082,2.3399999141693115,2.1500000953674316,2.369999885559082,47435200,2.369999885559082
384,2020-03-24,2.5999999046325684,2.549999952316284,2.4000000953674316,2.75,64750100,2.5999999046325684
385,2020-03-25,2.759999990463257,2.7200000286102295,2.5999999046325684,2.990000009536743,56588300,2.759999990463257
386,2020-03-26,2.930000066757202,2.809999942779541,2.7799999713897705,3.069999933242798,43579400,2.930000066757202
387,2020-03-27,2.8399999141693115,2.8499999046325684,2.759999990463257,2.890000104904175,25132000,2.8399999141693115
388,2020-03-30,2.7100000381469727,2.809999942779541,2.700000047683716,2.8299999237060547,20115300,2.7100000381469727
389,2020-03-31,2.7799999713897705,2.8299999237060547,2.680000066757202,2.880000114440918,30261400,2.7799999713897705
390,2020-04-01,2.6500000953674316,2.630000114440918,2.5999999046325684,2.759999990463257,17153800,2.6500000953674316
391,2020-04-02,2.390000104904175,2.509999990463257,2.2200000286102295,2.5899999141693115,58942700,2.390000104904175
392,2020-04-03,2.4000000953674316,2.450000047683716,2.3299999237060547,2.490000009536743,19519500,2.4000000953674316
393,2020-04-06,2.4700000286102295,2.4800000190734863,2.4000000953674316,2.549999952316284,34866700,2.4700000286102295
394,2020-04-07,2.700000047683716,2.809999942779541,2.6500000953674316,2.809999942779541,46149600,2.700000047683716
395,2020-04-08,2.740000009536743,2.759999990463257,2.7100000381469727,2.799999952316284,18312900,2.740000009536743
396,2020-04-09,2.6700000762939453,2.819999933242798,2.630000114440918,2.819999933242798,32810000,2.6700000762939453
397,2020-04-13,2.9700000286102295,2.6700000762939453,2.630000114440918,2.9700000286102295,38421700,2.9700000286102295
398,2020-04-14,3.009999990463257,3.1500000953674316,2.9200000762939453,3.1600000858306885,36479000,3.009999990463257
399,2020-04-15,3.200000047683716,2.950000047683716,2.880000114440918,3.200000047683716,27529800,3.200000047683716
400,2020-04-16,3.25,3.299999952316284,3.200000047683716,3.4100000858306885,37801700,3.25
401,2020-04-17,3.2100000381469727,3.359999895095825,3.1500000953674316,3.359999895095825,22831800,3.2100000381469727
402,2020-04-20,3.190000057220459,3.180000066757202,3.049999952316284,3.3499999046325684,18691700,3.190000057220459
403,2020-04-21,3.0199999809265137,3.0999999046325684,3.009999990463257,3.2200000286102295,19789700,3.0199999809265137
404,2020-04-22,3.0899999141693115,3.0899999141693115,3.049999952316284,3.1500000953674316,14494000,3.0899999141693115
405,2020-04-23,3.059999942779541,3.200000047683716,3.049999952316284,3.200000047683716,17434200,3.059999942779541
406,2020-04-24,2.940000057220459,3.0799999237060547,2.9100000858306885,3.0999999046325684,22069700,2.940000057220459
407,2020-04-27,3.240000009536743,3.0,2.950000047683716,3.259999990463257,35641100,3.240000009536743
408,2020-04-28,3.3399999141693115,3.4000000953674316,3.200000047683716,3.450000047683716,36326800,3.3399999141693115
409,2020-04-29,3.609999895095825,3.8299999237060547,3.5899999141693115,3.9800000190734863,89238800,3.609999895095825
410,2020-04-30,3.4100000858306885,3.630000114440918,3.369999885559082,3.7200000286102295,44540400,3.4100000858306885
411,2020-05-01,3.180000066757202,3.299999952316284,3.119999885559082,3.3299999237060547,31268900,3.180000066757202
412,2020-05-04,3.3399999141693115,3.0799999237060547,3.0799999237060547,3.359999895095825,23387500,3.3399999141693115
413,2020-05-05,3.2799999713897705,3.440000057220459,3.2799999713897705,3.4800000190734863,22315800,3.2799999713897705
414,2020-05-06,3.619999885559082,3.5899999141693115,3.450000047683716,3.6500000953674316,54347800,3.619999885559082
415,2020-05-07,3.630000114440918,3.630000114440918,3.5199999809265137,3.6700000762939453,26736700,3.630000114440918
416,2020-05-08,3.7699999809265137,3.680000066757202,3.5999999046325684,3.799999952316284,27638000,3.7699999809265137
417,2020-05-11,3.740000009536743,3.7200000286102295,3.6600000858306885,3.7699999809265137,16585600,3.740000009536743
418,2020-05-12,3.619999885559082,3.740000009536743,3.609999895095825,3.7799999713897705,21943800,3.619999885559082
419,2020-05-13,3.440000057220459,3.640000104904175,3.319999933242798,3.680000066757202,34034700,3.440000057220459
420,2020-05-14,3.450000047683716,3.3299999237060547,3.2699999809265137,3.5199999809265137,20936400,3.450000047683716
421,2020-05-15,3.369999885559082,3.369999885559082,3.359999895095825,3.450000047683716,13699000,3.369999885559082
422,2020-05-18,3.609999895095825,3.5,3.5,3.690000057220459,27771300,3.609999895095825
423,2020-05-19,3.690000057220459,3.619999885559082,3.5899999141693115,3.75,21707400,3.690000057220459
424,2020-05-20,3.4800000190734863,3.759999990463257,3.4000000953674316,3.819999933242798,52056900,3.4800000190734863
425,2020-05-21,3.3299999237060547,3.4000000953674316,3.2300000190734863,3.440000057220459,41628400,3.3299999237060547
426,2020-05-22,3.2699999809265137,3.3299999237060547,3.180000066757202,3.3399999141693115,22887300,3.2699999809265137
427,2020-05-26,3.819999933242798,3.4200000762939453,3.4000000953674316,3.8299999237060547,59847900,3.819999933242798
428,2020-05-27,4.170000076293945,4.010000228881836,3.9000000953674316,4.199999809265137,70718900,4.170000076293945
429,2020-05-28,3.8299999237060547,3.9800000190734863,3.75,4.119999885559082,62756900,3.8299999237060547
430,2020-05-29,3.9800000190734863,3.819999933242798,3.7300000190734863,4.0,50303000,3.9800000190734863
431,2020-06-01,4.260000228881836,4.0,3.9600000381469727,4.329999923706055,69222000,4.260000228881836
432,2020-06-02,4.699999809265137,4.360000133514404,4.349999904632568,4.730000019073486,82476600,4.699999809265137
433,2020-06-03,5.599999904632568,5.0,4.980000019073486,5.699999809265137,199210000,5.599999904632568
434,2020-06-04,5.96999979019165,6.010000228881836,5.610000133514404,6.199999809265137,173052600,5.96999979019165
435,2020-06-05,5.590000152587891,6.03000020980835,5.519999980926514,6.079999923706055,90811800,5.590000152587891
436,2020-06-08,5.96999979019165,5.809999942779541,5.679999828338623,6.079999923706055,85951600,5.96999979019165
437,2020-06-09,6.679999828338623,5.840000152587891,5.760000228881836,6.829999923706055,136907900,6.679999828338623
438,2020-06-10,6.300000190734863,6.71999979019165,6.159999847412109,6.949999809265137,100170700,6.300000190734863
439,2020-06-11,5.909999847412109,5.789999961853027,5.659999847412109,6.090000152587891,126509700,5.909999847412109
440,2020-06-12,6.099999904632568,6.199999809265137,5.920000076293945,6.320000171661377,59838800,6.099999904632568
441,2020-06-15,6.829999923706055,5.96999979019165,5.920000076293945,6.989999771118164,113694400,6.829999923706055
442,2020-06-16,6.989999771118164,7.429999828338623,6.53000020980835,7.440000057220459,130478600,6.989999771118164
443,2020-06-17,6.840000152587891,6.929999828338623,6.670000076293945,6.980000019073486,58927300,6.840000152587891
444,2020-06-18,7.179999828338623,6.800000190734863,6.78000020980835,7.360000133514404,78846400,7.179999828338623
445,2020-06-19,7.340000152587891,7.360000133514404,7.230000019073486,7.630000114440918,84604200,7.340000152587891
446,2020-06-22,7.429999828338623,7.860000133514404,7.380000114440918,7.900000095367432,112976000,7.429999828338623
447,2020-06-23,7.230000019073486,7.550000190734863,7.190000057220459,7.690000057220459,79863500,7.230000019073486
448,2020-06-24,6.860000133514404,6.929999828338623,6.5,7.079999923706055,103888600,6.860000133514404
449,2020-06-25,7.079999923706055,6.659999847412109,6.599999904632568,7.150000095367432,46660300,7.079999923706055
450,2020-06-26,6.900000095367432,7.03000020980835,6.800000190734863,7.179999828338623,33596800,6.900000095367432
451,2020-06-29,7.230000019073486,6.980000019073486,6.710000038146973,7.25,46070400,7.230000019073486
452,2020-06-30,7.71999979019165,7.210000038146973,7.119999885559082,7.75,84485500,7.71999979019165
453,2020-07-01,7.909999847412109,7.789999961853027,7.670000076293945,7.989999771118164,64842600,7.909999847412109
454,2020-07-02,9.380000114440918,9.050000190734863,8.699999809265137,9.399999618530273,221496700,9.380000114440918
455,2020-07-06,11.510000228881836,11.050000190734863,10.930000305175781,12.300000190734863,329223800,11.510000228881836
456,2020-07-07,13.220000267028809,11.260000228881836,10.699999809265137,13.770000457763672,444070500,13.220000267028809
457,2020-07-08,12.880000114440918,14.100000381469727,12.0,15.279999732971191,570911400,12.880000114440918
458,2020-07-09,14.569999694824219,13.5,13.069999694824219,14.630000114440918,316792000,14.569999694824219
459,2020-07-10,14.979999542236328,15.609999656677246,14.199999809265137,15.729999542236328,318851300,14.979999542236328
460,2020-07-13,13.84000015258789,15.260000228881836,13.609999656677246,16.440000534057617,313460300,13.84000015258789
461,2020-07-14,14.09000015258789,13.25,12.420000076293945,14.130000114440918,196123200,14.09000015258789
462,2020-07-15,13.520000457763672,13.819999694824219,12.850000381469727,13.949999809265137,114603700,13.520000457763672
463,2020-07-16,12.9399995803833,12.460000038146973,12.449999809265137,13.15999984741211,134606300,12.9399995803833
464,2020-07-17,11.09000015258789,11.859999656677246,10.460000038146973,12.069999694824219,289518000,11.09000015258789
465,2020-07-20,12.819999694824219,11.420000076293945,11.380000114440918,12.84000015258789,155428100,12.819999694824219
466,2020-07-21,12.880000114440918,13.449999809265137,12.619999885559082,13.579999923706055,128036000,12.880000114440918
467,2020-07-22,12.380000114440918,12.380000114440918,11.8100004196167,12.829999923706055,112260500,12.380000114440918
468,2020-07-23,12.149999618530273,12.59000015258789,11.850000381469727,12.630000114440918,95206300,12.149999618530273
469,2020-07-24,11.819999694824219,11.380000114440918,10.90999984741211,11.899999618530273,93425300,11.819999694824219
470,2020-07-27,11.6899995803833,12.029999732971191,11.270000457763672,12.09000015258789,64068500,11.6899995803833
471,2020-07-28,12.270000457763672,11.479999542236328,11.380000114440918,12.640000343322754,90075800,12.270000457763672
472,2020-07-29,12.699999809265137,12.649999618530273,12.430000305175781,13.0,69552600,12.699999809265137
473,2020-07-30,12.199999809265137,12.619999885559082,12.069999694824219,12.949999809265137,64952900,12.199999809265137
474,2020-07-31,11.9399995803833,12.40999984741211,11.729999542236328,12.59000015258789,61620400,11.9399995803833
475,2020-08-03,13.600000381469727,12.529999732971191,12.460000038146973,13.670000076293945,122925300,13.600000381469727
476,2020-08-04,13.640000343322754,14.460000038146973,13.220000267028809,14.529999732971191,125731400,13.640000343322754
477,2020-08-05,13.920000076293945,13.40999984741211,13.369999885559082,14.079999923706055,60046000,13.920000076293945
478,2020-08-06,13.84000015258789,14.100000381469727,13.520000457763672,14.3100004196167,49787700,13.84000015258789
479,2020-08-07,13.420000076293945,13.539999961853027,13.199999809265137,13.729999542236328,57746000,13.420000076293945
480,2020-08-10,14.210000038146973,13.9399995803833,13.680000305175781,14.420000076293945,84267300,14.210000038146973
481,2020-08-11,12.989999771118164,15.300000190734863,12.9399995803833,15.449999809265137,181311500,12.989999771118164
482,2020-08-12,13.359999656677246,13.369999885559082,12.670000076293945,13.449999809265137,77260200,13.359999656677246
483,2020-08-13,13.359999656677246,13.449999809265137,13.170000076293945,13.640000343322754,50093500,13.359999656677246
484,2020-08-14,13.100000381469727,13.180000305175781,12.539999961853027,13.180000305175781,63250700,13.100000381469727
485,2020-08-17,14.050000190734863,13.069999694824219,13.0600004196167,14.050000190734863,78340500,14.050000190734863
486,2020-08-18,14.300000190734863,14.229999542236328,13.869999885559082,14.6899995803833,69962400,14.300000190734863
487,2020-08-19,14.0600004196167,14.289999961853027,13.850000381469727,14.40999984741211,41966800,14.0600004196167
488,2020-08-20,13.779999732971191,13.850000381469727,13.529999732971191,14.050000190734863,50072800,13.779999732971191
489,2020-08-21,14.119999885559082,13.640000343322754,13.619999885559082,14.579999923706055,70189900,14.119999885559082
490,2020-08-24,14.970000267028809,14.630000114440918,14.3100004196167,14.979999542236328,98697700,14.970000267028809
491,2020-08-25,17.84000015258789,15.079999923706055,15.0600004196167,17.8700008392334,299047800,17.84000015258789
492,2020-08-26,20.440000534057617,19.010000228881836,18.559999465942383,20.969999313354492,364104600,20.440000534057617
493,2020-08-27,19.8799991607666,19.989999771118164,18.760000228881836,20.469999313354492,199850300,19.8799991607666
494,2020-08-28,18.5,18.8700008392334,18.110000610351562,19.440000534057617,154799800,18.5
495,2020-08-31,19.030000686645508,17.190000534057617,16.81999969482422,19.829999923706055,226610900,19.030000686645508
496,2020-09-01,20.1200008392334,19.450000762939453,18.75,20.3799991607666,137226000,20.1200008392334
497,2020-09-02,19.899999618530273,20.920000076293945,18.5,21.049999237060547,153460600,19.899999618530273
498,2020-09-03,18.700000762939453,19.09000015258789,18.350000381469727,19.84000015258789,128358400,18.700000762939453
499,2020-09-04,17.979999542236328,18.540000915527344,15.609999656677246,19.18000030517578,163329800,17.979999542236328
500,2020-09-08,17.030000686645508,17.170000076293945,16.510000228881836,17.860000610351562,89624600,17.030000686645508
501,2020-09-09,18.09000015258789,17.899999618530273,17.700000762939453,18.6299991607666,90988400,18.09000015258789
502,2020-09-10,17.739999771118164,18.489999771118164,17.489999771118164,18.719999313354492,79679800,17.739999771118164
503,2020-09-11,17.969999313354492,18.0,17.450000762939453,18.100000381469727,55373500,17.969999313354492
504,2020-09-14,18.729999542236328,18.18000030517578,17.899999618530273,18.780000686645508,68234900,18.729999542236328
505,2020-09-15,19.190000534057617,19.100000381469727,18.8799991607666,20.25,111630500,19.190000534057617
506,2020-09-16,19.010000228881836,19.270000457763672,18.520000457763672,19.540000915527344,57671000,19.010000228881836
507,2020-09-17,19.299999237060547,18.260000228881836,18.079999923706055,19.329999923706055,55186600,19.299999237060547
508,2020-09-18,19.40999984741211,19.719999313354492,18.940000534057617,19.8799991607666,54885500,19.40999984741211
509,2020-09-21,18.809999465942383,19.049999237060547,17.65999984741211,19.270000457763672,75969500,18.809999465942383
510,2020-09-22,19.229999542236328,18.479999542236328,18.3700008392334,19.450000762939453,61061100,19.229999542236328
511,2020-09-23,17.959999084472656,19.219999313354492,17.799999237060547,19.360000610351562,70568100,17.959999084472656
512,2020-09-24,17.850000381469727,17.31999969482422,16.75,18.389999389648438,71069500,17.850000381469727
513,2020-09-25,18.31999969482422,18.020000457763672,17.950000762939453,18.6200008392334,44122100,18.31999969482422
514,2020-09-28,18.809999465942383,18.8799991607666,18.43000030517578,19.15999984741211,42786200,18.809999465942383
515,2020-09-29,20.850000381469727,18.760000228881836,18.709999084472656,21.1200008392334,163159200,20.850000381469727
516,2020-09-30,21.219999313354492,21.719999313354492,20.760000228881836,22.59000015258789,183530500,21.219999313354492
517,2020-10-01,21.760000228881836,21.68000030517578,20.829999923706055,21.959999084472656,79117100,21.760000228881836
518,2020-10-02,21.18000030517578,20.829999923706055,20.799999237060547,22.200000762939453,92713600,21.18000030517578
519,2020-10-05,21.59000015258789,21.65999984741211,21.06999969482422,21.920000076293945,60860100,21.59000015258789
520,2020-10-06,20.670000076293945,21.709999084472656,20.600000381469727,21.940000534057617,73217100,20.670000076293945
521,2020-10-07,21.559999465942383,21.059999465942383,20.790000915527344,21.770000457763672,59354300,21.559999465942383
522,2020-10-08,21.440000534057617,22.049999237060547,21.290000915527344,22.450000762939453,77719600,21.440000534057617
523,2020-10-09,21.469999313354492,21.6200008392334,21.31999969482422,21.739999771118164,37329000,21.469999313354492
524,2020-10-12,21.850000381469727,21.8799991607666,21.549999237060547,22.18000030517578,45476800,21.850000381469727
525,2020-10-13,21.6200008392334,21.860000610351562,21.170000076293945,21.969999313354492,42581500,21.6200008392334
526,2020-10-14,26.5,23.979999542236328,23.729999542236328,26.959999084472656,382663200,26.5
527,2020-10-15,28.06999969482422,27.200000762939453,25.780000686645508,29.229999542236328,385210600,28.06999969482422
528,2020-10-16,28.479999542236328,29.18000030517578,27.940000534057617,29.399999618530273,186764700,28.479999542236328
529,2020-10-19,27.6299991607666,28.209999084472656,27.219999313354492,28.559999465942383,115708700,27.6299991607666
530,2020-10-20,27.959999084472656,27.420000076293945,27.049999237060547,28.299999237060547,105233400,27.959999084472656
531,2020-10-21,27.860000610351562,27.899999618530273,27.389999389648438,28.43000030517578,65357900,27.860000610351562
532,2020-10-22,27.3799991607666,28.149999618530273,26.809999465942383,28.280000686645508,72173300,27.3799991607666
533,2020-10-23,27.15999984741211,27.3700008392334,26.479999542236328,27.420000076293945,51784000,27.15999984741211
534,2020-10-26,26.010000228881836,26.610000610351562,25.459999084472656,27.350000381469727,72610300,26.010000228881836
535,2020-10-27,28.440000534057617,26.209999084472656,26.030000686645508,28.459999084472656,104257700,28.440000534057617
536,2020-10-28,27.510000228881836,27.920000076293945,26.510000228881836,28.100000381469727,89374900,27.510000228881836
537,2020-10-29,31.989999771118164,28.520000457763672,28.31999969482422,32.20000076293945,214034700,31.989999771118164
538,2020-10-30,30.579999923706055,31.389999389648438,30.030000686645508,31.59000015258789,136607400,30.579999923706055
539,2020-11-02,33.31999969482422,33.95000076293945,31.68000030517578,34.939998626708984,265719900,33.31999969482422
540,2020-11-03,35.5,33.56999969482422,32.779998779296875,35.869998931884766,217608100,35.5
541,2020-11-04,37.709999084472656,37.439998626708984,35.81999969482422,39.75,339385900,37.709999084472656
542,2020-11-05,42.349998474121094,38.779998779296875,38.25,42.4900016784668,302472600,42.349998474121094
543,2020-11-06,41.630001068115234,41.09000015258789,40.04999923706055,43.29999923706055,288784300,41.630001068115234
544,2020-11-09,44.02000045776367,41.650001525878906,40.380001068115234,45.290000915527344,218733300,44.02000045776367
545,2020-11-10,41.54999923706055,44.5,38.11000061035156,45.20000076293945,237403600,41.54999923706055
546,2020-11-11,43.08000183105469,39.709999084472656,38.63999938964844,43.22999954223633,179581200,43.08000183105469
547,2020-11-12,48.29999923706055,44.47999954223633,43.95000076293945,49.349998474121094,345932900,48.29999923706055
548,2020-11-13,44.560001373291016,51.290000915527344,40.54999923706055,54.20000076293945,577185100,44.560001373291016
549,2020-11-16,45.58000183105469,41.119998931884766,41.099998474121094,45.849998474121094,306209100,45.58000183105469
550,2020-11-17,46.59000015258789,47.56999969482422,44.959999084472656,49.369998931884766,345578500,46.59000015258789
551,2020-11-18,45.060001373291016,45.75,42.5,46.720001220703125,271678300,45.060001373291016
552,2020-11-19,48.45000076293945,45.36000061035156,44.68000030517578,48.91999816894531,233779100,48.45000076293945
553,2020-11-20,49.25,48.27000045776367,47.880001068115234,50.59000015258789,209106300,49.25
554,2020-11-23,55.380001068115234,50.86000061035156,50.47999954223633,55.70000076293945,270203000,55.380001068115234
555,2020-11-24,53.5099983215332,56.9900016784668,51.5,57.20000076293945,243669700,53.5099983215332
556,2020-11-25,53.689998626708984,49.97999954223633,49.25,53.9900016784668,204508500,53.689998626708984
557,2020-11-27,54.0,54.86000061035156,52.599998474121094,55.54999923706055,105795100,54.0
558,2020-11-30,50.529998779296875,54.209999084472656,48.18000030517578,54.38999938964844,179765400,50.529998779296875
559,2020-12-01,45.36000061035156,52.02000045776367,44.04999923706055,52.099998474121094,246472300,45.36000061035156
560,2020-12-02,47.97999954223633,40.15999984741211,38.43000030517578,48.0,313028300,47.97999954223633
561,2020-12-03,45.349998474121094,47.900001525878906,45.209999084472656,48.650001525878906,173424000,45.349998474121094
562,2020-12-04,43.040000915527344,44.65999984741211,41.650001525878906,45.15999984741211,191969900,43.040000915527344
563,2020-12-07,45.11000061035156,42.5,42.40999984741211,46.31999969482422,165048500,45.11000061035156
564,2020-12-08,46.560001373291016,47.209999084472656,45.66999816894531,48.29999923706055,115799600,46.560001373291016
565,2020-12-09,44.0099983215332,47.08000183105469,42.959999084472656,47.20000076293945,121387900,44.0099983215332
566,2020-12-10,45.220001220703125,42.439998626708984,41.88999938964844,45.66999816894531,107376800,45.220001220703125
567,2020-12-11,41.97999954223633,42.47999954223633,41.2599983215332,43.630001068115234,147076100,41.97999954223633
568,2020-12-14,40.97999954223633,39.939998626708984,39.5099983215332,41.47999954223633,171598200,40.97999954223633
569,2020-12-15,43.5,42.470001220703125,41.27000045776367,43.84000015258789,132336900,43.5
570,2020-12-16,44.66999816894531,44.25,43.33000183105469,45.2599983215332,120109600,44.66999816894531
571,2020-12-17,46.0,45.16999816894531,43.900001525878906,46.04999923706055,130003700,46.0
572,2020-12-18,46.720001220703125,45.88999938964844,45.52000045776367,48.0,126251100,46.720001220703125
573,2020-12-21,48.95000076293945,45.630001068115234,45.02000045776367,49.4900016784668,132558100,48.95000076293945
574,2020-12-22,47.58000183105469,49.61000061035156,46.529998779296875,49.84000015258789,117118300,47.58000183105469
575,2020-12-23,47.0099983215332,47.47999954223633,45.810001373291016,48.36000061035156,81247900,47.0099983215332
576,2020-12-24,45.77000045776367,46.880001068115234,45.349998474121094,47.130001068115234,60582500,45.77000045776367
577,2020-12-28,44.060001373291016,46.66999816894531,43.66999816894531,46.849998474121094,105078000,44.060001373291016
578,2020-12-29,46.13999938964844,43.70000076293945,42.22999954223633,46.279998779296875,120689900,46.13999938964844
579,2020-12-30,48.380001068115234,46.5,45.720001220703125,48.380001068115234,116691700,48.380001068115234
580,2020-12-31,48.7400016784668,48.459999084472656,47.77000045776367,50.5,129344300,48.7400016784668
581,2021-01-04,53.4900016784668,51.20000076293945,50.66999816894531,54.45000076293945,213109700,53.4900016784668
582,2021-01-05,53.20000076293945,51.970001220703125,50.400001525878906,53.75,147474800,53.20000076293945
583,2021-01-06,50.5,54.02000045776367,49.08000183105469,55.279998779296875,176397700,50.5
584,2021-01-07,54.279998779296875,53.04999923706055,52.349998474121094,54.61000061035156,119429200,54.279998779296875
585,2021-01-08,58.91999816894531,57.7599983215332,55.880001068115234,59.310001373291016,218512800,58.91999816894531
586,2021-01-11,62.70000076293945,64.94999694824219,62.189998626708984,66.98999786376953,279770300,62.70000076293945
587,2021-01-12,62.040000915527344,61.41999816894531,60.41999816894531,64.12999725341797,184319300,62.040000915527344
588,2021-01-13,62.150001525878906,62.939998626708984,61.40999984741211,64.41000366210938,116059200,62.150001525878906
589,2021-01-14,60.869998931884766,62.630001068115234,60.040000915527344,63.22999954223633,99338400,60.869998931884766
590,2021-01-15,56.27000045776367,59.84000015258789,55.66999816894531,60.220001220703125,132247900,56.27000045776367
591,2021-01-19,58.439998626708984,58.209999084472656,56.40999984741211,59.0099983215332,99561100,58.439998626708984
592,2021-01-20,57.709999084472656,59.849998474121094,56.189998626708984,60.09000015258789,94983600,57.709999084472656
593,2021-01-21,58.34000015258789,57.02000045776367,55.880001068115234,58.58000183105469,73119500,58.34000015258789
594,2021-01-22,61.95000076293945,58.95000076293945,58.31999969482422,62.16999816894531,133918100,61.95000076293945
595,2021-01-25,59.9900016784668,64.05000305175781,58.349998474121094,64.5199966430664,111986400,59.9900016784668
596,2021-01-26,60.310001373291016,60.040000915527344,58.63999938964844,60.66999816894531,70393300,60.310001373291016
597,2021-01-27,57.150001525878906,57.95000076293945,56.599998474121094,59.790000915527344,73078300,57.150001525878906
598,2021-01-28,58.369998931884766,56.7599983215332,55.150001525878906,59.459999084472656,73955100,58.369998931884766
599,2021-01-29,57.0,59.029998779296875,56.439998626708984,60.709999084472656,78678200,57.0
600,2021-02-01,56.9900016784668,59.06999969482422,54.369998931884766,59.119998931884766,79878700,56.9900016784668
601,2021-02-02,55.77000045776367,57.060001373291016,54.5099983215332,57.540000915527344,66234100,55.77000045776367
602,2021-02-03,57.97999954223633,55.959999084472656,54.84000015258789,58.720001220703125,80122300,57.97999954223633
603,2021-02-04,57.599998474121094,58.790000915527344,57.11000061035156,59.20000076293945,48667900,57.599998474121094
604,2021-02-05,56.66999816894531,57.7400016784668,56.0099983215332,57.97999954223633,43057500,56.66999816894531
605,2021-02-08,59.06999969482422,57.08000183105469,56.18000030517578,59.52000045776367,64030100,59.06999969482422
606,2021-02-09,62.84000015258789,58.95000076293945,58.2400016784668,63.099998474121094,97246500,62.84000015258789
607,2021-02-10,61.2599983215332,62.54999923706055,60.33000183105469,64.5999984741211,90366700,61.2599983215332
608,2021-02-11,60.27000045776367,61.689998626708984,59.810001373291016,63.060001373291016,55732800,60.27000045776367
609,2021-02-12,59.849998474121094,60.2599983215332,59.099998474121094,61.04999923706055,40233100,59.849998474121094
610,2021-02-16,59.22999954223633,60.400001525878906,58.650001525878906,62.13999938964844,55084100,59.22999954223633
611,2021-02-17,57.31999969482422,57.91999816894531,55.900001525878906,58.029998779296875,64196800,57.31999969482422
612,2021-02-18,54.43000030517578,55.45000076293945,52.599998474121094,56.380001068115234,62505700,54.43000030517578
613,2021-02-19,55.040000915527344,55.720001220703125,54.099998474121094,56.040000915527344,43020700,55.040000915527344
614,2021-02-22,50.68000030517578,54.18000030517578,50.400001525878906,54.369998931884766,68831300,50.68000030517578
615,2021-02-23,49.11000061035156,45.619998931884766,41.65999984741211,49.66999816894531,142544300,49.11000061035156
616,2021-02-24,51.86000061035156,49.310001373291016,47.75,52.06999969482422,82488600,51.86000061035156
617,2021-02-25,46.810001373291016,51.599998474121094,46.0099983215332,51.849998474121094,95513800,46.810001373291016
618,2021-02-26,45.779998779296875,47.0,44.619998931884766,47.95000076293945,100315500,45.779998779296875
619,2021-03-01,49.7599983215332,48.54999923706055,47.630001068115234,50.41999816894531,94238500,49.7599983215332
620,2021-03-02,43.290000915527344,46.11000061035156,42.65999984741211,47.130001068115234,161334000,43.290000915527344
621,2021-03-03,41.529998779296875,44.58000183105469,41.11000061035156,45.08000183105469,107863400,41.529998779296875
622,2021-03-04,39.279998779296875,40.4900016784668,37.59000015258789,42.43000030517578,205872700,39.279998779296875
623,2021-03-05,38.11000061035156,39.2400016784668,31.90999984741211,39.869998931884766,270803200,38.11000061035156
624,2021-03-08,35.209999084472656,36.970001220703125,34.900001525878906,39.47999954223633,143074800,35.209999084472656
625,2021-03-09,41.349998474121094,37.47999954223633,36.52000045776367,42.08000183105469,176602600,41.349998474121094
626,2021-03-10,41.31999969482422,43.5,40.25,45.2599983215332,190801800,41.31999969482422
627,2021-03-11,46.029998779296875,44.439998626708984,42.79999923706055,46.15999984741211,134788000,46.029998779296875
628,2021-03-12,45.5,43.5099983215332,42.7599983215332,45.79999923706055,113460100,45.5
629,2021-03-15,44.93000030517578,45.54999923706055,44.380001068115234,46.290000915527344,74013600,44.93000030517578
630,2021-03-16,43.68000030517578,45.040000915527344,43.16999816894531,45.65999984741211,84361400,43.68000030517578
631,2021-03-17,44.7599983215332,41.900001525878906,41.33000183105469,45.02000045776367,96150000,44.7599983215332
632,2021-03-18,41.630001068115234,43.29999923706055,41.45000076293945,44.2599983215332,71159900,41.630001068115234
633,2021-03-19,43.349998474121094,41.439998626708984,40.439998626708984,43.400001525878906,97657200,43.349998474121094
634,2021-03-22,42.939998626708984,44.06999969482422,42.58000183105469,44.560001373291016,72838500,42.939998626708984
635,2021-03-23,41.18000030517578,42.58000183105469,40.97999954223633,43.11000061035156,58542300,41.18000030517578
636,2021-03-24,36.959999084472656,41.20000076293945,36.58000183105469,41.290000915527344,130695000,36.959999084472656
637,2021-03-25,37.939998626708984,35.2400016784668,35.119998931884766,39.189998626708984,118082000,37.939998626708984
638,2021-03-26,36.130001068115234,35.650001525878906,34.0,36.650001525878906,163039700,36.130001068115234
639,2021-03-29,35.5099983215332,35.2599983215332,34.5,36.84000015258789,83188200,35.5099983215332
640,2021-03-30,37.54999923706055,35.20000076293945,34.61000061035156,37.959999084472656,106153500,37.54999923706055
641,2021-03-31,38.97999954223633,38.959999084472656,37.45000076293945,39.25,98298400,38.97999954223633
642,2021-04-01,39.65999984741211,41.560001373291016,39.25,42.060001373291016,116305500,39.65999984741211
643,2021-04-05,39.310001373291016,40.540000915527344,38.720001220703125,40.650001525878906,71418400,39.310001373291016
644,2021-04-06,40.0,38.83000183105469,38.41999816894531,40.38999938964844,67969400,40.0
645,2021-04-07,37.27000045776367,39.70000076293945,36.95000076293945,39.849998474121094,80022800,37.27000045776367
646,2021-04-08,38.70000076293945,37.619998931884766,37.470001220703125,39.18000030517578,63692000,38.70000076293945
647,2021-04-09,38.119998931884766,38.349998474121094,37.0099983215332,38.36000061035156,69272700,38.119998931884766
648,2021-04-12,37.13999938964844,37.959999084472656,36.7599983215332,38.0,53428100,37.13999938964844
649,2021-04-13,38.47999954223633,37.47999954223633,37.33000183105469,38.65999984741211,62005700,38.47999954223633
650,2021-04-14,37.02000045776367,39.22999954223633,36.790000915527344,39.33000183105469,78454000,37.02000045776367
651,2021-04-15,35.65999984741211,37.02000045776367,34.560001373291016,37.060001373291016,100437400,35.65999984741211
652,2021-04-16,36.09000015258789,34.689998626708984,34.060001373291016,36.540000915527344,84477400,36.09000015258789
653,2021-04-19,36.779998779296875,36.779998779296875,35.36000061035156,37.540000915527344,92190700,36.779998779296875
654,2021-04-20,36.93000030517578,37.16999816894531,35.939998626708984,37.81999969482422,71208600,36.93000030517578
655,2021-04-21,38.900001525878906,36.529998779296875,36.15999984741211,38.959999084472656,77449200,38.900001525878906
656,2021-04-22,39.56999969482422,38.9900016784668,38.4900016784668,40.45000076293945,115802700,39.56999969482422
657,2021-04-23,41.08000183105469,40.20000076293945,39.540000915527344,41.20000076293945,70342400,41.08000183105469
658,2021-04-26,42.619998931884766,41.959999084472656,40.86000061035156,43.220001220703125,88233500,42.619998931884766
659,2021-04-27,41.209999084472656,43.02000045776367,41.02000045776367,43.130001068115234,69998800,41.209999084472656
660,2021-04-28,41.189998626708984,40.7400016784668,40.439998626708984,41.95000076293945,57639600,41.189998626708984
661,2021-04-29,38.9900016784668,41.380001068115234,38.72999954223633,41.4900016784668,82660700,38.9900016784668
662,2021-04-30,39.84000015258789,37.72999954223633,37.349998474121094,41.220001220703125,116728700,39.84000015258789
663,2021-05-03,39.540000915527344,40.34000015258789,39.310001373291016,41.45000076293945,80089600,39.540000915527344
664,2021-05-04,37.93000030517578,38.9900016784668,36.91999816894531,39.31999969482422,78256800,37.93000030517578
665,2021-05-05,37.709999084472656,38.34000015258789,37.34000015258789,38.70000076293945,56336200,37.709999084472656
666,2021-05-06,36.68000030517578,37.4900016784668,35.77000045776367,38.040000915527344,71656000,36.68000030517578
667,2021-05-07,36.939998626708984,37.16999816894531,36.619998931884766,38.040000915527344,55551700,36.939998626708984
668,2021-05-10,34.33000183105469,36.779998779296875,34.29999923706055,36.790000915527344,92293900,34.33000183105469
669,2021-05-11,34.869998931884766,32.45000076293945,32.20000076293945,35.459999084472656,113418900,34.869998931884766
670,2021-05-12,33.68000030517578,34.380001068115234,33.47999954223633,35.130001068115234,75993700,33.68000030517578
671,2021-05-13,31.219999313354492,33.849998474121094,30.709999084472656,34.27000045776367,113686700,31.219999313354492
672,2021-05-14,33.41999816894531,31.940000534057617,31.559999465942383,33.689998626708984,80214300,33.41999816894531
673,2021-05-17,33.810001373291016,33.33000183105469,32.81999969482422,34.15999984741211,64020000,33.810001373291016
674,2021-05-18,34.189998626708984,34.0099983215332,33.2599983215332,34.779998779296875,64929500,34.189998626708984
675,2021-05-19,33.459999084472656,32.97999954223633,32.59000015258789,33.459999084472656,68799800,33.459999084472656
676,2021-05-20,34.33000183105469,33.97999954223633,33.63999938964844,34.5099983215332,48991700,34.33000183105469
677,2021-05-21,34.060001373291016,34.65999984741211,33.869998931884766,34.779998779296875,49568800,34.060001373291016
678,2021-05-24,35.88999938964844,34.2599983215332,33.560001373291016,36.4900016784668,67244400,35.88999938964844
679,2021-05-25,36.06999969482422,36.31999969482422,35.689998626708984,37.63999938964844,76628000,36.06999969482422
680,2021-05-26,37.7599983215332,36.25,36.06999969482422,38.08000183105469,55929000,37.7599983215332
681,2021-05-27,38.90999984741211,37.95000076293945,37.18000030517578,38.97999954223633,53064400,38.90999984741211
682,2021-05-28,38.619998931884766,38.7400016784668,38.16999816894531,39.7599983215332,58236000,38.619998931884766
683,2021-06-01,42.34000015258789,39.9900016784668,39.939998626708984,42.439998626708984,101544100,42.34000015258789
684,2021-06-02,41.15999984741211,42.150001525878906,40.95000076293945,42.880001068115234,66383500,41.15999984741211
685,2021-06-03,40.900001525878906,40.68000030517578,40.310001373291016,42.369998931884766,62437200,40.900001525878906
686,2021-06-04,41.939998626708984,41.43000030517578,41.150001525878906,42.33000183105469,40993600,41.939998626708984
687,2021-06-07,43.68000030517578,41.66999816894531,41.439998626708984,43.900001525878906,53261300,43.68000030517578
688,2021-06-08,43.560001373291016,44.459999084472656,42.81999969482422,44.88999938964844,50332300,43.560001373291016
689,2021-06-09,42.7400016784668,43.529998779296875,42.72999954223633,44.439998626708984,36364000,42.7400016784668
690,2021-06-10,42.7599983215332,42.66999816894531,42.15999984741211,43.43000030517578,34757300,42.7599983215332
691,2021-06-11,45.68000030517578,42.93000030517578,42.7599983215332,46.2599983215332,85733900,45.68000030517578
692,2021-06-14,46.54999923706055,45.95000076293945,45.58000183105469,47.25,65288400,46.54999923706055
693,2021-06-15,45.150001525878906,46.209999084472656,45.040000915527344,46.380001068115234,44755600,45.150001525878906
694,2021-06-16,45.02000045776367,44.22999954223633,43.77000045776367,45.130001068115234,47381500,45.02000045776367
695,2021-06-17,47.36000061035156,45.04999923706055,44.86000061035156,47.7599983215332,64895500,47.36000061035156
696,2021-06-18,46.90999984741211,47.68000030517578,46.59000015258789,48.369998931884766,90778400,46.90999984741211
697,2021-06-21,46.5099983215332,46.54999923706055,45.06999969482422,46.9900016784668,44475700,46.5099983215332
698,2021-06-22,44.099998474121094,45.86000061035156,43.810001373291016,46.54999923706055,61387300,44.099998474121094
699,2021-06-23,45.40999984741211,44.970001220703125,44.61000061035156,45.97999954223633,39493500,45.40999984741211
700,2021-06-24,45.459999084472656,45.90999984741211,45.2400016784668,46.59000015258789,37680700,45.459999084472656
701,2021-06-25,45.06999969482422,45.779998779296875,44.880001068115234,45.939998626708984,32605400,45.06999969482422
702,2021-06-28,49.400001525878906,45.720001220703125,45.54999923706055,49.650001525878906,90202800,49.400001525878906
703,2021-06-29,50.34000015258789,49.150001525878906,48.54999923706055,50.61000061035156,64800100,50.34000015258789
704,2021-06-30,53.20000076293945,50.58000183105469,50.54999923706055,53.84000015258789,92031100,53.20000076293945
705,2021-07-01,50.900001525878906,54.77000045776367,50.27000045776367,55.130001068115234,124253000,50.900001525878906
706,2021-07-02,50.400001525878906,51.2599983215332,48.529998779296875,51.470001220703125,78631100,50.400001525878906
707,2021-07-06,50.290000915527344,49.400001525878906,49.18000030517578,51.7400016784668,67705500,50.290000915527344
708,2021-07-07,46.040000915527344,50.20000076293945,45.75,50.54999923706055,85812800,46.040000915527344
709,2021-07-08,45.599998474121094,43.86000061035156,42.72999954223633,46.2599983215332,93774800,45.599998474121094
710,2021-07-09,45.529998779296875,46.709999084472656,44.58000183105469,47.0099983215332,64622800,45.529998779296875
711,2021-07-12,46.34000015258789,45.970001220703125,44.599998474121094,46.81999969482422,54668300,46.34000015258789
712,2021-07-13,44.959999084472656,46.20000076293945,44.93000030517578,46.90999984741211,44689100,44.959999084472656
713,2021-07-14,43.04999923706055,44.84000015258789,42.68000030517578,45.16999816894531,56805800,43.04999923706055
714,2021-07-15,43.68000030517578,43.2599983215332,42.68000030517578,44.77000045776367,55860400,43.68000030517578
715,2021-07-16,42.79999923706055,43.849998474121094,42.400001525878906,44.400001525878906,49929500,42.79999923706055
716,2021-07-19,43.349998474121094,41.4900016784668,40.47999954223633,43.66999816894531,65290100,43.349998474121094
717,2021-07-20,44.16999816894531,43.599998474121094,42.43000030517578,44.40999984741211,37932300,44.16999816894531
718,2021-07-21,46.77000045776367,44.099998474121094,44.0,47.380001068115234,59851700,46.77000045776367
719,2021-07-22,46.06999969482422,46.959999084472656,45.470001220703125,47.380001068115234,38936400,46.06999969482422
720,2021-07-23,43.9900016784668,43.66999816894531,42.5,44.5,49559100,43.9900016784668
721,2021-07-26,43.16999816894531,42.66999816894531,41.93000030517578,44.880001068115234,54759200,43.16999816894531
722,2021-07-27,39.36000061035156,42.439998626708984,38.65999984741211,43.29999923706055,102714000,39.36000061035156
723,2021-07-28,41.84000015258789,40.90999984741211,39.790000915527344,42.0,59207200,41.84000015258789
724,2021-07-29,42.619998931884766,42.25,41.63999938964844,43.29999923706055,46847600,42.619998931884766
725,2021-07-30,44.68000030517578,42.22999954223633,41.529998779296875,45.20000076293945,66262700,44.68000030517578
726,2021-08-02,45.849998474121094,44.650001525878906,44.29999923706055,46.779998779296875,68453300,45.849998474121094
727,2021-08-03,44.56999969482422,45.22999954223633,43.7599983215332,45.79999923706055,46029300,44.56999969482422
728,2021-08-04,45.09000015258789,45.470001220703125,44.560001373291016,45.79999923706055,35453600,45.09000015258789
729,2021-08-05,45.599998474121094,44.75,44.02000045776367,46.29999923706055,33362600,45.599998474121094
730,2021-08-06,43.84000015258789,45.54999923706055,43.45000076293945,45.79999923706055,38016400,43.84000015258789
731,2021-08-09,45.209999084472656,43.70000076293945,43.70000076293945,45.47999954223633,30548700,45.209999084472656
732,2021-08-10,44.220001220703125,45.470001220703125,44.099998474121094,46.380001068115234,29572800,44.220001220703125
733,2021-08-11,43.970001220703125,44.709999084472656,43.150001525878906,45.119998931884766,33805200,43.970001220703125
734,2021-08-12,42.470001220703125,44.349998474121094,41.54999923706055,44.400001525878906,50685600,42.470001220703125
735,2021-08-13,41.029998779296875,41.900001525878906,40.61000061035156,42.279998779296875,39161100,41.029998779296875
736,2021-08-16,38.619998931884766,39.459999084472656,38.06999969482422,39.599998474121094,66407900,38.619998931884766
737,2021-08-17,38.099998474121094,37.459999084472656,36.83000183105469,39.02000045776367,60838000,38.099998474121094
738,2021-08-18,38.86000061035156,38.4900016784668,37.95000076293945,39.630001068115234,48277600,38.86000061035156
739,2021-08-19,36.290000915527344,37.88999938964844,36.2400016784668,38.150001525878906,56718000,36.290000915527344
740,2021-08-20,36.91999816894531,36.630001068115234,36.599998474121094,37.900001525878906,43491300,36.91999816894531
741,2021-08-23,38.16999816894531,37.439998626708984,37.040000915527344,38.380001068115234,39610100,38.16999816894531
742,2021-08-24,38.939998626708984,39.2400016784668,38.630001068115234,39.61000061035156,37927500,38.939998626708984
743,2021-08-25,38.95000076293945,38.65999984741211,38.18000030517578,39.13999938964844,25641300,38.95000076293945
744,2021-08-26,38.2599983215332,38.630001068115234,37.81999969482422,39.7400016784668,34432000,38.2599983215332
745,2021-08-27,38.04999923706055,38.22999954223633,37.83000183105469,38.470001220703125,23496700,38.04999923706055
746,2021-08-30,37.79999923706055,38.16999816894531,36.63999938964844,38.279998779296875,38128000,37.79999923706055
747,2021-08-31,39.310001373291016,38.2400016784668,37.900001525878906,39.38999938964844,44942200,39.310001373291016
748,2021-09-01,39.08000183105469,37.4900016784668,37.20000076293945,39.93000030517578,56911500,39.08000183105469
749,2021-09-02,40.349998474121094,39.06999969482422,38.900001525878906,41.02000045776367,43827700,40.349998474121094
750,2021-09-03,40.369998931884766,40.11000061035156,39.83000183105469,40.970001220703125,30353900,40.369998931884766
751,2021-09-07,40.59000015258789,40.849998474121094,40.59000015258789,41.86000061035156,35292600,40.59000015258789
752,2021-09-08,38.13999938964844,39.16999816894531,37.810001373291016,39.43000030517578,51800000,38.13999938964844
753,2021-09-09,38.45000076293945,37.97999954223633,37.54999923706055,38.849998474121094,33812000,38.45000076293945
754,2021-09-10,37.97999954223633,38.619998931884766,37.900001525878906,39.52000045776367,29273600,37.97999954223633
755,2021-09-13,38.38999938964844,38.0099983215332,36.560001373291016,38.38999938964844,38410000,38.38999938964844
756,2021-09-14,37.88999938964844,38.4900016784668,37.689998626708984,39.400001525878906,30857200,37.88999938964844
757,2021-09-15,38.029998779296875,38.0,36.95000076293945,38.150001525878906,27049400,38.029998779296875
758,2021-09-16,37.09000015258789,37.540000915527344,36.7400016784668,37.66999816894531,33023100,37.09000015258789
759,2021-09-17,37.5099983215332,37.29999923706055,36.970001220703125,37.56999969482422,29557200,37.5099983215332
760,2021-09-20,35.16999816894531,36.11000061035156,34.540000915527344,36.31999969482422,57611700,35.16999816894531
761,2021-09-21,34.900001525878906,35.52000045776367,34.880001068115234,35.81999969482422,31706600,34.900001525878906
762,2021-09-22,35.70000076293945,35.209999084472656,35.119998931884766,35.83000183105469,26608000,35.70000076293945
763,2021-09-23,36.0099983215332,36.20000076293945,35.56999969482422,36.5,27152700,36.0099983215332
764,2021-09-24,35.380001068115234,35.59000015258789,35.20000076293945,36.06999969482422,23755100,35.380001068115234
765,2021-09-27,36.77000045776367,35.43000030517578,34.41999816894531,36.86000061035156,36093000,36.77000045776367
766,2021-09-28,35.04999923706055,36.279998779296875,34.93000030517578,37.029998779296875,37507900,35.04999923706055
767,2021-09-29,35.130001068115234,35.439998626708984,35.02000045776367,36.36000061035156,33553400,35.130001068115234
768,2021-09-30,35.630001068115234,35.630001068115234,35.290000915527344,35.97999954223633,25768500,35.630001068115234
769,2021-10-01,35.380001068115234,36.630001068115234,35.2599983215332,36.66999816894531,34919900,35.380001068115234
770,2021-10-04,33.400001525878906,35.02000045776367,33.279998779296875,35.02000045776367,40823100,33.400001525878906
771,2021-10-05,33.869998931884766,33.29999923706055,33.27000045776367,34.310001373291016,26441300,33.869998931884766
772,2021-10-06,33.65999984741211,33.40999984741211,33.16999816894531,34.15999984741211,22885100,33.65999984741211
773,2021-10-07,35.9900016784668,35.439998626708984,34.90999984741211,36.63999938964844,67945200,35.9900016784668
774,2021-10-08,35.83000183105469,36.439998626708984,35.83000183105469,36.54999923706055,31959800,35.83000183105469
775,2021-10-11,35.63999938964844,36.09000015258789,35.529998779296875,36.52000045776367,25400100,35.63999938964844
776,2021-10-12,35.5099983215332,35.70000076293945,35.18000030517578,36.04999923706055,26592000,35.5099983215332
777,2021-10-13,36.2400016784668,35.779998779296875,35.470001220703125,36.68000030517578,33439600,36.2400016784668
778,2021-10-14,36.279998779296875,36.209999084472656,35.599998474121094,36.45000076293945,29898400,36.279998779296875
779,2021-10-15,37.709999084472656,36.9900016784668,36.939998626708984,38.290000915527344,48169000,37.709999084472656
780,2021-10-18,39.61000061035156,37.4900016784668,37.27000045776367,39.84000015258789,43499400,39.61000061035156
781,2021-10-19,40.029998779296875,40.27000045776367,39.560001373291016,40.900001525878906,37820000,40.029998779296875
782,2021-10-20,39.779998779296875,39.970001220703125,39.15999984741211,40.34000015258789,25120700,39.779998779296875
783,2021-10-21,39.970001220703125,39.5099983215332,39.369998931884766,40.599998474121094,25389100,39.970001220703125
784,2021-10-22,38.880001068115234,39.959999084472656,38.540000915527344,40.38999938964844,28015500,38.880001068115234
785,2021-10-25,41.27000045776367,39.400001525878906,39.2400016784668,41.41999816894531,46935600,41.27000045776367
786,2021-10-26,40.470001220703125,41.290000915527344,40.470001220703125,42.61000061035156,55875400,40.470001220703125
787,2021-10-27,39.310001373291016,40.900001525878906,39.2599983215332,41.279998779296875,28750900,39.310001373291016
788,2021-10-28,40.790000915527344,39.529998779296875,39.189998626708984,40.79999923706055,32774200,40.790000915527344
789,2021-10-29,39.40999984741211,40.25,39.209999084472656,40.54999923706055,33423100,39.40999984741211
790,2021-11-01,40.84000015258789,38.11000061035156,38.11000061035156,40.84000015258789,53062500,40.84000015258789
791,2021-11-02,41.29999923706055,40.470001220703125,40.20000076293945,42.4900016784668,46243600,41.29999923706055
792,2021-11-03,41.5,41.97999954223633,40.630001068115234,42.40999984741211,34202100,41.5
793,2021-11-04,43.119998931884766,42.7599983215332,42.5,44.0,53634400,43.119998931884766
794,2021-11-05,42.290000915527344,43.52000045776367,41.81999969482422,43.52000045776367,33048700,42.290000915527344
795,2021-11-08,43.20000076293945,42.650001525878906,42.279998779296875,44.27000045776367,38487900,43.20000076293945
796,2021-11-09,40.63999938964844,43.4900016784668,40.599998474121094,43.79999923706055,49158000,40.63999938964844
797,2021-11-10,39.54999923706055,40.88999938964844,38.83000183105469,42.09000015258789,48507300,39.54999923706055
798,2021-11-11,42.20000076293945,40.88999938964844,40.349998474121094,42.220001220703125,39934000,42.20000076293945
799,2021-11-12,42.66999816894531,42.689998626708984,41.90999984741211,43.54999923706055,34743100,42.66999816894531
800,2021-11-15,40.56999969482422,42.599998474121094,40.02000045776367,42.689998626708984,47571700,40.56999969482422
801,2021-11-16,40.66999816894531,40.88999938964844,40.02000045776367,41.29999923706055,37099000,40.66999816894531
802,2021-11-17,39.66999816894531,40.56999969482422,39.06999969482422,40.91999816894531,35829900,39.66999816894531
803,2021-11-18,38.40999984741211,39.0,37.45000076293945,39.439998626708984,42260200,38.40999984741211
804,2021-11-19,38.65999984741211,38.59000015258789,38.0,39.099998474121094,30069100,38.65999984741211
805,2021-11-22,41.4900016784668,40.41999816894531,40.25,42.84000015258789,70987500,41.4900016784668
806,2021-11-23,42.040000915527344,41.5,40.470001220703125,43.119998931884766,55094300,42.040000915527344
807,2021-11-24,41.41999816894531,41.70000076293945,40.88999938964844,42.5099983215332,33467200,41.41999816894531
808,2021-11-26,39.9900016784668,39.400001525878906,39.099998474121094,40.34000015258789,30468500,39.9900016784668
809,2021-11-29,40.459999084472656,40.849998474121094,39.4900016784668,41.20000076293945,35113900,40.459999084472656
810,2021-11-30,39.130001068115234,40.369998931884766,38.349998474121094,41.41999816894531,47970900,39.130001068115234
811,2021-12-01,38.310001373291016,40.40999984741211,38.20000076293945,40.83000183105469,48006000,38.310001373291016
812,2021-12-02,36.20000076293945,38.83000183105469,34.02000045776367,39.68000030517578,85263200,36.20000076293945
813,2021-12-03,32.150001525878906,34.58000183105469,31.5,35.220001220703125,106366600,32.150001525878906
814,2021-12-06,32.34000015258789,32.349998474121094,29.65999984741211,33.31999969482422,70041700,32.34000015258789
815,2021-12-07,33.119998931884766,34.439998626708984,32.68000030517578,34.52000045776367,51769700,33.119998931884766
816,2021-12-08,35.04999923706055,33.81999969482422,33.04999923706055,35.29999923706055,48881000,35.04999923706055
817,2021-12-09,34.04999923706055,34.880001068115234,33.900001525878906,35.54999923706055,36271400,34.04999923706055
818,2021-12-10,34.2599983215332,33.900001525878906,33.25,34.54999923706055,32196300,34.2599983215332
819,2021-12-13,33.65999984741211,33.68000030517578,32.900001525878906,34.66999816894531,31857900,33.65999984741211
820,2021-12-14,32.29999923706055,32.22999954223633,31.200000762939453,32.380001068115234,45998500,32.29999923706055
821,2021-12-15,30.790000915527344,31.5,29.059999465942383,31.84000015258789,80802100,30.790000915527344
822,2021-12-16,30.06999969482422,31.049999237060547,29.75,31.639999389648438,42744100,30.06999969482422
823,2021-12-17,30.0,29.530000686645508,28.020000457763672,30.510000228881836,54537300,30.0
824,2021-12-20,28.15999984741211,29.450000762939453,27.790000915527344,29.459999084472656,56945600,28.15999984741211
825,2021-12-21,30.15999984741211,28.729999542236328,28.670000076293945,30.25,73653200,30.15999984741211
826,2021-12-22,29.850000381469727,29.559999465942383,29.329999923706055,30.3799991607666,38368900,29.850000381469727
827,2021-12-23,30.520000457763672,29.610000610351562,28.969999313354492,30.799999237060547,38379700,30.520000457763672
828,2021-12-27,29.959999084472656,30.389999389648438,29.809999465942383,31.31999969482422,36081100,29.959999084472656
829,2021-12-28,29.6299991607666,29.8799991607666,29.469999313354492,30.190000534057617,28807200,29.6299991607666
830,2021-12-29,28.25,29.559999465942383,27.520000457763672,29.6200008392334,51169700,28.25
831,2021-12-30,32.41999816894531,27.889999389648438,27.799999237060547,33.040000915527344,137245800,32.41999816894531
832,2021-12-31,31.68000030517578,32.040000915527344,31.65999984741211,32.97999954223633,67569200,31.68000030517578
833,2022-01-03,33.470001220703125,33.52000045776367,31.8799991607666,33.79999923706055,64286500,33.470001220703125
834,2022-01-04,31.579999923706055,33.349998474121094,31.110000610351562,33.38999938964844,47866800,31.579999923706055
835,2022-01-05,29.8799991607666,30.969999313354492,29.780000686645508,31.940000534057617,42442700,29.8799991607666
836,2022-01-06,29.309999465942383,30.010000228881836,28.280000686645508,30.540000915527344,48723200,29.309999465942383
837,2022-01-07,29.299999237060547,29.450000762939453,28.780000686645508,30.420000076293945,40781500,29.299999237060547
838,2022-01-10,28.90999984741211,29.0,27.780000686645508,29.15999984741211,44833600,28.90999984741211
839,2022-01-11,30.020000457763672,28.850000381469727,28.469999313354492,30.440000534057617,41475700,30.020000457763672
840,2022-01-12,31.68000030517578,31.200000762939453,30.34000015258789,31.860000610351562,54271700,31.68000030517578
841,2022-01-13,30.479999542236328,31.68000030517578,30.479999542236328,31.850000381469727,35401300,30.479999542236328
842,2022-01-14,30.950000762939453,30.280000686645508,30.079999923706055,31.31999969482422,34862600,30.950000762939453
843,2022-01-18,29.610000610351562,30.030000686645508,29.600000381469727,30.90999984741211,33258200,29.610000610351562
844,2022-01-19,28.6299991607666,29.719999313354492,28.610000610351562,30.149999618530273,34011800,28.6299991607666
845,2022-01-20,29.1299991607666,29.459999084472656,29.049999237060547,30.8799991607666,45217100,29.1299991607666
846,2022-01-21,27.350000381469727,28.979999542236328,27.219999313354492,28.989999771118164,60210500,27.350000381469727
847,2022-01-24,24.8700008392334,25.729999542236328,23.100000381469727,25.979999542236328,94119800,24.8700008392334
848,2022-01-25,23.790000915527344,24.15999984741211,23.3799991607666,25.010000228881836,53047000,23.790000915527344
849,2022-01-26,22.65999984741211,24.600000381469727,22.530000686645508,24.780000686645508,72125700,22.65999984741211
850,2022-01-27,21.110000610351562,22.799999237060547,20.959999084472656,22.809999465942383,78287900,21.110000610351562
851,2022-01-28,20.899999618530273,20.65999984741211,19.309999465942383,21.31999969482422,96701100,20.899999618530273
852,2022-01-31,24.510000228881836,21.729999542236328,21.600000381469727,24.639999389648438,96028800,24.510000228881836
853,2022-02-01,24.84000015258789,24.889999389648438,23.559999465942383,25.229999542236328,81994300,24.84000015258789
854,2022-02-02,23.760000228881836,24.889999389648438,23.010000228881836,24.889999389648438,60475400,23.760000228881836
855,2022-02-03,23.1299991607666,22.959999084472656,22.950000762939453,24.6200008392334,55361300,23.1299991607666
856,2022-02-04,23.959999084472656,23.459999084472656,22.729999542236328,24.31999969482422,45771700,23.959999084472656
857,2022-02-07,23.989999771118164,23.780000686645508,23.530000686645508,24.780000686645508,39661800,23.989999771118164
858,2022-02-08,24.690000534057617,23.989999771118164,23.540000915527344,24.860000610351562,42607200,24.690000534057617
859,2022-02-09,26.100000381469727,25.450000762939453,25.049999237060547,26.239999771118164,56547700,26.100000381469727
860,2022-02-10,25.350000381469727,25.049999237060547,25.020000457763672,26.40999984741211,54337700,25.350000381469727
861,2022-02-11,24.100000381469727,24.989999771118164,23.700000762939453,25.68000030517578,47870100,24.100000381469727
862,2022-02-14,23.790000915527344,23.760000228881836,23.34000015258789,24.540000915527344,41441600,23.790000915527344
863,2022-02-15,25.790000915527344,24.309999465942383,24.200000762939453,25.84000015258789,47215200,25.790000915527344
864,2022-02-16,25.610000610351562,25.399999618530273,25.049999237060547,25.84000015258789,32627200,25.610000610351562
865,2022-02-17,24.719999313354492,25.239999771118164,24.649999618530273,26.270000457763672,34541600,24.719999313354492
866,2022-02-18,23.209999084472656,24.780000686645508,22.739999771118164,24.790000915527344,52112700,23.209999084472656
867,2022-02-22,21.770000457763672,22.360000610351562,21.31999969482422,22.959999084472656,56038200,21.770000457763672
868,2022-02-23,20.459999084472656,22.020000457763672,20.450000762939453,22.5,49465100,20.459999084472656
869,2022-02-24,21.219999313354492,18.5,18.469999313354492,21.309999465942383,77198400,21.219999313354492
870,2022-02-25,20.940000534057617,21.329999923706055,20.190000534057617,21.56999969482422,56994000,20.940000534057617
871,2022-02-28,22.84000015258789,21.43000030517578,20.940000534057617,23.149999618530273,83996600,22.84000015258789
872,2022-03-01,21.8700008392334,22.559999465942383,21.729999542236328,23.350000381469727,50402000,21.8700008392334
873,2022-03-02,21.770000457763672,21.899999618530273,20.6299991607666,22.209999084472656,47212000,21.770000457763672
874,2022-03-03,19.8799991607666,21.729999542236328,19.719999313354492,21.809999465942383,69419400,19.8799991607666
875,2022-03-04,18.6299991607666,20.09000015258789,18.549999237060547,20.290000915527344,68403300,18.6299991607666
876,2022-03-07,18.1200008392334,18.850000381469727,18.040000915527344,20.030000686645508,79649600,18.1200008392334
877,2022-03-08,17.979999542236328,18.229999542236328,17.579999923706055,18.75,74932400,17.979999542236328
878,2022-03-09,20.170000076293945,18.559999465942383,18.510000228881836,20.549999237060547,84306700,20.170000076293945
879,2022-03-10,17.770000457763672,19.0,17.219999313354492,19.100000381469727,105883600,17.770000457763672
880,2022-03-11,16.06999969482422,18.110000610351562,16.06999969482422,18.1299991607666,93265200,16.06999969482422
881,2022-03-14,14.100000381469727,15.09000015258789,13.819999694824219,15.739999771118164,115290300,14.100000381469727
882,2022-03-15,14.930000305175781,13.479999542236328,13.010000228881836,15.350000381469727,139771600,14.930000305175781
883,2022-03-16,18.75,17.639999389648438,16.780000686645508,18.770000457763672,168011700,18.75
884,2022-03-17,18.81999969482422,17.93000030517578,17.440000534057617,18.829999923706055,93328900,18.81999969482422
885,2022-03-18,20.860000610351562,18.829999923706055,18.549999237060547,21.239999771118164,128531700,20.860000610351562
886,2022-03-21,20.260000228881836,20.75,19.329999923706055,21.200000762939453,89586400,20.260000228881836
887,2022-03-22,21.770000457763672,20.84000015258789,20.59000015258789,22.09000015258789,79808500,21.770000457763672
888,2022-03-23,21.8700008392334,21.600000381469727,20.889999389648438,22.600000381469727,88922000,21.8700008392334
889,2022-03-24,21.979999542236328,22.0,20.65999984741211,22.1200008392334,97155000,21.979999542236328
890,2022-03-25,19.90999984741211,20.309999465942383,19.350000381469727,20.75,106936200,19.90999984741211
891,2022-03-28,21.209999084472656,20.420000076293945,20.31999969482422,21.229999542236328,75247200,21.209999084472656
892,2022-03-29,21.8799991607666,21.579999923706055,21.020000457763672,21.959999084472656,65946100,21.8799991607666
893,2022-03-30,22.170000076293945,21.829999923706055,21.6299991607666,23.860000610351562,114646500,22.170000076293945
894,2022-03-31,21.049999237060547,22.280000686645508,20.760000228881836,22.280000686645508,77641400,21.049999237060547
895,2022-04-01,21.93000030517578,22.40999984741211,21.559999465942383,23.219999313354492,110169300,21.93000030517578
896,2022-04-04,23.850000381469727,23.309999465942383,22.780000686645508,23.940000534057617,101280500,23.850000381469727
897,2022-04-05,22.469999313354492,23.969999313354492,22.440000534057617,23.979999542236328,69772000,22.469999313354492
898,2022-04-06,21.68000030517578,22.040000915527344,20.93000030517578,22.079999923706055,73501100,21.68000030517578
899,2022-04-07,20.360000610351562,21.489999771118164,19.729999542236328,21.68000030517578,82617000,20.360000610351562
900,2022-04-08,20.0,20.110000610351562,19.829999923706055,20.709999084472656,59574300,20.0
901,2022-04-11,19.700000762939453,18.049999237060547,17.770000457763672,20.06999969482422,93693800,19.700000762939453
902,2022-04-12,19.459999084472656,20.030000686645508,19.219999313354492,20.270000457763672,51210800,19.459999084472656
903,2022-04-13,20.420000076293945,19.549999237060547,19.030000686645508,20.559999465942383,57163200,20.420000076293945
904,2022-04-14,19.649999618530273,20.09000015258789,19.530000686645508,20.399999618530273,43937500,19.649999618530273
905,2022-04-18,19.170000076293945,19.510000228881836,18.510000228881836,19.639999389648438,40647500,19.170000076293945
906,2022-04-19,19.8700008392334,19.049999237060547,18.360000610351562,19.889999389648438,43395000,19.8700008392334
907,2022-04-20,18.149999618530273,19.3799991607666,18.06999969482422,19.450000762939453,53336400,18.149999618530273
908,2022-04-21,17.149999618530273,18.34000015258789,16.979999542236328,18.700000762939453,61501400,17.149999618530273
909,2022-04-22,17.18000030517578,17.350000381469727,17.1200008392334,18.290000915527344,60727300,17.18000030517578
910,2022-04-25,17.309999465942383,16.809999465942383,16.18000030517578,17.420000076293945,54990900,17.309999465942383
911,2022-04-26,16.360000610351562,17.239999771118164,16.15999984741211,17.40999984741211,52771600,16.360000610351562
912,2022-04-27,16.760000228881836,16.520000457763672,16.520000457763672,17.690000534057617,56633000,16.760000228881836
913,2022-04-28,16.93000030517578,16.899999618530273,15.90999984741211,17.239999771118164,53118500,16.93000030517578
914,2022-04-29,16.700000762939453,17.780000686645508,16.65999984741211,18.190000534057617,62933900,16.700000762939453
915,2022-05-02,17.5,16.530000686645508,16.399999618530273,17.5,56156200,17.5
916,2022-05-03,17.530000686645508,17.290000915527344,16.950000762939453,17.84000015258789,44062200,17.530000686645508
917,2022-05-04,18.1299991607666,17.18000030517578,16.719999313354492,18.219999313354492,53869900,18.1299991607666
918,2022-05-05,15.380000114440918,17.40999984741211,14.869999885559082,17.520000457763672,95761700,15.380000114440918
919,2022-05-06,14.920000076293945,15.609999656677246,14.460000038146973,15.8100004196167,57655100,14.920000076293945
920,2022-05-09,13.550000190734863,14.329999923706055,13.479999542236328,14.529999732971191,63121000,13.550000190734863
921,2022-05-10,13.4399995803833,14.260000228881836,12.859999656677246,14.680000305175781,77181800,13.4399995803833
922,2022-05-11,12.710000038146973,13.789999961853027,12.640000343322754,14.359999656677246,86081300,12.710000038146973
923,2022-05-12,13.100000381469727,12.479999542236328,11.670000076293945,13.75,83180600,13.100000381469727
924,2022-05-13,14.3100004196167,13.699999809265137,13.539999961853027,14.40999984741211,63558000,14.3100004196167
925,2022-05-16,14.550000190734863,14.8100004196167,14.279999732971191,15.430000305175781,82270000,14.550000190734863
926,2022-05-17,16.6299991607666,15.3100004196167,15.260000228881836,16.690000534057617,93233100,16.6299991607666
927,2022-05-18,15.829999923706055,16.290000915527344,15.65999984741211,16.93000030517578,72865500,15.829999923706055
928,2022-05-19,16.65999984741211,16.110000610351562,15.789999961853027,16.889999389648438,61191000,16.65999984741211
929,2022-05-20,16.440000534057617,17.5,15.680000305175781,17.600000381469727,86108900,16.440000534057617
930,2022-05-23,16.0,15.800000190734863,15.239999771118164,16.010000228881836,65594700,16.0
931,2022-05-24,14.630000114440918,15.529999732971191,14.399999618530273,15.529999732971191,48413500,14.630000114440918
932,2022-05-25,14.640000343322754,14.789999961853027,14.09000015258789,15.0,44911100,14.640000343322754
933,2022-05-26,16.030000686645508,14.520000457763672,14.329999923706055,16.1299991607666,64243800,16.030000686645508
934,2022-05-27,16.56999969482422,16.15999984741211,15.670000076293945,16.690000534057617,51414800,16.56999969482422
935,2022-05-31,17.389999389648438,17.770000457763672,16.760000228881836,17.920000076293945,96583300,17.389999389648438
936,2022-06-01,17.56999969482422,17.59000015258789,17.479999542236328,18.93000030517578,92493700,17.56999969482422
937,2022-06-02,18.850000381469727,17.540000915527344,16.989999771118164,18.850000381469727,77825000,18.850000381469727
938,2022-06-03,18.079999923706055,18.420000076293945,17.809999465942383,18.739999771118164,57620700,18.079999923706055
939,2022-06-06,19.18000030517578,18.989999771118164,18.799999237060547,19.799999237060547,68726800,19.18000030517578
940,2022-06-07,19.649999618530273,18.979999542236328,18.600000381469727,19.68000030517578,49357200,19.649999618530273
941,2022-06-08,20.3799991607666,20.31999969482422,19.860000610351562,20.450000762939453,65311600,20.3799991607666
942,2022-06-09,18.81999969482422,18.719999313354492,18.450000762939453,19.68000030517578,73635000,18.81999969482422
943,2022-06-10,18.139999389648438,18.860000610351562,17.809999465942383,19.18000030517578,61204800,18.139999389648438
944,2022-06-13,15.989999771118164,17.31999969482422,15.84000015258789,17.489999771118164,60529400,15.989999771118164
945,2022-06-14,18.65999984741211,16.530000686645508,16.489999771118164,19.09000015258789,105582700,18.65999984741211
946,2022-06-15,20.110000610351562,18.959999084472656,18.18000030517578,20.260000228881836,121426000,20.110000610351562
947,2022-06-16,19.18000030517578,19.18000030517578,18.469999313354492,19.93000030517578,77244500,19.18000030517578
948,2022-06-17,20.770000457763672,19.770000457763672,19.729999542236328,20.889999389648438,82067300,20.770000457763672
949,2022-06-21,22.65999984741211,21.84000015258789,21.579999923706055,23.100000381469727,90287700,22.65999984741211
950,2022-06-22,22.549999237060547,22.34000015258789,21.93000030517578,23.1299991607666,81297100,22.549999237060547
951,2022-06-23,23.049999237060547,23.110000610351562,22.229999542236328,23.209999084472656,77502800,23.049999237060547
952,2022-06-24,24.079999923706055,23.219999313354492,23.15999984741211,24.170000076293945,67062600,24.079999923706055
953,2022-06-27,22.950000762939453,24.1299991607666,22.850000381469727,24.43000030517578,61701600,22.950000762939453
954,2022-06-28,22.360000610351562,22.360000610351562,22.020000457763672,23.450000762939453,76228500,22.360000610351562
955,2022-06-29,21.860000610351562,20.760000228881836,20.600000381469727,22.280000686645508,71582000,21.860000610351562
956,2022-06-30,21.719999313354492,21.860000610351562,20.899999618530273,22.1200008392334,53074100,21.719999313354492
957,2022-07-01,21.360000610351562,22.31999969482422,20.950000762939453,22.5,56855500,21.360000610351562
958,2022-07-05,22.18000030517578,21.040000915527344,20.350000381469727,22.200000762939453,50537400,22.18000030517578
959,2022-07-06,20.829999923706055,21.809999465942383,20.260000228881836,21.84000015258789,58981700,20.829999923706055
960,2022-07-07,22.5,21.399999618530273,21.360000610351562,23.100000381469727,72102000,22.5
961,2022-07-08,22.600000381469727,22.15999984741211,21.65999984741211,23.280000686645508,48917200,22.600000381469727
962,2022-07-11,20.56999969482422,21.600000381469727,20.5,21.739999771118164,54656800,20.56999969482422
963,2022-07-12,20.8700008392334,20.40999984741211,20.040000915527344,21.190000534057617,49780800,20.8700008392334
964,2022-07-13,21.09000015258789,20.229999542236328,20.229999542236328,21.799999237060547,50089200,21.09000015258789
965,2022-07-14,21.049999237060547,21.059999465942383,20.65999984741211,21.450000762939453,39870500,21.049999237060547
966,2022-07-15,20.719999313354492,20.84000015258789,19.93000030517578,20.899999618530273,41337800,20.719999313354492
967,2022-07-18,20.84000015258789,20.959999084472656,20.600000381469727,21.81999969482422,40382300,20.84000015258789
968,2022-07-19,20.200000762939453,21.100000381469727,19.520000457763672,21.100000381469727,63211700,20.200000762939453
969,2022-07-20,20.3700008392334,20.010000228881836,20.010000228881836,20.950000762939453,40381200,20.3700008392334
970,2022-07-21,20.68000030517578,20.15999984741211,20.15999984741211,21.170000076293945,39842100,20.68000030517578
971,2022-07-22,19.239999771118164,20.719999313354492,19.0,20.780000686645508,55606900,19.239999771118164
972,2022-07-25,19.329999923706055,18.979999542236328,18.770000457763672,19.5,30357200,19.329999923706055
973,2022-07-26,19.040000915527344,19.350000381469727,18.90999984741211,19.739999771118164,27669900,19.040000915527344
974,2022-07-27,19.3799991607666,19.139999389648438,18.75,19.5,32854100,19.3799991607666
975,2022-07-28,19.489999771118164,19.18000030517578,18.59000015258789,19.549999237060547,31078800,19.489999771118164
976,2022-07-29,19.729999542236328,18.809999465942383,18.65999984741211,19.84000015258789,36943000,19.729999542236328
977,2022-08-01,20.18000030517578,20.190000534057617,19.8700008392334,20.760000228881836,54375800,20.18000030517578
978,2022-08-02,20.18000030517578,19.68000030517578,19.610000610351562,20.950000762939453,51262000,20.18000030517578
979,2022-08-03,20.299999237060547,20.309999465942383,19.43000030517578,20.3700008392334,44049900,20.299999237060547
980,2022-08-04,20.899999618530273,20.389999389648438,20.329999923706055,21.469999313354492,37737400,20.899999618530273
981,2022-08-05,20.219999313354492,20.530000686645508,19.8799991607666,20.68000030517578,34056400,20.219999313354492
982,2022-08-08,20.170000076293945,20.25,20.149999618530273,20.790000915527344,29584800,20.170000076293945
983,2022-08-09,19.170000076293945,20.229999542236328,19.010000228881836,20.239999771118164,38118400,19.170000076293945
984,2022-08-10,20.049999237060547,19.579999923706055,19.06999969482422,20.06999969482422,35345700,20.049999237060547
985,2022-08-11,20.81999969482422,20.399999618530273,20.079999923706055,21.969999313354492,56333100,20.81999969482422
986,2022-08-12,21.110000610351562,20.260000228881836,19.790000915527344,21.170000076293945,34953500,21.110000610351562
987,2022-08-15,21.299999237060547,20.510000228881836,20.469999313354492,21.549999237060547,36347500,21.299999237060547
988,2022-08-16,20.90999984741211,21.149999618530273,20.40999984741211,21.149999618530273,32103200,20.90999984741211
989,2022-08-17,20.079999923706055,20.68000030517578,20.059999465942383,21.020000457763672,26455900,20.079999923706055
990,2022-08-18,19.90999984741211,20.020000457763672,19.510000228881836,20.18000030517578,21640100,19.90999984741211
991,2022-08-19,19.049999237060547,19.6200008392334,18.920000076293945,19.709999084472656,24262600,19.049999237060547
992,2022-08-22,18.950000762939453,18.8799991607666,18.65999984741211,19.260000228881836,27327900,18.950000762939453
993,2022-08-23,18.290000915527344,18.690000534057617,17.729999542236328,18.799999237060547,34210200,18.290000915527344
994,2022-08-24,18.8700008392334,18.010000228881836,18.0,19.229999542236328,29271000,18.8700008392334
995,2022-08-25,20.079999923706055,19.43000030517578,18.760000228881836,20.3700008392334,42455900,20.079999923706055
996,2022-08-26,19.920000076293945,20.770000457763672,19.809999465942383,21.260000228881836,61525400,19.920000076293945
997,2022-08-29,19.809999465942383,19.65999984741211,19.639999389648438,20.670000076293945,33245000,19.809999465942383
998,2022-08-30,19.829999923706055,19.850000381469727,19.299999237060547,20.219999313354492,29823800,19.829999923706055
999,2022-08-31,19.90999984741211,20.110000610351562,19.280000686645508,20.3799991607666,39383500,19.90999984741211
1000,2022-09-01,18.790000915527344,19.280000686645508,18.09000015258789,19.350000381469727,47665700,18.790000915527344
1001,2022-09-02,17.729999542236328,18.43000030517578,17.709999084472656,18.649999618530273,44132000,17.729999542236328
1002,2022-09-06,17.110000610351562,17.600000381469727,17.09000015258789,17.809999465942383,32485200,17.110000610351562
1003,2022-09-07,17.479999542236328,16.540000915527344,16.540000915527344,18.3700008392334,58645900,17.479999542236328
1004,2022-09-08,17.68000030517578,17.3700008392334,16.989999771118164,17.700000762939453,30487800,17.68000030517578
1005,2022-09-09,19.15999984741211,18.399999618530273,18.290000915527344,19.59000015258789,54913900,19.15999984741211
1006,2022-09-12,21.75,20.100000381469727,20.010000228881836,21.8799991607666,86994000,21.75
1007,2022-09-13,21.969999313354492,20.950000762939453,20.850000381469727,22.299999237060547,77974400,21.969999313354492
1008,2022-09-14,21.940000534057617,21.469999313354492,21.030000686645508,22.09000015258789,47206700,21.940000534057617
1009,2022-09-15,21.510000228881836,21.510000228881836,21.25,22.739999771118164,43787900,21.510000228881836
1010,2022-09-16,20.149999618530273,21.100000381469727,19.959999084472656,21.350000381469727,65778700,20.149999618530273
1011,2022-09-19,20.899999618530273,19.75,19.75,20.959999084472656,36244000,20.899999618530273
1012,2022-09-20,20.40999984741211,20.700000762939453,20.209999084472656,20.950000762939453,29290000,20.40999984741211
1013,2022-09-21,18.299999237060547,20.1200008392334,18.25,20.15999984741211,64553200,18.299999237060547
1014,2022-09-22,18.350000381469727,18.510000228881836,18.09000015258789,19.18000030517578,36823100,18.350000381469727
1015,2022-09-23,17.639999389648438,18.0,17.420000076293945,18.209999084472656,39484400,17.639999389648438
1016,2022-09-26,17.6200008392334,17.770000457763672,17.530000686645508,18.399999618530273,42024500,17.6200008392334
1017,2022-09-27,17.190000534057617,18.18000030517578,16.979999542236328,18.229999542236328,40675200,17.190000534057617
1018,2022-09-28,17.329999923706055,16.799999237060547,16.65999984741211,17.459999084472656,37295600,17.329999923706055
1019,2022-09-29,15.579999923706055,16.829999923706055,15.369999885559082,16.940000534057617,51517700,15.579999923706055
1020,2022-09-30,15.770000457763672,15.210000038146973,15.199999809265137,16.149999618530273,39341300,15.770000457763672
1021,2022-10-03,15.489999771118164,15.850000381469727,15.279999732971191,15.9399995803833,38423000,15.489999771118164
1022,2022-10-04,16.729999542236328,16.170000076293945,15.949999809265137,16.8799991607666,45093600,16.729999542236328
1023,2022-10-05,16.040000915527344,16.5,15.640000343322754,16.68000030517578,39737500,16.040000915527344
1024,2022-10-06,14.770000457763672,16.0,14.760000228881836,16.239999771118164,67739000,14.770000457763672
1025,2022-10-07,13.760000228881836,14.289999961853027,13.539999961853027,14.529999732971191,53268900,13.760000228881836
1026,2022-10-10,13.279999732971191,13.65999984741211,13.020000457763672,13.729999542236328,48731700,13.279999732971191
1027,2022-10-11,12.829999923706055,13.130000114440918,12.579999923706055,13.420000076293945,51761500,12.829999923706055
1028,2022-10-12,12.880000114440918,12.930000305175781,12.479999542236328,13.460000038146973,50001300,12.880000114440918
1029,2022-10-13,12.779999732971191,12.350000381469727,11.949999809265137,12.850000381469727,53451100,12.779999732971191
1030,2022-10-14,11.75,12.989999771118164,11.729999542236328,13.180000305175781,59846600,11.75
1031,2022-10-17,12.210000038146973,12.1899995803833,12.119999885559082,12.640000343322754,51097200,12.210000038146973
1032,2022-10-18,12.210000038146973,13.079999923706055,12.09000015258789,13.220000267028809,58185400,12.210000038146973
1033,2022-10-19,10.920000076293945,11.800000190734863,10.710000038146973,11.899999618530273,99014200,10.920000076293945
1034,2022-10-20,10.970000267028809,11.029999732971191,10.880000114440918,11.430000305175781,47109300,10.970000267028809
1035,2022-10-21,11.210000038146973,10.670000076293945,10.40999984741211,11.210000038146973,42496300,11.210000038146973
1036,2022-10-24,9.449999809265137,10.010000228881836,8.380000114440918,10.029999732971191,166523700,9.449999809265137
1037,2022-10-25,10.630000114440918,9.8100004196167,9.529999732971191,10.630000114440918,98189000,10.630000114440918
1038,2022-10-26,10.8100004196167,10.4399995803833,10.229999542236328,11.09000015258789,79102800,10.8100004196167
1039,2022-10-27,9.979999542236328,10.529999732971191,9.970000267028809,10.729999542236328,64014700,9.979999542236328
1040,2022-10-28,9.6899995803833,9.5,9.279999732971191,9.979999542236328,74420600,9.6899995803833
1041,2022-10-31,9.670000076293945,9.510000228881836,9.380000114440918,10.050000190734863,46879600,9.670000076293945
1042,2022-11-01,9.710000038146973,10.329999923706055,9.6899995803833,10.449999809265137,56233200,9.710000038146973
1043,2022-11-02,9.489999771118164,9.600000381469727,9.479999542236328,10.130000114440918,76033400,9.489999771118164
1044,2022-11-03,9.9399995803833,9.1899995803833,9.029999732971191,10.170000076293945,64660300,9.9399995803833
1045,2022-11-04,11.680000305175781,11.0,10.600000381469727,11.6899995803833,125406400,11.680000305175781
1046,2022-11-07,10.979999542236328,12.229999542236328,10.699999809265137,12.380000114440918,84143600,10.979999542236328
1047,2022-11-08,10.5600004196167,10.680000305175781,10.079999923706055,10.869999885559082,61734900,10.5600004196167
1048,2022-11-09,9.25,10.0,9.140000343322754,10.180000305175781,81211800,9.25
1049,2022-11-10,10.34000015258789,10.300000190734863,10.050000190734863,10.829999923706055,84026800,10.34000015258789
1050,2022-11-11,11.5600004196167,10.789999961853027,10.539999961853027,11.6899995803833,100635600,11.5600004196167
1051,2022-11-14,11.170000076293945,11.859999656677246,11.170000076293945,12.119999885559082,62563000,11.170000076293945
1052,2022-11-15,11.510000228881836,11.90999984741211,11.359999656677246,11.949999809265137,63244200,11.510000228881836
1053,2022-11-16,10.529999732971191,11.170000076293945,10.449999809265137,11.289999961853027,49624900,10.529999732971191
1054,2022-11-17,10.670000076293945,10.25,9.930000305175781,10.720000267028809,62563500,10.670000076293945
1055,2022-11-18,10.470000267028809,10.649999618530273,10.260000228881836,10.8100004196167,49320200,10.470000267028809
1056,2022-11-21,10.020000457763672,10.220000267028809,9.670000076293945,10.25,53072100,10.020000457763672
1057,2022-11-22,10.010000228881836,9.869999885559082,9.75,10.100000381469727,36096300,10.010000228881836
1058,2022-11-23,10.5600004196167,10.3100004196167,10.239999771118164,10.739999771118164,49399100,10.5600004196167
1059,2022-11-25,10.170000076293945,10.260000228881836,9.960000038146973,10.300000190734863,23487600,10.170000076293945
1060,2022-11-28,10.119999885559082,10.050000190734863,9.989999771118164,10.630000114440918,39047000,10.119999885559082
1061,2022-11-29,10.5,10.649999618530273,10.390000343322754,10.899999618530273,48292300,10.5
1062,2022-11-30,12.779999732971191,11.34000015258789,11.34000015258789,13.270000457763672,173185000,12.779999732971191
1063,2022-12-01,12.09000015258789,12.350000381469727,11.949999809265137,12.550000190734863,59583400,12.09000015258789
1064,2022-12-02,13.130000114440918,12.0600004196167,11.970000267028809,13.319999694824219,106291200,13.130000114440918
1065,2022-12-05,12.800000190734863,13.989999771118164,12.59000015258789,14.029999732971191,94815800,12.800000190734863
1066,2022-12-06,13.239999771118164,13.0,12.430000305175781,13.279999732971191,62747600,13.239999771118164
1067,2022-12-07,12.579999923706055,12.420000076293945,12.149999618530273,12.720000267028809,52840500,12.579999923706055
1068,2022-12-08,13.40999984741211,13.0,12.880000114440918,13.550000190734863,52377700,13.40999984741211
1069,2022-12-09,12.630000114440918,13.170000076293945,12.619999885559082,13.319999694824219,44101100,12.630000114440918
1070,2022-12-12,12.489999771118164,12.300000190734863,12.15999984741211,12.579999923706055,35211100,12.489999771118164
1071,2022-12-13,12.3100004196167,13.109999656677246,12.029999732971191,13.239999771118164,52084300,12.3100004196167
1072,2022-12-14,12.100000381469727,12.449999809265137,11.970000267028809,12.529999732971191,33251900,12.100000381469727
1073,2022-12-15,11.880000114440918,12.329999923706055,11.680000305175781,12.630000114440918,41620900,11.880000114440918
1074,2022-12-16,11.600000381469727,12.130000114440918,11.600000381469727,12.380000114440918,46476300,11.600000381469727
1075,2022-12-19,11.0600004196167,11.65999984741211,10.829999923706055,11.65999984741211,40564600,11.0600004196167
1076,2022-12-20,11.09000015258789,10.670000076293945,10.579999923706055,11.59000015258789,44765300,11.09000015258789
1077,2022-12-21,11.609999656677246,11.069999694824219,10.859999656677246,11.710000038146973,34244000,11.609999656677246
1078,2022-12-22,11.289999961853027,11.449999809265137,10.760000228881836,11.579999923706055,32468900,11.289999961853027
1079,2022-12-23,10.970000267028809,11.220000267028809,10.6899995803833,11.220000267028809,33666100,10.970000267028809
1080,2022-12-27,10.0600004196167,10.529999732971191,9.970000267028809,10.609999656677246,54165700,10.0600004196167
1081,2022-12-28,9.800000190734863,10.010000228881836,9.609999656677246,10.25,42225300,9.800000190734863
1082,2022-12-29,9.989999771118164,9.920000076293945,9.770000457763672,10.270000457763672,49380200,9.989999771118164
1083,2022-12-30,9.75,9.829999923706055,9.520000457763672,9.979999542236328,40863800,9.75
1084,2023-01-03,9.630000114440918,10.210000038146973,9.5,10.510000228881836,54095600,9.630000114440918
1085,2023-01-04,10.630000114440918,9.970000267028809,9.850000381469727,10.899999618530273,63723800,10.630000114440918
1086,2023-01-05,10.859999656677246,10.390000343322754,10.239999771118164,10.970000267028809,37262700,10.859999656677246
1087,2023-01-06,10.369999885559082,10.0600004196167,9.5,10.390000343322754,70946700,10.369999885559082
1088,2023-01-09,10.760000228881836,10.630000114440918,10.630000114440918,11.119999885559082,42870100,10.760000228881836
1089,2023-01-10,11.239999771118164,11.100000381469727,10.680000305175781,11.380000114440918,44315500,11.239999771118164
1090,2023-01-11,11.510000228881836,11.350000381469727,10.989999771118164,11.720000267028809,42554500,11.510000228881836
1091,2023-01-12,11.8100004196167,11.489999771118164,11.130000114440918,11.8100004196167,40125300,11.8100004196167
1092,2023-01-13,11.800000190734863,11.4399995803833,11.229999542236328,11.8100004196167,41631500,11.800000190734863
1093,2023-01-17,11.40999984741211,11.319999694824219,11.09000015258789,11.510000228881836,48895600,11.40999984741211
1094,2023-01-18,11.010000228881836,11.489999771118164,10.979999542236328,11.6899995803833,43306200,11.010000228881836
1095,2023-01-19,10.770000457763672,10.880000114440918,10.619999885559082,11.180000305175781,33638100,10.770000457763672
1096,2023-01-20,11.069999694824219,10.949999809265137,10.829999923706055,11.34000015258789,39012500,11.069999694824219
1097,2023-01-23,12.0600004196167,11.279999732971191,11.149999618530273,12.350000381469727,64034100,12.0600004196167
1098,2023-01-24,11.680000305175781,13.210000038146973,11.0600004196167,13.210000038146973,37478600,11.680000305175781
1099,2023-01-25,11.630000114440918,11.460000038146973,11.279999732971191,11.770000457763672,26348900,11.630000114440918
1100,2023-01-26,12.170000076293945,12.430000305175781,11.800000190734863,12.470000267028809,51635100,12.170000076293945
1101,2023-01-27,12.710000038146973,12.149999618530273,11.979999542236328,13.220000267028809,69734400,12.710000038146973
1102,2023-01-30,12.020000457763672,12.430000305175781,11.850000381469727,12.4399995803833,54970000,12.020000457763672
1103,2023-01-31,12.069999694824219,11.90999984741211,11.760000228881836,12.359999656677246,45863100,12.069999694824219
1104,2023-02-01,12.100000381469727,12.239999771118164,11.59000015258789,12.319999694824219,65907200,12.100000381469727
1105,2023-02-02,11.960000038146973,12.119999885559082,11.8100004196167,12.369999885559082,68872800,11.960000038146973
1106,2023-02-03,11.1899995803833,11.649999618530273,11.15999984741211,11.899999618530273,55798800,11.1899995803833
1107,2023-02-06,10.930000305175781,10.949999809265137,10.670000076293945,11.029999732971191,45482600,10.930000305175781
1108,2023-02-07,10.920000076293945,11.0,10.5600004196167,11.020000457763672,35350700,10.920000076293945
1109,2023-02-08,10.649999618530273,10.75,10.579999923706055,10.90999984741211,28370200,10.649999618530273
1110,2023-02-09,10.470000267028809,10.970000267028809,10.369999885559082,11.020000457763672,40466300,10.470000267028809
1111,2023-02-10,10.3100004196167,10.25,10.020000457763672,10.390000343322754,38377100,10.3100004196167
1112,2023-02-13,10.3100004196167,10.470000267028809,10.279999732971191,10.539999961853027,30815800,10.3100004196167
1113,2023-02-14,10.3100004196167,10.1899995803833,9.90999984741211,10.350000381469727,38028600,10.3100004196167
1114,2023-02-15,10.5,10.09000015258789,10.09000015258789,10.5,35660100,10.5
1115,2023-02-16,10.1899995803833,10.460000038146973,10.1899995803833,10.600000381469727,38647000,10.1899995803833
1116,2023-02-17,10.1899995803833,10.100000381469727,9.930000305175781,10.239999771118164,37467000,10.1899995803833
1117,2023-02-21,10.029999732971191,10.050000190734863,9.960000038146973,10.3100004196167,35046700,10.029999732971191
1118,2023-02-22,10.180000305175781,10.010000228881836,9.899999618530273,10.210000038146973,34099400,10.180000305175781
1119,2023-02-23,9.789999961853027,10.390000343322754,9.579999923706055,10.399999618530273,50261600,9.789999961853027
1120,2023-02-24,9.300000190734863,9.510000228881836,9.130000114440918,9.520000457763672,56808900,9.300000190734863
1121,2023-02-27,9.329999923706055,9.529999732971191,9.239999771118164,9.59000015258789,42356400,9.329999923706055
1122,2023-02-28,9.390000343322754,9.199999809265137,9.119999885559082,9.4399995803833,53310800,9.390000343322754
1123,2023-03-01,8.829999923706055,9.34000015258789,8.770000457763672,9.449999809265137,82172500,8.829999923706055
1124,2023-03-02,9.09000015258789,8.5,8.3100004196167,9.119999885559082,73183200,9.09000015258789
1125,2023-03-03,9.569999694824219,8.970000267028809,8.920000076293945,9.699999809265137,60775100,9.569999694824219
1126,2023-03-06,9.3100004196167,9.5,9.300000190734863,9.640000343322754,35308800,9.3100004196167
1127,2023-03-07,8.970000267028809,9.1899995803833,8.869999885559082,9.260000228881836,45081500,8.970000267028809
1128,2023-03-08,9.180000305175781,8.869999885559082,8.670000076293945,9.180000305175781,39709100,9.180000305175781
1129,2023-03-09,8.789999961853027,9.010000228881836,8.720000267028809,9.170000076293945,48894300,8.789999961853027
1130,2023-03-10,8.510000228881836,8.779999732971191,8.329999923706055,8.8100004196167,46631300,8.510000228881836
1131,2023-03-13,8.550000190734863,8.350000381469727,8.029999732971191,8.6899995803833,43877100,8.550000190734863
1132,2023-03-14,8.420000076293945,8.510000228881836,8.350000381469727,8.5600004196167,36783100,8.420000076293945
1133,2023-03-15,8.25,8.210000038146973,8.069999694824219,8.319999694824219,40281700,8.25
1134,2023-03-16,8.5,8.130000114440918,8.100000381469727,8.539999961853027,27563000,8.5
1135,2023-03-17,8.260000228881836,8.539999961853027,8.180000305175781,8.739999771118164,38374700,8.260000228881836
1136,2023-03-20,8.75,8.100000381469727,8.069999694824219,9.0600004196167,56190600,8.75
1137,2023-03-21,9.270000457763672,8.960000038146973,8.90999984741211,9.369999885559082,52342800,9.270000457763672
1138,2023-03-22,9.09000015258789,9.5,9.0600004196167,9.529999732971191,36811700,9.09000015258789
1139,2023-03-23,9.270000457763672,9.350000381469727,9.130000114440918,9.460000038146973,30132800,9.270000457763672
1140,2023-03-24,9.069999694824219,9.220000267028809,8.829999923706055,9.229999542236328,28665700,9.069999694824219
1141,2023-03-27,8.930000305175781,9.029999732971191,8.84000015258789,9.130000114440918,20452500,8.930000305175781
1142,2023-03-28,9.199999809265137,9.149999618530273,9.029999732971191,9.270000457763672,31341500,9.199999809265137
1143,2023-03-29,9.829999923706055,9.300000190734863,9.260000228881836,9.949999809265137,56384500,9.829999923706055
1144,2023-03-30,10.460000038146973,10.0,9.9399995803833,10.75,66081900,10.460000038146973
1145,2023-03-31,10.510000228881836,10.3100004196167,10.199999809265137,10.600000381469727,35906300,10.510000228881836
1146,2023-04-03,9.800000190734863,10.40999984741211,9.670000076293945,10.510000228881836,56526200,9.800000190734863
1147,2023-04-04,9.210000038146973,9.619999885559082,9.119999885559082,9.789999961853027,53384400,9.210000038146973
1148,2023-04-05,8.960000038146973,9.1899995803833,8.75,9.1899995803833,33805900,8.960000038146973
1149,2023-04-06,9.010000228881836,8.9399995803833,8.829999923706055,9.069999694824219,23019800,9.010000228881836
1150,2023-04-10,9.050000190734863,8.859999656677246,8.779999732971191,9.079999923706055,26228700,9.050000190734863
1151,2023-04-11,9.520000457763672,9.1899995803833,9.180000305175781,9.789999961853027,44751300,9.520000457763672
1152,2023-04-12,9.010000228881836,9.5600004196167,8.960000038146973,9.5600004196167,48106800,9.010000228881836
1153,2023-04-13,9.100000381469727,9.210000038146973,9.020000457763672,9.279999732971191,25070000,9.100000381469727
1154,2023-04-14,9.270000457763672,9.069999694824219,9.0,9.449999809265137,30953500,9.270000457763672
1155,2023-04-17,9.829999923706055,9.539999961853027,9.510000228881836,10.029999732971191,48549500,9.829999923706055
1156,2023-04-18,9.470000267028809,9.779999732971191,9.449999809265137,9.8100004196167,26812000,9.470000267028809
1157,2023-04-19,8.789999961853027,9.15999984741211,8.770000457763672,9.199999809265137,60655900,8.789999961853027
1158,2023-04-20,8.279999732971191,8.539999961853027,8.15999984741211,8.579999923706055,59580500,8.279999732971191
1159,2023-04-21,8.329999923706055,8.300000190734863,8.050000190734863,8.380000114440918,34188200,8.329999923706055
1160,2023-04-24,8.289999961853027,8.380000114440918,8.15999984741211,8.399999618530273,29843600,8.289999961853027
1161,2023-04-25,7.900000095367432,8.15999984741211,7.599999904632568,8.15999984741211,88508400,7.900000095367432
1162,2023-04-26,7.679999828338623,8.09000015258789,7.650000095367432,8.199999809265137,56070100,7.679999828338623
1163,2023-04-27,7.96999979019165,7.699999809265137,7.610000133514404,7.96999979019165,36937500,7.96999979019165
1164,2023-04-28,7.869999885559082,7.880000114440918,7.659999847412109,8.010000228881836,39093700,7.869999885559082
1165,2023-05-01,7.809999942779541,7.829999923706055,7.550000190734863,7.860000133514404,39623700,7.809999942779541
1166,2023-05-02,7.449999809265137,7.650000095367432,7.329999923706055,7.75,53990100,7.449999809265137
1167,2023-05-03,7.639999866485596,7.429999828338623,7.400000095367432,7.769999980926514,39778500,7.639999866485596
1168,2023-05-04,8.0600004196167,7.75,7.75,8.119999885559082,50555800,8.0600004196167
1169,2023-05-05,8.149999618530273,8.140000343322754,8.100000381469727,8.369999885559082,34720500,8.149999618530273
1170,2023-05-08,8.270000457763672,8.270000457763672,8.029999732971191,8.539999961853027,30996500,8.270000457763672
1171,2023-05-09,8.15999984741211,7.929999828338623,7.849999904632568,8.220000267028809,24846300,8.15999984741211
1172,2023-05-10,8.130000114440918,8.199999809265137,8.039999961853027,8.520000457763672,47366600,8.130000114440918
1173,2023-05-11,8.449999809265137,8.149999618530273,8.09000015258789,8.449999809265137,48355800,8.449999809265137
1174,2023-05-12,7.949999809265137,8.270000457763672,7.940000057220459,8.34000015258789,42114300,7.949999809265137
1175,2023-05-15,8.25,8.0600004196167,7.900000095367432,8.279999732971191,35602400,8.25
1176,2023-05-16,7.909999847412109,8.100000381469727,7.820000171661377,8.109999656677246,33815300,7.909999847412109
1177,2023-05-17,8.029999732971191,7.820000171661377,7.789999961853027,8.050000190734863,33411500,8.029999732971191
1178,2023-05-18,7.820000171661377,7.940000057220459,7.730000019073486,8.029999732971191,46481500,7.820000171661377
1179,2023-05-19,8.069999694824219,7.900000095367432,7.849999904632568,8.140000343322754,41574800,8.069999694824219
1180,2023-05-22,8.789999961853027,8.25,8.239999771118164,8.850000381469727,73546900,8.789999961853027
1181,2023-05-23,8.75,8.640000343322754,8.59000015258789,8.850000381469727,38540000,8.75
1182,2023-05-24,7.920000076293945,8.140000343322754,7.71999979019165,8.210000038146973,84695800,7.920000076293945
1183,2023-05-25,7.539999961853027,7.860000133514404,7.510000228881836,7.860000133514404,48702800,7.539999961853027
1184,2023-05-26,7.699999809265137,7.739999771118164,7.539999961853027,7.840000152587891,42967900,7.699999809265137
1185,2023-05-30,7.409999847412109,7.800000190734863,7.349999904632568,7.920000076293945,63374800,7.409999847412109
1186,2023-05-31,7.53000020980835,7.440000057220459,7.150000095367432,7.539999961853027,89228300,7.53000020980835
1187,2023-06-01,7.539999961853027,7.239999771118164,7.0,7.639999866485596,74201600,7.539999961853027
1188,2023-06-02,7.559999942779541,7.840000152587891,7.559999942779541,7.989999771118164,62511500,7.559999942779541
1189,2023-06-05,7.670000076293945,7.659999847412109,7.599999904632568,7.900000095367432,36819200,7.670000076293945
1190,2023-06-06,7.880000114440918,7.659999847412109,7.300000190734863,7.880000114440918,79001900,7.880000114440918
1191,2023-06-07,7.760000228881836,7.800000190734863,7.579999923706055,7.96999979019165,47289100,7.760000228881836
1192,2023-06-08,7.789999961853027,7.800000190734863,7.599999904632568,7.889999866485596,64405800,7.789999961853027
1193,2023-06-09,7.730000019073486,7.840000152587891,7.690000057220459,8.75,140273500,7.730000019073486
1194,2023-06-12,8.399999618530273,8.09000015258789,8.069999694824219,8.600000381469727,100608600,8.399999618530273
1195,2023-06-13,8.890000343322754,8.729999542236328,8.600000381469727,9.069999694824219,81692800,8.890000343322754
1196,2023-06-14,9.050000190734863,9.069999694824219,8.800000190734863,9.1899995803833,60867200,9.050000190734863
1197,2023-06-15,9.789999961853027,9.100000381469727,9.050000190734863,9.899999618530273,97116500,9.789999961853027
1198,2023-06-16,9.399999618530273,10.149999618530273,9.350000381469727,10.210000038146973,81400100,9.399999618530273
1199,2023-06-20,9.350000381469727,9.170000076293945,9.0600004196167,9.40999984741211,52866000,9.350000381469727
1200,2023-06-21,9.069999694824219,9.539999961853027,8.960000038146973,9.84000015258789,66266600,9.069999694824219
1201,2023-06-22,8.920000076293945,9.029999732971191,8.739999771118164,9.029999732971191,28909900,8.920000076293945
1202,2023-06-23,8.430000305175781,8.619999885559082,8.279999732971191,8.75,41944300,8.430000305175781
1203,2023-06-26,8.399999618530273,8.529999732971191,8.399999618530273,8.6899995803833,33684100,8.399999618530273
1204,2023-06-27,9.34000015258789,8.720000267028809,8.65999984741211,9.34000015258789,73607600,9.34000015258789
1205,2023-06-28,9.520000457763672,9.399999618530273,9.180000305175781,9.5600004196167,44832900,9.520000457763672
1206,2023-06-29,9.390000343322754,9.399999618530273,9.25,9.510000228881836,38589900,9.390000343322754
1207,2023-06-30,9.6899995803833,9.630000114440918,9.59000015258789,10.09000015258789,63465200,9.6899995803833
1208,2023-07-03,10.029999732971191,10.149999618530273,9.789999961853027,10.489999771118164,68989300,10.029999732971191
1209,2023-07-05,10.220000267028809,10.010000228881836,9.8100004196167,10.390000343322754,62900500,10.220000267028809
1210,2023-07-06,9.5600004196167,9.970000267028809,9.489999771118164,10.010000228881836,52767400,9.5600004196167
1211,2023-07-07,9.989999771118164,9.75,9.65999984741211,10.09000015258789,51005200,9.989999771118164
1212,2023-07-10,10.779999732971191,9.970000267028809,9.789999961853027,10.829999923706055,84529600,10.779999732971191
1213,2023-07-11,10.8100004196167,10.960000038146973,10.4399995803833,11.050000190734863,69547500,10.8100004196167
1214,2023-07-12,11.15999984741211,11.020000457763672,10.710000038146973,11.220000267028809,61266100,11.15999984741211
1215,2023-07-13,10.760000228881836,11.239999771118164,10.720000267028809,11.319999694824219,60022500,10.760000228881836
1216,2023-07-14,10.539999961853027,10.670000076293945,10.460000038146973,10.84000015258789,40233500,10.539999961853027
1217,2023-07-17,10.5600004196167,10.300000190734863,10.210000038146973,10.630000114440918,28845700,10.5600004196167
1218,2023-07-18,10.420000076293945,10.729999542236328,10.270000457763672,10.829999923706055,35006300,10.420000076293945
1219,2023-07-19,10.640000343322754,10.579999923706055,10.579999923706055,11.100000381469727,51786900,10.640000343322754
1220,2023-07-20,10.319999694824219,10.470000267028809,10.220000267028809,10.5,34681100,10.319999694824219
1221,2023-07-21,10.579999923706055,10.5,10.380000114440918,10.770000457763672,33089000,10.579999923706055
1222,2023-07-24,11.729999542236328,10.90999984741211,10.84000015258789,12.050000190734863,108759300,11.729999542236328
1223,2023-07-25,11.90999984741211,12.34000015258789,11.880000114440918,12.829999923706055,102994600,11.90999984741211
1224,2023-07-26,13.170000076293945,12.399999618530273,12.210000038146973,13.380000114440918,137044600,13.170000076293945
1225,2023-07-27,13.239999771118164,13.859999656677246,13.15999984741211,13.869999885559082,103657400,13.239999771118164
1226,2023-07-28,14.739999771118164,13.800000190734863,13.5600004196167,14.779999732971191,115315800,14.739999771118164
1227,2023-07-31,15.300000190734863,15.119999885559082,14.729999542236328,15.460000038146973,117336000,15.300000190734863
1228,2023-08-01,14.630000114440918,14.859999656677246,14.40999984741211,15.260000228881836,89527700,14.630000114440918
1229,2023-08-02,14.569999694824219,13.800000190734863,13.670000076293945,14.760000228881836,79548600,14.569999694824219
1230,2023-08-03,15.460000038146973,14.680000305175781,14.65999984741211,15.859999656677246,86032100,15.460000038146973
1231,2023-08-04,14.720000267028809,15.859999656677246,14.699999809265137,16.18000030517578,85225300,14.720000267028809
1232,2023-08-07,14.819999694824219,15.020000457763672,14.380000114440918,15.199999809265137,53768400,14.819999694824219
1233,2023-08-08,14.069999694824219,13.949999809265137,13.729999542236328,14.170000076293945,63081100,14.069999694824219
1234,2023-08-09,13.460000038146973,13.949999809265137,13.210000038146973,14.119999885559082,57706700,13.460000038146973
1235,2023-08-10,13.25,13.609999656677246,13.1899995803833,13.970000267028809,55643000,13.25
1236,2023-08-11,12.899999618530273,12.770000457763672,12.550000190734863,13.010000228881836,54695700,12.899999618530273
1237,2023-08-14,12.520000457763672,12.399999618530273,11.9399995803833,12.5600004196167,67398200,12.520000457763672
1238,2023-08-15,11.829999923706055,12.260000228881836,11.550000190734863,12.34000015258789,71428600,11.829999923706055
1239,2023-08-16,11.399999618530273,11.180000305175781,11.149999618530273,11.760000228881836,59478400,11.399999618530273
1240,2023-08-17,11.5,11.90999984741211,11.470000267028809,12.40999984741211,73315600,11.5
1241,2023-08-18,10.670000076293945,10.949999809265137,10.619999885559082,11.149999618530273,68527000,10.670000076293945
1242,2023-08-21,10.949999809265137,10.729999542236328,10.539999961853027,11.170000076293945,54080100,10.949999809265137
1243,2023-08-22,10.789999961853027,11.289999961853027,10.529999732971191,11.329999923706055,43536500,10.789999961853027
1244,2023-08-23,10.84000015258789,10.5600004196167,10.5,11.0,30405000,10.84000015258789
1245,2023-08-24,10.640000343322754,10.960000038146973,10.619999885559082,11.109999656677246,27131700,10.640000343322754
1246,2023-08-25,10.829999923706055,10.579999923706055,10.479999542236328,10.869999885559082,31666200,10.829999923706055
1247,2023-08-28,11.020000457763672,11.050000190734863,10.699999809265137,11.130000114440918,41943200,11.020000457763672
1248,2023-08-29,10.890000343322754,10.300000190734863,9.460000038146973,10.9399995803833,124332200,10.890000343322754
1249,2023-08-30,10.670000076293945,10.430000305175781,10.390000343322754,10.789999961853027,46265600,10.670000076293945
1250,2023-08-31,10.270000457763672,10.729999542236328,10.260000228881836,10.800000190734863,51094300,10.270000457763672
1251,2023-09-01,11.0,10.529999732971191,10.5,11.350000381469727,77064200,11.0
1252,2023-09-05,10.8100004196167,10.729999542236328,10.720000267028809,11.180000305175781,37911800,10.8100004196167
1253,2023-09-06,10.579999923706055,10.710000038146973,10.470000267028809,10.90999984741211,31426100,10.579999923706055
1254,2023-09-07,10.079999923706055,10.170000076293945,9.930000305175781,10.270000457763672,44603800,10.079999923706055
1255,2023-09-08,10.039999961853027,10.0600004196167,9.920000076293945,10.149999618530273,26159600,10.039999961853027
1256,2023-09-11,10.329999923706055,10.390000343322754,10.020000457763672,10.430000305175781,31145700,10.329999923706055
1257,2023-09-12,10.569999694824219,10.229999542236328,10.210000038146973,10.880000114440918,38297000,10.569999694824219
1258,2023-09-13,10.069999694824219,10.199999809265137,10.0600004196167,10.470000267028809,36890000,10.069999694824219
1259,2023-09-14,10.380000114440918,10.149999618530273,10.140000343322754,10.380000114440918,26475900,10.380000114440918
1260,2023-09-15,10.430000305175781,10.529999732971191,10.289999961853027,10.720000267028809,40105900,10.430000305175781
1261,2023-09-18,10.3100004196167,10.369999885559082,10.220000267028809,10.470000267028809,22615000,10.3100004196167
1262,2023-09-19,8.550000190734863,9.539999961853027,8.40999984741211,9.600000381469727,215935800,8.550000190734863
1263,2023-09-20,8.819999694824219,8.760000228881836,8.670000076293945,9.0600004196167,122782100,8.819999694824219
1264,2023-09-21,8.449999809265137,8.449999809265137,8.350000381469727,8.619999885559082,49441400,8.449999809265137
1265,2023-09-22,8.529999732971191,8.739999771118164,8.449999809265137,8.800000190734863,36245100,8.529999732971191
1266,2023-09-25,8.350000381469727,8.069999694824219,7.929999828338623,8.449999809265137,56327000,8.350000381469727
1267,2023-09-26,8.40999984741211,8.149999618530273,7.929999828338623,8.579999923706055,42481600,8.40999984741211
1268,2023-09-27,8.460000038146973,8.380000114440918,8.300000190734863,8.510000228881836,24089900,8.460000038146973
1269,2023-09-28,8.90999984741211,8.369999885559082,8.359999656677246,8.989999771118164,55093400,8.90999984741211
1270,2023-09-29,9.039999961853027,9.109999656677246,8.859999656677246,9.220000267028809,40994100,9.039999961853027
1271,2023-10-02,8.789999961853027,8.899999618530273,8.699999809265137,9.0,38390600,8.789999961853027
1272,2023-10-03,8.609999656677246,8.550000190734863,8.539999961853027,8.760000228881836,27185700,8.609999656677246
1273,2023-10-04,8.829999923706055,8.510000228881836,8.479999542236328,8.850000381469727,28056900,8.829999923706055
1274,2023-10-05,8.65999984741211,8.65999984741211,8.510000228881836,8.710000038146973,21933500,8.65999984741211
1275,2023-10-06,8.720000267028809,8.489999771118164,8.460000038146973,8.75,23336000,8.720000267028809
1276,2023-10-09,8.34000015258789,8.5,8.109999656677246,8.539999961853027,39704400,8.34000015258789
1277,2023-10-10,8.829999923706055,8.350000381469727,8.350000381469727,8.880000114440918,42385700,8.829999923706055
1278,2023-10-11,8.970000267028809,8.949999809265137,8.899999618530273,9.1899995803833,34029900,8.970000267028809
1279,2023-10-12,8.4399995803833,8.880000114440918,8.380000114440918,8.970000267028809,37144100,8.4399995803833
1280,2023-10-13,8.470000267028809,8.399999618530273,8.270000457763672,8.550000190734863,28358100,8.470000267028809
1281,2023-10-16,8.520000457763672,8.369999885559082,8.239999771118164,8.529999732971191,24550100,8.520000457763672
1282,2023-10-17,8.529999732971191,8.329999923706055,8.289999961853027,8.649999618530273,18390200,8.529999732971191
1283,2023-10-18,7.909999847412109,8.529999732971191,7.869999885559082,8.539999961853027,51395200,7.909999847412109
1284,2023-10-19,7.690000057220459,7.760000228881836,7.590000152587891,7.880000114440918,39606100,7.690000057220459
1285,2023-10-20,7.579999923706055,7.519999980926514,7.46999979019165,7.849999904632568,31787800,7.579999923706055
1286,2023-10-23,7.590000152587891,7.489999771118164,7.309999942779541,7.699999809265137,33550400,7.590000152587891
1287,2023-10-24,8.09000015258789,7.559999942779541,7.559999942779541,8.119999885559082,42841700,8.09000015258789
1288,2023-10-25,7.599999904632568,7.820000171661377,7.599999904632568,7.849999904632568,28413800,7.599999904632568
1289,2023-10-26,7.630000114440918,7.619999885559082,7.519999980926514,7.800000190734863,27283600,7.630000114440918
1290,2023-10-27,7.440000057220459,7.78000020980835,7.389999866485596,7.809999942779541,33773500,7.440000057220459
1291,2023-10-30,7.519999980926514,7.559999942779541,7.400000095367432,7.639999866485596,25727700,7.519999980926514
1292,2023-10-31,7.300000190734863,7.340000152587891,7.179999828338623,7.400000095367432,29679200,7.300000190734863
1293,2023-11-01,7.449999809265137,7.309999942779541,7.190000057220459,7.449999809265137,33335100,7.449999809265137
1294,2023-11-02,7.789999961853027,7.71999979019165,7.690000057220459,7.929999828338623,43628400,7.789999961853027
1295,2023-11-03,8.229999542236328,8.010000228881836,7.869999885559082,8.300000190734863,56107400,8.229999542236328
1296,2023-11-06,7.96999979019165,8.449999809265137,7.860000133514404,8.510000228881836,43859700,7.96999979019165
1297,2023-11-07,7.889999866485596,7.880000114440918,7.699999809265137,7.900000095367432,25233500,7.889999866485596
1298,2023-11-08,7.920000076293945,7.809999942779541,7.679999828338623,8.0,37957600,7.920000076293945
1299,2023-11-09,7.46999979019165,7.820000171661377,7.460000038146973,7.960000038146973,36134800,7.46999979019165
1300,2023-11-10,7.239999771118164,7.610000133514404,7.159999847412109,7.639999866485596,39843100,7.239999771118164
1301,2023-11-13,7.21999979019165,7.269999980926514,7.110000133514404,7.429999828338623,34211200,7.21999979019165
1302,2023-11-14,7.579999923706055,7.360000133514404,7.329999923706055,7.639999866485596,43383100,7.579999923706055
1303,2023-11-15,7.940000057220459,7.639999866485596,7.630000114440918,8.199999809265137,55974000,7.940000057220459
1304,2023-11-16,7.400000095367432,7.579999923706055,7.139999866485596,7.590000152587891,68800100,7.400000095367432
1305,2023-11-17,7.389999866485596,7.400000095367432,7.25,7.5,26658000,7.389999866485596
1306,2023-11-20,7.800000190734863,7.679999828338623,7.650000095367432,8.029999732971191,61880200,7.800000190734863
1307,2023-11-21,7.510000228881836,7.619999885559082,7.420000076293945,7.710000038146973,35697200,7.510000228881836
1308,2023-11-22,7.46999979019165,7.579999923706055,7.360000133514404,7.639999866485596,21966500,7.46999979019165
1309,2023-11-24,7.400000095367432,7.400000095367432,7.28000020980835,7.480000019073486,22881100,7.400000095367432
1310,2023-11-27,7.190000057220459,7.309999942779541,7.179999828338623,7.380000114440918,33857600,7.190000057220459
1311,2023-11-28,7.210000038146973,7.199999809265137,7.019999980926514,7.260000228881836,47842500,7.210000038146973
1312,2023-11-29,7.179999828338623,7.289999961853027,7.130000114440918,7.519999980926514,47707000,7.179999828338623
1313,2023-11-30,7.269999980926514,7.25,7.130000114440918,7.340000152587891,45953400,7.269999980926514
1314,2023-12-01,7.150000095367432,7.139999866485596,7.010000228881836,7.260000228881836,46778000,7.150000095367432
1315,2023-12-04,7.320000171661377,7.139999866485596,7.03000020980835,7.380000114440918,53717900,7.320000171661377
1316,2023-12-05,7.429999828338623,7.590000152587891,7.380000114440918,7.960000038146973,89837100,7.429999828338623
1317,2023-12-06,7.75,7.650000095367432,7.590000152587891,8.279999732971191,118989400,7.75
1318,2023-12-07,7.489999771118164,7.849999904632568,7.429999828338623,7.960000038146973,63206600,7.489999771118164
1319,2023-12-08,7.380000114440918,7.369999885559082,7.300000190734863,7.570000171661377,42786200,7.380000114440918
1320,2023-12-11,7.679999828338623,7.489999771118164,7.409999847412109,7.699999809265137,39418200,7.679999828338623
1321,2023-12-12,7.269999980926514,7.590000152587891,7.170000076293945,7.599999904632568,59007200,7.269999980926514
1322,2023-12-13,7.429999828338623,7.170000076293945,7.050000190734863,7.449999809265137,57470200,7.429999828338623
1323,2023-12-14,7.860000133514404,7.46999979019165,7.460000038146973,8.020000457763672,94106100,7.860000133514404
1324,2023-12-15,7.980000019073486,8.020000457763672,7.739999771118164,8.140000343322754,71384400,7.980000019073486
1325,2023-12-18,8.350000381469727,8.59000015258789,8.229999542236328,8.640000343322754,131953000,8.350000381469727
1326,2023-12-19,8.819999694824219,8.520000457763672,8.510000228881836,8.899999618530273,88664000,8.819999694824219
1327,2023-12-20,7.920000076293945,8.630000114440918,7.920000076293945,8.699999809265137,105322300,7.920000076293945
1328,2023-12-21,8.289999961853027,8.149999618530273,7.989999771118164,8.3100004196167,48972700,8.289999961853027
1329,2023-12-22,8.420000076293945,8.100000381469727,8.079999923706055,8.59000015258789,56076000,8.420000076293945
1330,2023-12-26,9.329999923706055,8.770000457763672,8.630000114440918,9.430000305175781,130928200,9.329999923706055
1331,2023-12-27,9.100000381469727,9.260000228881836,8.890000343322754,9.329999923706055,99997200,9.100000381469727
1332,2023-12-28,9.430000305175781,9.15999984741211,9.119999885559082,9.569999694824219,91988300,9.430000305175781
1333,2023-12-29,9.069999694824219,9.430000305175781,8.949999809265137,9.529999732971191,74905100,9.069999694824219
1334,2024-01-02,8.420000076293945,8.930000305175781,8.380000114440918,8.9399995803833,81640300,8.420000076293945
1335,2024-01-03,8.5,8.119999885559082,8.100000381469727,8.5600004196167,58659300,8.5
1336,2024-01-04,8.270000457763672,8.329999923706055,8.25,8.470000267028809,38412300,8.270000457763672
1337,2024-01-05,8.0600004196167,8.15999984741211,8.029999732971191,8.25,40831700,8.0600004196167
1338,2024-01-08,7.929999828338623,7.860000133514404,7.730000019073486,8.050000190734863,49933600,7.929999828338623
1339,2024-01-09,7.559999942779541,7.800000190734863,7.519999980926514,7.840000152587891,70100900,7.559999942779541
1340,2024-01-10,7.409999847412109,7.53000020980835,7.309999942779541,7.550000190734863,54569600,7.409999847412109
1341,2024-01-11,7.400000095367432,7.570000171661377,7.329999923706055,7.670000076293945,52385000,7.400000095367432
1342,2024-01-12,7.170000076293945,7.260000228881836,7.159999847412109,7.53000020980835,49034600,7.170000076293945
1343,2024-01-16,6.550000190734863,7.039999961853027,6.449999809265137,7.050000190734863,121078900,6.550000190734863
1344,2024-01-17,6.300000190734863,6.210000038146973,6.119999885559082,6.420000076293945,63011800,6.300000190734863
1345,2024-01-18,6.28000020980835,6.5,6.099999904632568,6.539999961853027,71543500,6.28000020980835
1346,2024-01-19,6.059999942779541,6.159999847412109,5.860000133514404,6.159999847412109,82433100,6.059999942779541
1347,2024-01-22,5.980000019073486,5.829999923706055,5.800000190734863,6.170000076293945,74314700,5.980000019073486
1348,2024-01-23,6.210000038146973,6.400000095367432,6.170000076293945,6.880000114440918,119010800,6.210000038146973
1349,2024-01-24,6.070000171661377,6.5,6.010000228881836,6.590000152587891,76001000,6.070000171661377
1350,2024-01-25,6.039999961853027,5.909999847412109,5.829999923706055,6.079999923706055,59221400,6.039999961853027
1351,2024-01-26,6.139999866485596,6.0,5.96999979019165,6.150000095367432,39437600,6.139999866485596
1352,2024-01-29,6.139999866485596,6.079999923706055,5.949999809265137,6.159999847412109,40118400,6.139999866485596
1353,2024-01-30,5.789999961853027,6.010000228881836,5.789999961853027,6.039999961853027,66444800,5.789999961853027
1354,2024-01-31,5.619999885559082,5.690000057220459,5.429999828338623,5.860000133514404,75799300,5.619999885559082
1355,2024-02-01,5.710000038146973,5.730000019073486,5.539999961853027,5.920000076293945,51425400,5.710000038146973
1356,2024-02-02,5.539999961853027,5.559999942779541,5.429999828338623,5.590000152587891,56919300,5.539999961853027
1357,2024-02-05,5.380000114440918,5.480000019073486,5.300000190734863,5.480000019073486,45420800,5.380000114440918
1358,2024-02-06,6.03000020980835,5.679999828338623,5.599999904632568,6.050000190734863,88034700,6.03000020980835
1359,2024-02-07,5.860000133514404,5.809999942779541,5.730000019073486,6.0,42818400,5.860000133514404
1360,2024-02-08,5.820000171661377,5.820000171661377,5.71999979019165,5.880000114440918,32055300,5.820000171661377
1361,2024-02-09,5.929999828338623,5.840000152587891,5.75,5.929999828338623,25563500,5.929999828338623
1362,2024-02-12,6.079999923706055,5.909999847412109,5.900000095367432,6.28000020980835,43673000,6.079999923706055
1363,2024-02-13,5.699999809265137,5.860000133514404,5.650000095367432,5.880000114440918,52054400,5.699999809265137
1364,2024-02-14,6.0,5.880000114440918,5.840000152587891,6.019999980926514,41176800,6.0
1365,2024-02-15,6.090000152587891,6.050000190734863,6.039999961853027,6.289999961853027,54076700,6.090000152587891
1366,2024-02-16,6.139999866485596,6.239999771118164,6.090000152587891,6.340000152587891,41550900,6.139999866485596
1367,2024-02-20,5.960000038146973,5.929999828338623,5.789999961853027,6.03000020980835,39772200,5.960000038146973
1368,2024-02-21,5.96999979019165,6.019999980926514,5.949999809265137,6.170000076293945,33658000,5.96999979019165
1369,2024-02-22,5.849999904632568,5.96999979019165,5.710000038146973,5.96999979019165,49536300,5.849999904632568
1370,2024-02-23,5.400000095367432,5.670000076293945,5.369999885559082,5.679999828338623,75135200,5.400000095367432
1371,2024-02-26,5.650000095367432,5.539999961853027,5.5,5.769999980926514,60295300,5.650000095367432
1372,2024-02-27,5.78000020980835,5.809999942779541,5.71999979019165,5.929999828338623,53722100,5.78000020980835
1373,2024-02-28,5.429999828338623,5.599999904632568,5.389999866485596,5.610000133514404,58390500,5.429999828338623
1374,2024-02-29,5.75,5.559999942779541,5.539999961853027,5.789999961853027,63187100,5.75
1375,2024-03-01,5.78000020980835,5.730000019073486,5.679999828338623,5.840000152587891,40933100,5.78000020980835
1376,2024-03-04,5.329999923706055,5.579999923706055,5.25,5.610000133514404,94275800,5.329999923706055
1377,2024-03-05,5.480000019073486,5.170000076293945,4.78000020980835,5.619999885559082,94784600,5.480000019073486
1378,2024-03-06,5.769999980926514,5.389999866485596,5.380000114440918,5.880000114440918,77698800,5.769999980926514
1379,2024-03-07,5.769999980926514,5.670000076293945,5.46999979019165,5.789999961853027,46370300,5.769999980926514
1380,2024-03-08,5.800000190734863,5.78000020980835,5.659999847412109,5.920000076293945,39080200,5.800000190734863
1381,2024-03-11,6.099999904632568,5.920000076293945,5.880000114440918,6.230000019073486,64025300,6.099999904632568
1382,2024-03-12,6.190000057220459,6.190000057220459,6.090000152587891,6.300000190734863,38392900,6.190000057220459
1383,2024-03-13,5.920000076293945,6.079999923706055,5.909999847412109,6.269999980926514,42657900,5.920000076293945
1384,2024-03-14,5.579999923706055,5.820000171661377,5.539999961853027,5.820000171661377,42679900,5.579999923706055
1385,2024-03-15,5.579999923706055,5.710000038146973,5.570000171661377,5.760000228881836,33811100,5.579999923706055
1386,2024-03-18,5.539999961853027,5.829999923706055,5.480000019073486,5.860000133514404,48581900,5.539999961853027
1387,2024-03-19,5.190000057220459,5.489999771118164,5.130000114440918,5.489999771118164,77042900,5.190000057220459
1388,2024-03-20,5.099999904632568,5.110000133514404,5.039999961853027,5.139999866485596,59385500,5.099999904632568
1389,2024-03-21,5.0,5.059999942779541,4.960000038146973,5.099999904632568,46800100,5.0
1390,2024-03-22,4.889999866485596,4.929999828338623,4.800000190734863,4.960000038146973,43658300,4.889999866485596
1391,2024-03-25,4.909999847412109,4.920000076293945,4.889999866485596,5.090000152587891,56419400,4.909999847412109
1392,2024-03-26,4.78000020980835,4.900000095367432,4.769999980926514,4.920000076293945,83744700,4.78000020980835
1393,2024-03-27,4.670000076293945,4.630000114440918,4.449999809265137,4.730000019073486,85346500,4.670000076293945
1394,2024-03-28,4.5,4.679999828338623,4.480000019073486,4.739999771118164,55938500,4.5
1395,2024-04-01,4.639999866485596,4.630000114440918,4.570000171661377,4.75,42632700,4.639999866485596
1396,2024-04-02,4.539999961853027,4.46999979019165,4.380000114440918,4.579999923706055,38932700,4.539999961853027
1397,2024-04-03,4.489999771118164,4.460000038146973,4.360000133514404,4.510000228881836,33078500,4.489999771118164
1398,2024-04-04,4.5,4.550000190734863,4.489999771118164,4.75,53856500,4.5
1399,2024-04-05,4.389999866485596,4.5,4.380000114440918,4.579999923706055,43081000,4.389999866485596
1400,2024-04-08,4.369999885559082,4.409999847412109,4.369999885559082,4.53000020980835,47453500,4.369999885559082
1401,2024-04-09,4.710000038146973,4.429999828338623,4.420000076293945,4.789999961853027,76418900,4.710000038146973
1402,2024-04-10,4.590000152587891,4.579999923706055,4.539999961853027,4.690000057220459,32568000,4.590000152587891
1403,2024-04-11,4.460000038146973,4.599999904632568,4.429999828338623,4.610000133514404,39040200,4.460000038146973
1404,2024-04-12,4.110000133514404,4.349999904632568,4.090000152587891,4.349999904632568,74932100,4.110000133514404
1405,2024-04-15,3.890000104904175,4.190000057220459,3.819999933242798,4.190000057220459,70661300,3.890000104904175
1406,2024-04-16,3.809999942779541,3.75,3.7100000381469727,3.9100000858306885,42222200,3.809999942779541
1407,2024-04-17,3.9100000858306885,3.869999885559082,3.8399999141693115,3.9600000381469727,38767000,3.9100000858306885
1408,2024-04-18,4.0,3.9000000953674316,3.8499999046325684,4.090000152587891,38392100,4.0
1409,2024-04-19,3.799999952316284,3.859999895095825,3.7799999713897705,3.9200000762939453,35883800,3.799999952316284
1410,2024-04-22,4.0,3.680000066757202,3.609999895095825,4.050000190734863,60179600,4.0
1411,2024-04-23,4.010000228881836,3.990000009536743,3.9800000190734863,4.130000114440918,41987800,4.010000228881836
1412,2024-04-24,4.150000095367432,4.150000095367432,4.050000190734863,4.21999979019165,34562000,4.150000095367432
1413,2024-04-25,4.130000114440918,4.050000190734863,4.03000020980835,4.170000076293945,25888400,4.130000114440918
1414,2024-04-26,4.489999771118164,4.429999828338623,4.389999866485596,4.539999961853027,59264500,4.489999771118164
1415,2024-04-29,4.599999904632568,4.670000076293945,4.46999979019165,4.679999828338623,56096000,4.599999904632568
1416,2024-04-30,4.71999979019165,4.699999809265137,4.510000228881836,4.75,52936200,4.71999979019165
1417,2024-05-01,5.269999980926514,4.760000228881836,4.739999771118164,5.440000057220459,147465600,5.269999980926514
1418,2024-05-02,5.590000152587891,5.610000133514404,5.170000076293945,5.670000076293945,99532800,5.590000152587891
1419,2024-05-03,5.570000171661377,5.53000020980835,5.329999923706055,5.579999923706055,54697700,5.570000171661377
1420,2024-05-06,5.690000057220459,5.75,5.570000171661377,6.039999961853027,75633400,5.690000057220459
1421,2024-05-07,5.510000228881836,5.539999961853027,5.460000038146973,5.829999923706055,43754100,5.510000228881836
1422,2024-05-08,5.21999979019165,5.25,5.110000133514404,5.28000020980835,54908700,5.21999979019165
1423,2024-05-09,5.329999923706055,5.369999885559082,5.230000019073486,5.409999847412109,34679700,5.329999923706055
1424,2024-05-10,5.070000171661377,5.28000020980835,5.03000020980835,5.349999904632568,49019600,5.070000171661377
1425,2024-05-13,5.409999847412109,5.199999809265137,5.159999847412109,5.659999847412109,76621100,5.409999847412109
1426,2024-05-14,5.789999961853027,5.510000228881836,5.460000038146973,5.849999904632568,80661000,5.789999961853027
1427,2024-05-15,5.329999923706055,6.0,5.210000038146973,6.050000190734863,112034600,5.329999923706055
1428,2024-05-16,5.260000228881836,5.369999885559082,5.21999979019165,5.460000038146973,41788900,5.260000228881836
1429,2024-05-17,5.28000020980835,5.28000020980835,5.039999961853027,5.389999866485596,58708400,5.28000020980835
1430,2024-05-20,5.21999979019165,5.25,5.099999904632568,5.320000171661377,47706100,5.21999979019165
1431,2024-05-21,5.25,5.190000057220459,5.139999866485596,5.539999961853027,75042200,5.25
1432,2024-05-22,5.239999771118164,5.260000228881836,5.139999866485596,5.309999942779541,36743200,5.239999771118164
1433,2024-05-23,4.800000190734863,5.119999885559082,4.710000038146973,5.130000114440918,79112800,4.800000190734863
1434,2024-05-24,4.829999923706055,4.809999942779541,4.769999980926514,4.920000076293945,32325300,4.829999923706055
1435,2024-05-28,4.900000095367432,4.96999979019165,4.829999923706055,5.010000228881836,46519700,4.900000095367432
1436,2024-05-29,4.929999828338623,4.829999923706055,4.809999942779541,5.0,37706200,4.929999828338623
1437,2024-05-30,5.400000095367432,4.949999809265137,4.929999828338623,5.440000057220459,69066000,5.400000095367432
1438,2024-05-31,5.389999866485596,5.269999980926514,5.260000228881836,5.519999980926514,63176600,5.389999866485596
1439,2024-06-03,5.340000152587891,5.539999961853027,5.210000038146973,5.630000114440918,53566700,5.340000152587891
1440,2024-06-04,5.210000038146973,5.309999942779541,5.199999809265137,5.369999885559082,29404500,5.210000038146973
1441,2024-06-05,5.269999980926514,5.329999923706055,5.150000095367432,5.349999904632568,49656100,5.269999980926514
1442,2024-06-06,4.909999847412109,4.949999809265137,4.739999771118164,5.0,84453800,4.909999847412109
1443,2024-06-07,4.829999923706055,4.820000171661377,4.800000190734863,4.960000038146973,34658600,4.829999923706055
1444,2024-06-10,4.71999979019165,4.820000171661377,4.670000076293945,4.849999904632568,38220900,4.71999979019165
1445,2024-06-11,4.460000038146973,4.789999961853027,4.349999904632568,4.800000190734863,66199200,4.460000038146973
1446,2024-06-12,4.449999809265137,4.46999979019165,4.309999942779541,4.630000114440918,62311400,4.449999809265137
1447,2024-06-13,4.409999847412109,4.46999979019165,4.400000095367432,4.610000133514404,27306300,4.409999847412109
1448,2024-06-14,4.329999923706055,4.360000133514404,4.289999961853027,4.380000114440918,23557000,4.329999923706055
1449,2024-06-17,4.429999828338623,4.320000171661377,4.239999771118164,4.480000019073486,31751400,4.429999828338623
1450,2024-06-18,4.429999828338623,4.360000133514404,4.320000171661377,4.46999979019165,28884900,4.429999828338623
1451,2024-06-20,4.329999923706055,4.369999885559082,4.25,4.449999809265137,28737200,4.329999923706055
1452,2024-06-21,4.300000190734863,4.309999942779541,4.239999771118164,4.349999904632568,21725100,4.300000190734863
1453,2024-06-24,4.440000057220459,4.300000190734863,4.289999961853027,4.53000020980835,28749700,4.440000057220459
1454,2024-06-25,4.369999885559082,4.400000095367432,4.320000171661377,4.429999828338623,22851100,4.369999885559082
1455,2024-06-26,4.639999866485596,4.380000114440918,4.340000152587891,4.679999828338623,53248100,4.639999866485596
1456,2024-06-27,4.389999866485596,4.570000171661377,4.369999885559082,4.579999923706055,37306100,4.389999866485596
1457,2024-06-28,4.159999847412109,4.349999904632568,4.139999866485596,4.360000133514404,47669500,4.159999847412109
1458,2024-07-01,4.440000057220459,4.349999904632568,4.25,4.510000228881836,55633200,4.440000057220459
1459,2024-07-02,4.53000020980835,4.449999809265137,4.380000114440918,4.539999961853027,35412300,4.53000020980835
1460,2024-07-03,4.869999885559082,4.590000152587891,4.590000152587891,5.039999961853027,72459800,4.869999885559082
1461,2024-07-05,4.619999885559082,4.71999979019165,4.409999847412109,4.75,61604000,4.619999885559082
1462,2024-07-08,4.460000038146973,4.539999961853027,4.440000057220459,4.610000133514404,39272500,4.460000038146973
1463,2024-07-09,4.5,4.46999979019165,4.420000076293945,4.539999961853027,26805400,4.5
1464,2024-07-10,4.619999885559082,4.510000228881836,4.5,4.769999980926514,43456600,4.619999885559082
1465,2024-07-11,4.679999828338623,4.789999961853027,4.599999904632568,4.800000190734863,56422800,4.679999828338623
1466,2024-07-12,4.869999885559082,4.710000038146973,4.699999809265137,4.920000076293945,51797700,4.869999885559082
1467,2024-07-15,4.630000114440918,4.809999942779541,4.53000020980835,4.809999942779541,58503300,4.630000114440918
1468,2024-07-16,4.900000095367432,4.619999885559082,4.619999885559082,4.920000076293945,50004800,4.900000095367432
1469,2024-07-17,4.590000152587891,4.829999923706055,4.550000190734863,4.869999885559082,54980500,4.590000152587891
1470,2024-07-18,4.539999961853027,4.630000114440918,4.510000228881836,4.710000038146973,36332700,4.539999961853027
1471,2024-07-19,4.460000038146973,4.510000228881836,4.409999847412109,4.510000228881836,22403600,4.460000038146973
1472,2024-07-22,4.690000057220459,4.630000114440918,4.579999923706055,4.699999809265137,34131500,4.690000057220459
1473,2024-07-23,4.480000019073486,4.579999923706055,4.46999979019165,4.599999904632568,37498700,4.480000019073486
1474,2024-07-24,4.300000190734863,4.389999866485596,4.260000228881836,4.420000076293945,43266700,4.300000190734863
1475,2024-07-25,4.269999980926514,4.389999866485596,4.269999980926514,4.440000057220459,40111300,4.269999980926514
1476,2024-07-26,4.429999828338623,4.309999942779541,4.239999771118164,4.429999828338623,32103400,4.429999828338623
1477,2024-07-29,4.389999866485596,4.440000057220459,4.300000190734863,4.46999979019165,33918300,4.389999866485596
1478,2024-07-30,4.420000076293945,4.340000152587891,4.309999942779541,4.440000057220459,41983800,4.420000076293945
1479,2024-07-31,4.440000057220459,4.5,4.429999828338623,4.619999885559082,33546800,4.440000057220459
1480,2024-08-01,4.059999942779541,4.449999809265137,3.990000009536743,4.449999809265137,88261500,4.059999942779541
1481,2024-08-02,4.050000190734863,3.950000047683716,3.930000066757202,4.25,39936800,4.050000190734863
1482,2024-08-05,3.890000104904175,3.740000009536743,3.6600000858306885,3.9700000286102295,53237000,3.890000104904175
1483,2024-08-06,3.7699999809265137,3.9000000953674316,3.759999990463257,3.9200000762939453,37777500,3.7699999809265137
1484,2024-08-07,3.6700000762939453,3.809999942779541,3.6700000762939453,3.9100000858306885,33486300,3.6700000762939453
1485,2024-08-08,3.819999933242798,3.7300000190734863,3.630000114440918,3.890000104904175,35671000,3.819999933242798
1486,2024-08-09,3.7799999713897705,3.799999952316284,3.75,3.890000104904175,25866100,3.7799999713897705
1487,2024-08-12,3.759999990463257,3.799999952316284,3.740000009536743,3.8299999237060547,20645500,3.759999990463257
1488,2024-08-13,3.890000104904175,3.7699999809265137,3.759999990463257,3.9100000858306885,29584600,3.890000104904175
1489,2024-08-14,3.7200000286102295,3.9200000762939453,3.7100000381469727,3.930000066757202,37694800,3.7200000286102295
1490,2024-08-15,3.8299999237060547,3.7899999618530273,3.7799999713897705,3.869999885559082,28523100,3.8299999237060547
1491,2024-08-16,3.950000047683716,3.8399999141693115,3.8299999237060547,3.9800000190734863,28728700,3.950000047683716
1492,2024-08-19,4.070000171661377,4.03000020980835,4.03000020980835,4.110000133514404,23455100,4.070000171661377
1493,2024-08-20,3.8499999046325684,4.119999885559082,3.8299999237060547,4.170000076293945,43921600,3.8499999046325684
1494,2024-08-21,3.990000009536743,3.930000066757202,3.8299999237060547,4.0,25739200,3.990000009536743
1495,2024-08-22,3.990000009536743,4.010000228881836,3.9200000762939453,4.050000190734863,25826800,3.990000009536743
1496,2024-08-23,4.079999923706055,4.03000020980835,3.990000009536743,4.130000114440918,25913400,4.079999923706055
1497,2024-08-26,4.03000020980835,4.059999942779541,3.9800000190734863,4.099999904632568,25776200,4.03000020980835
1498,2024-08-27,4.0,4.079999923706055,3.9600000381469727,4.099999904632568,24654700,4.0
1499,2024-08-28,3.700000047683716,3.9600000381469727,3.680000066757202,4.0,62882000,3.700000047683716
1500,2024-08-29,3.940000057220459,3.8299999237060547,3.759999990463257,3.9700000286102295,45246800,3.940000057220459
1501,2024-08-30,4.039999961853027,4.190000057220459,4.0,4.210000038146973,65991100,4.039999961853027
1502,2024-09-03,4.150000095367432,3.9800000190734863,3.9600000381469727,4.179999828338623,52928200,4.150000095367432
1503,2024-09-04,4.239999771118164,4.230000019073486,4.179999828338623,4.289999961853027,49161900,4.239999771118164
1504,2024-09-05,4.849999904632568,4.409999847412109,4.269999980926514,4.849999904632568,110271900,4.849999904632568
1505,2024-09-06,5.019999980926514,4.940000057220459,4.900000095367432,5.179999828338623,105245000,5.019999980926514
1506,2024-09-09,5.570000171661377,4.880000114440918,4.760000228881836,5.610000133514404,125459100,5.570000171661377
1507,2024-09-10,5.480000019073486,5.429999828338623,5.320000171661377,5.5,58595000,5.480000019073486
1508,2024-09-11,5.599999904632568,5.510000228881836,5.429999828338623,5.659999847412109,51390500,5.599999904632568
1509,2024-09-12,5.28000020980835,5.539999961853027,5.099999904632568,5.539999961853027,70949400,5.28000020980835
1510,2024-09-13,5.550000190734863,5.21999979019165,5.190000057220459,5.570000171661377,64294400,5.550000190734863
1511,2024-09-16,5.400000095367432,5.539999961853027,5.380000114440918,5.550000190734863,37580100,5.400000095367432
1512,2024-09-17,5.409999847412109,5.449999809265137,5.400000095367432,5.699999809265137,41732900,5.409999847412109
1513,2024-09-18,5.019999980926514,5.449999809265137,5.010000228881836,5.480000019073486,65049700,5.019999980926514
1514,2024-09-19,5.400000095367432,5.25,4.96999979019165,5.400000095367432,93014300,5.400000095367432
1515,2024-09-20,5.28000020980835,5.340000152587891,5.210000038146973,5.539999961853027,53489100,5.28000020980835
1516,2024-09-23,5.320000171661377,5.199999809265137,5.050000190734863,5.559999942779541,66291800,5.320000171661377
1517,2024-09-24,5.940000057220459,5.760000228881836,5.610000133514404,5.960000038146973,116346100,5.940000057220459
1518,2024-09-25,5.650000095367432,5.699999809265137,5.570000171661377,5.840000152587891,72687400,5.650000095367432
1519,2024-09-26,5.78000020980835,6.0,5.699999809265137,6.199999809265137,139473600,5.78000020980835
1520,2024-09-27,6.519999980926514,6.010000228881836,5.989999771118164,6.659999847412109,180982100,6.519999980926514
1521,2024-09-30,6.679999828338623,7.699999809265137,6.659999847412109,7.710000038146973,213140800,6.679999828338623
1522,2024-10-01,7.03000020980835,6.900000095367432,6.440000057220459,7.079999923706055,146968900,7.03000020980835
1523,2024-10-02,7.210000038146973,7.239999771118164,6.820000171661377,7.380000114440918,135598100,7.210000038146973
1524,2024-10-03,6.699999809265137,6.860000133514404,6.670000076293945,6.989999771118164,99136000,6.699999809265137
1525,2024-10-04,6.769999980926514,6.71999979019165,6.400000095367432,6.800000190734863,91621900,6.769999980926514
1526,2024-10-07,6.789999961853027,6.809999942779541,6.559999942779541,6.929999828338623,78405000,6.789999961853027
1527,2024-10-08,6.239999771118164,6.260000228881836,6.110000133514404,6.400000095367432,82359200,6.239999771118164
1528,2024-10-09,6.289999961853027,6.079999923706055,5.980000019073486,6.449999809265137,70071100,6.289999961853027
1529,2024-10-10,6.21999979019165,6.230000019073486,6.130000114440918,6.349999904632568,47902300,6.21999979019165
1530,2024-10-11,6.239999771118164,6.059999942779541,6.03000020980835,6.300000190734863,42897900,6.239999771118164
1531,2024-10-14,5.789999961853027,6.059999942779541,5.760000228881836,6.179999828338623,80930100,5.789999961853027
1532,2024-10-15,5.619999885559082,5.610000133514404,5.550000190734863,5.809999942779541,67585800,5.619999885559082
1533,2024-10-16,5.510000228881836,5.659999847412109,5.480000019073486,5.690000057220459,46932600,5.510000228881836
1534,2024-10-17,5.150000095367432,5.360000133514404,5.050000190734863,5.360000133514404,74651600,5.150000095367432
1535,2024-10-18,5.21999979019165,5.460000038146973,5.179999828338623,5.489999771118164,66972500,5.21999979019165
1536,2024-10-21,5.139999866485596,5.090000152587891,5.050000190734863,5.269999980926514,35255300,5.139999866485596
1537,2024-10-22,5.230000019073486,5.159999847412109,5.150000095367432,5.349999904632568,38285800,5.230000019073486
1538,2024-10-23,5.190000057220459,5.21999979019165,5.150000095367432,5.289999961853027,36170900,5.190000057220459
1539,2024-10-24,4.980000019073486,5.150000095367432,4.960000038146973,5.159999847412109,49328700,4.980000019073486
1540,2024-10-25,5.260000228881836,5.059999942779541,5.010000228881836,5.349999904632568,67917100,5.260000228881836
1541,2024-10-28,5.809999942779541,5.380000114440918,5.369999885559082,6.03000020980835,109992400,5.809999942779541
1542,2024-10-29,5.599999904632568,5.900000095367432,5.590000152587891,5.909999847412109,64407100,5.599999904632568
1543,2024-10-30,5.349999904632568,5.440000057220459,5.300000190734863,5.440000057220459,57415100,5.349999904632568
1544,2024-10-31,5.099999904632568,5.300000190734863,5.050000190734863,5.309999942779541,50277400,5.099999904632568
1545,2024-11-01,5.099999904632568,5.139999866485596,5.0,5.190000057220459,43951800,5.099999904632568
1546,2024-11-04,5.139999866485596,5.130000114440918,5.119999885559082,5.300000190734863,36745800,5.139999866485596
1547,2024-11-05,5.28000020980835,5.28000020980835,5.21999979019165,5.380000114440918,32012100,5.28000020980835
1548,2024-11-06,5.0,5.0,4.860000133514404,5.179999828338623,81290900,5.0
1549,2024-11-07,5.309999942779541,5.230000019073486,5.130000114440918,5.349999904632568,56496100,5.309999942779541
1550,2024-11-08,5.090000152587891,5.159999847412109,5.010000228881836,5.199999809265137,57885300,5.090000152587891
1551,2024-11-11,5.059999942779541,5.179999828338623,5.0,5.230000019073486,51270600,5.059999942779541
1552,2024-11-12,4.579999923706055,4.880000114440918,4.579999923706055,4.880000114440918,86695700,4.579999923706055
1553,2024-11-13,4.610000133514404,4.659999847412109,4.559999942779541,4.690000057220459,45111300,4.610000133514404
1554,2024-11-14,4.429999828338623,4.570000171661377,4.429999828338623,4.650000095367432,39880900,4.429999828338623
1555,2024-11-15,4.489999771118164,4.440000057220459,4.360000133514404,4.510000228881836,46287400,4.489999771118164
1556,2024-11-18,4.670000076293945,4.610000133514404,4.550000190734863,4.75,47677800,4.670000076293945
1557,2024-11-19,4.630000114440918,4.75,4.480000019073486,4.75,81563500,4.630000114440918
1558,2024-11-20,4.650000095367432,4.409999847412109,4.309999942779541,4.840000152587891,92292300,4.650000095367432
1559,2024-11-21,4.699999809265137,4.579999923706055,4.5,4.809999942779541,54962300,4.699999809265137
1560,2024-11-22,4.840000152587891,4.599999904632568,4.590000152587891,4.920000076293945,66538400,4.840000152587891
1561,2024-11-25,4.670000076293945,4.789999961853027,4.639999866485596,4.860000133514404,54234900,4.670000076293945
1562,2024-11-26,4.309999942779541,4.599999904632568,4.309999942779541,4.610000133514404,71245200,4.309999942779541
1563,2024-11-27,4.380000114440918,4.440000057220459,4.28000020980835,4.449999809265137,45474500,4.380000114440918
1564,2024-11-29,4.480000019073486,4.380000114440918,4.360000133514404,4.53000020980835,29218200,4.480000019073486
1565,2024-12-02,4.400000095367432,4.489999771118164,4.360000133514404,4.610000133514404,40711200,4.400000095367432
1566,2024-12-03,4.639999866485596,4.409999847412109,4.400000095367432,4.829999923706055,79059800,4.639999866485596
1567,2024-12-04,4.599999904632568,4.670000076293945,4.519999980926514,4.739999771118164,47932700,4.599999904632568
1568,2024-12-05,4.610000133514404,4.650000095367432,4.599999904632568,4.769999980926514,86599500,4.610000133514404
1569,2024-12-06,4.610000133514404,4.699999809265137,4.559999942779541,4.710000038146973,44028300,4.610000133514404
1570,2024-12-09,5.179999828338623,4.940000057220459,4.929999828338623,5.360000133514404,123185700,5.179999828338623
1571,2024-12-10,4.769999980926514,4.949999809265137,4.75,5.019999980926514,64769700,4.769999980926514
1572,2024-12-11,4.670000076293945,4.78000020980835,4.570000171661377,4.800000190734863,55104400,4.670000076293945
1573,2024-12-12,4.590000152587891,4.599999904632568,4.489999771118164,4.650000095367432,47028900,4.590000152587891
1574,2024-12-13,4.510000228881836,4.53000020980835,4.449999809265137,4.550000190734863,31903300,4.510000228881836
1575,2024-12-16,4.420000076293945,4.46999979019165,4.400000095367432,4.570000171661377,36537700,4.420000076293945
1576,2024-12-17,4.539999961853027,4.400000095367432,4.389999866485596,4.619999885559082,39286600,4.539999961853027
1577,2024-12-18,4.320000171661377,4.550000190734863,4.28000020980835,4.570000171661377,45533900,4.320000171661377
1578,2024-12-19,4.400000095367432,4.400000095367432,4.369999885559082,4.510000228881836,27936400,4.400000095367432
1579,2024-12-20,4.539999961853027,4.480000019073486,4.420000076293945,4.610000133514404,36765600,4.539999961853027
1580,2024-12-23,4.480000019073486,4.5,4.46999979019165,4.550000190734863,32756000,4.480000019073486
1581,2024-12-24,4.619999885559082,4.510000228881836,4.510000228881836,4.679999828338623,24244400,4.619999885559082
1582,2024-12-26,4.690000057220459,4.630000114440918,4.610000133514404,4.829999923706055,33687400,4.690000057220459
1583,2024-12-27,4.480000019073486,4.639999866485596,4.480000019073486,4.650000095367432,41203600,4.480000019073486
1584,2024-12-30,4.380000114440918,4.429999828338623,4.329999923706055,4.46999979019165,36562600,4.380000114440918
1585,2024-12-31,4.360000133514404,4.429999828338623,4.349999904632568,4.559999942779541,39899700,4.360000133514404
1586,2025-01-02,4.550000190734863,4.420000076293945,4.360000133514404,4.730000019073486,63007700,4.550000190734863
1587,2025-01-03,4.630000114440918,4.519999980926514,4.460000038146973,4.659999847412109,35597900,4.630000114440918
1588,2025-01-06,4.710000038146973,4.760000228881836,4.670000076293945,4.909999847412109,53340700,4.710000038146973
1589,2025-01-07,4.510000228881836,4.630000114440918,4.449999809265137,4.679999828338623,61962000,4.510000228881836
1590,2025-01-08,4.320000171661377,4.400000095367432,4.260000228881836,4.409999847412109,49570100,4.320000171661377
1591,2025-01-10,4.170000076293945,4.25,4.159999847412109,4.269999980926514,41829000,4.170000076293945
1592,2025-01-13,4.059999942779541,4.119999885559082,4.010000228881836,4.119999885559082,36105400,4.059999942779541
1593,2025-01-14,4.079999923706055,4.139999866485596,4.019999980926514,4.199999809265137,32476600,4.079999923706055
1594,2025-01-15,4.099999904632568,4.110000133514404,4.019999980926514,4.139999866485596,32661000,4.099999904632568
1595,2025-01-16,4.159999847412109,4.099999904632568,4.079999923706055,4.199999809265137,28870100,4.159999847412109
1596,2025-01-17,4.360000133514404,4.210000038146973,4.190000057220459,4.420000076293945,50447600,4.360000133514404
1597,2025-01-21,4.179999828338623,4.349999904632568,4.170000076293945,4.380000114440918,38457500,4.179999828338623
1598,2025-01-22,4.28000020980835,4.170000076293945,4.130000114440918,4.360000133514404,39859000,4.28000020980835
1599,2025-01-23,4.130000114440918,4.21999979019165,4.090000152587891,4.21999979019165,33088000,4.130000114440918
1600,2025-01-24,4.289999961853027,4.190000057220459,4.139999866485596,4.349999904632568,40544500,4.289999961853027
1601,2025-01-27,4.269999980926514,4.320000171661377,4.25,4.420000076293945,51189500,4.269999980926514
1602,2025-01-28,4.320000171661377,4.269999980926514,4.170000076293945,4.329999923706055,37121700,4.320000171661377
1603,2025-01-29,4.21999979019165,4.320000171661377,4.21999979019165,4.349999904632568,24440700,4.21999979019165
1604,2025-01-30,4.440000057220459,4.269999980926514,4.269999980926514,4.46999979019165,49084900,4.440000057220459
1605,2025-01-31,4.320000171661377,4.429999828338623,4.300000190734863,4.5,37278300,4.320000171661377
1606,2025-02-03,4.28000020980835,4.170000076293945,4.110000133514404,4.389999866485596,63162700,4.28000020980835
1607,2025-02-04,4.389999866485596,4.369999885559082,4.360000133514404,4.5,44232100,4.389999866485596
1608,2025-02-05,4.199999809265137,4.260000228881836,4.179999828338623,4.289999961853027,35838100,4.199999809265137
1609,2025-02-06,4.199999809265137,4.239999771118164,4.159999847412109,4.300000190734863,31997700,4.199999809265137
1610,2025-02-07,4.239999771118164,4.28000020980835,4.190000057220459,4.329999923706055,37198200,4.239999771118164
1611,2025-02-10,4.329999923706055,4.320000171661377,4.239999771118164,4.349999904632568,28705400,4.329999923706055
1612,2025-02-11,4.039999961853027,4.210000038146973,4.03000020980835,4.210000038146973,69228700,4.039999961853027
1613,2025-02-12,4.210000038146973,4.079999923706055,4.050000190734863,4.21999979019165,73192500,4.210000038146973
1614,2025-02-13,4.260000228881836,4.170000076293945,4.159999847412109,4.289999961853027,51756300,4.260000228881836
1615,2025-02-14,4.440000057220459,4.349999904632568,4.320000171661377,4.550000190734863,54299000,4.440000057220459
1616,2025-02-18,4.360000133514404,4.489999771118164,4.349999904632568,4.5,43222800,4.360000133514404
1617,2025-02-19,4.389999866485596,4.400000095367432,4.369999885559082,4.519999980926514,74651800,4.389999866485596
1618,2025-02-20,4.369999885559082,4.449999809265137,4.300000190734863,4.519999980926514,39236400,4.369999885559082
1619,2025-02-21,4.440000057220459,4.46999979019165,4.420000076293945,4.690000057220459,101148600,4.440000057220459
1620,2025-02-24,4.360000133514404,4.440000057220459,4.349999904632568,4.460000038146973,37454200,4.360000133514404
1621,2025-02-25,4.269999980926514,4.460000038146973,4.25,4.5,49948700,4.269999980926514
1622,2025-02-26,4.71999979019165,4.380000114440918,4.369999885559082,4.760000228881836,121284300,4.71999979019165
1623,2025-02-27,4.789999961853027,4.670000076293945,4.639999866485596,5.130000114440918,134805400,4.789999961853027
1624,2025-02-28,4.630000114440918,4.550000190734863,4.429999828338623,4.670000076293945,60898600,4.630000114440918
1625,2025-03-03,4.230000019073486,4.489999771118164,4.199999809265137,4.559999942779541,80304000,4.230000019073486
1626,2025-03-04,4.21999979019165,4.179999828338623,4.099999904632568,4.300000190734863,41666800,4.21999979019165
1627,2025-03-05,4.349999904632568,4.320000171661377,4.269999980926514,4.420000076293945,48201100,4.349999904632568
1628,2025-03-06,4.239999771118164,4.329999923706055,4.210000038146973,4.380000114440918,44428700,4.239999771118164
1629,2025-03-07,4.46999979019165,4.269999980926514,4.25,4.489999771118164,45986500,4.46999979019165
1630,2025-03-10,4.460000038146973,4.389999866485596,4.389999866485596,4.679999828338623,66742300,4.460000038146973
1631,2025-03-11,5.21999979019165,4.75,4.71999979019165,5.329999923706055,162169100,5.21999979019165
1632,2025-03-12,5.099999904632568,5.059999942779541,5.039999961853027,5.489999771118164,87317700,5.099999904632568
1633,2025-03-13,4.730000019073486,5.0,4.650000095367432,5.010000228881836,64247000,4.730000019073486
1634,2025-03-14,4.900000095367432,4.860000133514404,4.829999923706055,5.059999942779541,53620000,4.900000095367432
1635,2025-03-17,5.03000020980835,4.900000095367432,4.860000133514404,5.059999942779541,38063500,5.03000020980835
1636,2025-03-18,5.190000057220459,5.28000020980835,5.059999942779541,5.329999923706055,79321100,5.190000057220459
1637,2025-03-19,5.170000076293945,5.199999809265137,5.099999904632568,5.25,38703300,5.170000076293945
1638,2025-03-20,4.710000038146973,4.980000019073486,4.699999809265137,4.980000019073486,79242700,4.710000038146973
1639,2025-03-21,4.5,4.480000019073486,4.360000133514404,4.619999885559082,82883000,4.5
1640,2025-03-24,4.380000114440918,4.400000095367432,4.340000152587891,4.480000019073486,59178000,4.380000114440918
1641,2025-03-25,4.389999866485596,4.329999923706055,4.300000190734863,4.480000019073486,38082100,4.389999866485596
1642,2025-03-26,4.21999979019165,4.369999885559082,4.179999828338623,4.420000076293945,62695600,4.21999979019165
1643,2025-03-27,3.9800000190734863,3.9000000953674316,3.880000114440918,4.03000020980835,156708300,3.9800000190734863
1644,2025-03-28,3.75,3.9000000953674316,3.7300000190734863,3.930000066757202,78965100,3.75
1645,2025-03-31,3.809999942779541,3.6700000762939453,3.569999933242798,3.8499999046325684,64817600,3.809999942779541
1646,2025-04-01,3.869999885559082,3.869999885559082,3.819999933242798,4.0,43177400,3.869999885559082
1647,2025-04-02,3.799999952316284,3.809999942779541,3.75,3.8399999141693115,46021100,3.799999952316284
1648,2025-04-03,3.740000009536743,3.640000104904175,3.630000114440918,3.7799999713897705,36666500,3.740000009536743
1649,2025-04-04,3.4600000381469727,3.5,3.200000047683716,3.569999933242798,77685600,3.4600000381469727
1650,2025-04-07,3.359999895095825,3.200000047683716,3.180000066757202,3.549999952316284,73974800,3.359999895095825
1651,2025-04-08,3.140000104904175,3.390000104904175,3.0199999809265137,3.4100000858306885,78198000,3.140000104904175
1652,2025-04-09,3.309999942779541,3.0899999141693115,3.0399999618530273,3.359999895095825,78717700,3.309999942779541
1653,2025-04-10,3.2799999713897705,3.380000114440918,3.240000009536743,3.490000009536743,73432200,3.2799999713897705
1654,2025-04-11,3.5199999809265137,3.3299999237060547,3.299999952316284,3.5199999809265137,56524300,3.5199999809265137
1655,2025-04-14,3.609999895095825,3.5999999046325684,3.569999933242798,3.7100000381469727,44128900,3.609999895095825
1656,2025-04-15,3.619999885559082,3.559999942779541,3.549999952316284,3.6500000953674316,28866300,3.619999885559082
1657,2025-04-16,3.5199999809265137,3.450000047683716,3.4200000762939453,3.569999933242798,33469500,3.5199999809265137
1658,2025-04-17,3.5199999809265137,3.509999990463257,3.490000009536743,3.5799999237060547,23168700,3.5199999809265137
1659,2025-04-21,3.5999999046325684,3.5399999618530273,3.4800000190734863,3.609999895095825,28419000,3.5999999046325684
1660,2025-04-22,3.75,3.630000114440918,3.609999895095825,3.7899999618530273,38578000,3.75
1661,2025-04-23,3.930000066757202,3.8299999237060547,3.819999933242798,3.990000009536743,46950500,3.930000066757202
1662,2025-04-24,4.179999828338623,3.940000057220459,3.940000057220459,4.239999771118164,55103400,4.179999828338623
1663,2025-04-25,4.03000020980835,4.110000133514404,3.9700000286102295,4.110000133514404,39696800,4.03000020980835
1664,2025-04-28,4.309999942779541,4.090000152587891,4.090000152587891,4.389999866485596,60350200,4.309999942779541
1665,2025-04-29,4.239999771118164,4.349999904632568,4.179999828338623,4.440000057220459,45965500,4.239999771118164
1666,2025-04-30,4.050000190734863,4.019999980926514,4.010000228881836,4.079999923706055,31596300,4.050000190734863
1667,2025-05-01,3.930000066757202,4.099999904632568,3.9000000953674316,4.110000133514404,41506800,3.930000066757202
1668,2025-05-02,4.03000020980835,4.079999923706055,4.0,4.150000095367432,28201500,4.03000020980835
1669,2025-05-05,3.9800000190734863,4.010000228881836,3.940000057220459,4.019999980926514,24160600,3.9800000190734863
1670,2025-05-06,3.9200000762939453,3.9100000858306885,3.8499999046325684,3.950000047683716,33405900,3.9200000762939453
1671,2025-05-07,3.8399999141693115,3.8499999046325684,3.819999933242798,3.9100000858306885,28553700,3.8399999141693115
1672,2025-05-08,3.9600000381469727,3.9100000858306885,3.880000114440918,4.0,27945300,3.9600000381469727
1673,2025-05-09,3.9700000286102295,3.9700000286102295,3.9600000381469727,4.099999904632568,24093600,3.9700000286102295
1674,2025-05-12,4.199999809265137,4.230000019073486,4.090000152587891,4.269999980926514,44327900,4.199999809265137
1675,2025-05-13,4.119999885559082,4.099999904632568,4.059999942779541,4.179999828338623,28022200,4.119999885559082
1676,2025-05-14,4.130000114440918,4.159999847412109,4.110000133514404,4.21999979019165,25987900,4.130000114440918
1677,2025-05-15,3.990000009536743,4.059999942779541,3.9600000381469727,4.079999923706055,29326600,3.990000009536743
1678,2025-05-16,4.099999904632568,4.079999923706055,4.03000020980835,4.119999885559082,25768200,4.099999904632568
1679,2025-05-19,4.039999961853027,3.9700000286102295,3.9100000858306885,4.039999961853027,21902000,4.039999961853027
1680,2025-05-20,3.9600000381469727,3.990000009536743,3.9600000381469727,4.03000020980835,22933900,3.9600000381469727
1681,2025-05-21,3.940000057220459,3.990000009536743,3.9200000762939453,4.059999942779541,38257000,3.940000057220459
1682,2025-05-22,3.880000114440918,3.9000000953674316,3.859999895095825,3.9200000762939453,31969200,3.880000114440918
1683,2025-05-23,3.819999933242798,3.809999942779541,3.740000009536743,3.8299999237060547,29176400,3.819999933242798
1684,2025-05-27,3.690000057220459,3.7200000286102295,3.630000114440918,3.740000009536743,47264000,3.690000057220459
1685,2025-05-28,3.6700000762939453,3.680000066757202,3.6500000953674316,3.75,27254100,3.6700000762939453
1686,2025-05-29,3.680000066757202,3.75,3.6600000858306885,3.7699999809265137,23080900,3.680000066757202
1687,2025-05-30,3.5399999618530273,3.609999895095825,3.5199999809265137,3.619999885559082,37431500,3.5399999618530273
1688,2025-06-02,3.5199999809265137,3.569999933242798,3.4800000190734863,3.5799999237060547,39573300,3.5199999809265137
1689,2025-06-03,3.5299999713897705,3.4000000953674316,3.3499999046325684,3.5999999046325684,51344800,3.5299999713897705
1690,2025-06-04,3.75,3.609999895095825,3.559999942779541,3.9200000762939453,72688800,3.75
1691,2025-06-05,3.619999885559082,3.6700000762939453,3.549999952316284,3.680000066757202,37293900,3.619999885559082
1692,2025-06-06,3.630000114440918,3.5899999141693115,3.569999933242798,3.700000047683716,31176800,3.630000114440918
1693,2025-06-09,3.5999999046325684,3.630000114440918,3.5999999046325684,3.700000047683716,23999800,3.5999999046325684
1694,2025-06-10,3.809999942779541,3.6500000953674316,3.630000114440918,3.809999942779541,40706700,3.809999942779541
1695,2025-06-11,3.740000009536743,3.8499999046325684,3.740000009536743,3.9000000953674316,31465400,3.740000009536743
1696,2025-06-12,3.619999885559082,3.6700000762939453,3.609999895095825,3.690000057220459,22556000,3.619999885559082
1697,2025-06-13,3.509999990463257,3.5399999618530273,3.490000009536743,3.5899999141693115,39274700,3.509999990463257
1698,2025-06-16,3.5199999809265137,3.5199999809265137,3.509999990463257,3.5899999141693115,21246000,3.5199999809265137
1699,2025-06-17,3.440000057220459,3.509999990463257,3.440000057220459,3.5199999809265137,23446500,3.440000057220459
1700,2025-06-18,3.4200000762939453,3.4600000381469727,3.4200000762939453,3.4800000190734863,25543100,3.4200000762939453
1701,2025-06-20,3.4100000858306885,3.4600000381469727,3.4000000953674316,3.4700000286102295,23893500,3.4100000858306885
1702,2025-06-23,3.430000066757202,3.4000000953674316,3.3399999141693115,3.450000047683716,28943200,3.430000066757202
1703,2025-06-24,3.5,3.4600000381469727,3.4100000858306885,3.569999933242798,33481300,3.5
1704,2025-06-25,3.4700000286102295,3.569999933242798,3.440000057220459,3.569999933242798,21509500,3.4700000286102295
1705,2025-06-26,3.4200000762939453,3.4600000381469727,3.4000000953674316,3.4800000190734863,31146400,3.4200000762939453
1706,2025-06-27,3.4600000381469727,3.4200000762939453,3.4000000953674316,3.549999952316284,63720200,3.4600000381469727
1707,2025-06-30,3.430000066757202,3.490000009536743,3.4100000858306885,3.490000009536743,24598900,3.430000066757202
1708,2025-07-01,3.509999990463257,3.4700000286102295,3.450000047683716,3.569999933242798,46064800,3.509999990463257
1709,2025-07-02,3.4800000190734863,3.5,3.4700000286102295,3.5399999618530273,22912600,3.4800000190734863
1710,2025-07-03,3.509999990463257,3.5,3.4700000286102295,3.549999952316284,15645500,3.509999990463257
1711,2025-07-07,3.4100000858306885,3.440000057220459,3.390000104904175,3.4700000286102295,31339200,3.4100000858306885
1712,2025-07-08,3.5,3.430000066757202,3.380000114440918,3.5199999809265137,43515600,3.5
1713,2025-07-09,3.4800000190734863,3.5199999809265137,3.4600000381469727,3.5899999141693115,26907300,3.4800000190734863
1714,2025-07-10,3.690000057220459,3.549999952316284,3.490000009536743,3.700000047683716,74015200,3.690000057220459
1715,2025-07-11,3.9000000953674316,3.75,3.700000047683716,4.050000190734863,141527800,3.9000000953674316
1716,2025-07-14,4.170000076293945,4.110000133514404,4.019999980926514,4.21999979019165,122870700,4.170000076293945
1717,2025-07-15,4.25,4.25,4.130000114440918,4.28000020980835,66259200,4.25
1718,2025-07-16,4.110000133514404,4.190000057220459,3.9600000381469727,4.190000057220459,69862800,4.110000133514404
1719,2025-07-17,4.400000095367432,4.130000114440918,4.110000133514404,4.489999771118164,116140100,4.400000095367432
1720,2025-07-18,4.389999866485596,4.380000114440918,4.28000020980835,4.570000171661377,78373600,4.389999866485596
1721,2025-07-21,4.519999980926514,4.46999979019165,4.460000038146973,4.670000076293945,58884000,4.519999980926514
1722,2025-07-22,5.010000228881836,4.639999866485596,4.639999866485596,5.090000152587891,133091900,5.010000228881836
1723,2025-07-23,4.920000076293945,5.190000057220459,4.869999885559082,5.210000038146973,108246500,4.920000076293945
1724,2025-07-24,4.829999923706055,4.920000076293945,4.699999809265137,4.949999809265137,63260400,4.829999923706055
1725,2025-07-25,4.920000076293945,4.840000152587891,4.789999961853027,5.090000152587891,60712300,4.920000076293945
1726,2025-07-28,4.829999923706055,4.989999771118164,4.820000171661377,5.010000228881836,42322400,4.829999923706055
1727,2025-07-29,4.710000038146973,4.820000171661377,4.679999828338623,4.840000152587891,38397400,4.710000038146973
1728,2025-07-30,4.510000228881836,4.599999904632568,4.510000228881836,4.610000133514404,40824100,4.510000228881836
1729,2025-07-31,4.869999885559082,4.679999828338623,4.460000038146973,4.980000019073486,131207100,4.869999885559082
1730,2025-08-01,5.010000228881836,4.739999771118164,4.730000019073486,5.059999942779541,81680900,5.010000228881836
1731,2025-08-04,4.599999904632568,4.889999866485596,4.579999923706055,4.900000095367432,92178900,4.599999904632568
1732,2025-08-05,4.5,4.659999847412109,4.460000038146973,4.670000076293945,55676400,4.5
1733,2025-08-06,4.610000133514404,4.590000152587891,4.519999980926514,4.670000076293945,55025100,4.610000133514404
1734,2025-08-07,4.679999828338623,4.619999885559082,4.590000152587891,4.71999979019165,27399000,4.679999828338623
1735,2025-08-08,4.840000152587891,4.730000019073486,4.710000038146973,4.869999885559082,36036300,4.840000152587891
1736,2025-08-11,4.909999847412109,4.960000038146973,4.849999904632568,5.010000228881836,36250500,4.909999847412109
1737,2025-08-12,4.46999979019165,4.739999771118164,4.449999809265137,4.739999771118164,106157200,4.46999979019165
1738,2025-08-13,4.619999885559082,4.610000133514404,4.539999961853027,4.619999885559082,35804200,4.619999885559082
1739,2025-08-14,4.449999809265137,4.5,4.369999885559082,4.510000228881836,43446300,4.449999809265137
1740,2025-08-15,4.809999942779541,4.559999942779541,4.550000190734863,4.820000171661377,69021000,4.809999942779541
1741,2025-08-18,4.869999885559082,4.909999847412109,4.809999942779541,4.96999979019165,47355300,4.869999885559082
1742,2025-08-19,5.070000171661377,4.940000057220459,4.929999828338623,5.230000019073486,90447700,5.070000171661377
1743,2025-08-20,5.070000171661377,5.010000228881836,4.96999979019165,5.139999866485596,46063500,5.070000171661377
1744,2025-08-21,5.539999961853027,5.239999771118164,5.239999771118164,5.679999828338623,147125700,5.539999961853027
1745,2025-08-22,6.340000152587891,5.869999885559082,5.78000020980835,6.579999923706055,234464700,6.340000152587891
1746,2025-08-25,6.090000152587891,6.699999809265137,6.070000171661377,6.730000019073486,156581500,6.090000152587891
1747,2025-08-26,6.699999809265137,6.389999866485596,6.380000114440918,6.829999923706055,146133100,6.699999809265137
1748,2025-08-27,6.340000152587891,6.5,6.309999942779541,6.619999885559082,89801700,6.340000152587891
1749,2025-08-28,6.510000228881836,6.53000020980835,6.260000228881836,6.539999961853027,74896800,6.510000228881836
1750,2025-08-29,6.380000114440918,6.440000057220459,6.260000228881836,6.510000228881836,57629700,6.380000114440918
1751,2025-09-02,6.579999923706055,6.239999771118164,6.059999942779541,6.639999866485596,123577100,6.579999923706055
1752,2025-09-03,6.320000171661377,6.380000114440918,6.039999961853027,6.400000095367432,89712400,6.320000171661377
1753,2025-09-04,6.130000114440918,6.070000171661377,5.96999979019165,6.190000057220459,72831200,6.130000114440918
1754,2025-09-05,5.949999809265137,6.179999828338623,5.920000076293945,6.230000019073486,59299500,5.949999809265137
1755,2025-09-08,6.170000076293945,6.050000190734863,5.949999809265137,6.230000019073486,81801400,6.170000076293945
1756,2025-09-09,6.28000020980835,6.059999942779541,6.050000190734863,6.320000171661377,54499200,6.28000020980835
1757,2025-09-10,5.71999979019165,5.739999771118164,5.599999904632568,5.78000020980835,237836500,5.71999979019165
1758,2025-09-11,6.070000171661377,5.829999923706055,5.769999980926514,6.130000114440918,95275100,6.070000171661377
1759,2025-09-12,6.21999979019165,6.03000020980835,5.940000057220459,6.289999961853027,75071300,6.21999979019165
1760,2025-09-15,6.489999771118164,6.460000038146973,6.420000076293945,6.829999923706055,68234900,6.489999771118164
1761,2025-09-16,7.019999980926514,6.550000190734863,6.480000019073486,7.090000152587891,130662500,7.019999980926514
1762,2025-09-17,7.449999809265137,7.230000019073486,7.059999942779541,7.449999809265137,122761800,7.449999809265137
1763,2025-09-18,7.369999885559082,7.230000019073486,7.199999809265137,7.5,76975000,7.369999885559082
1764,2025-09-19,7.369999885559082,7.590000152587891,7.28000020980835,7.599999904632568,79099400,7.369999885559082
1765,2025-09-22,6.909999847412109,7.369999885559082,6.800000190734863,7.409999847412109,128795300,6.909999847412109
1766,2025-09-23,6.929999828338623,6.900000095367432,6.769999980926514,7.170000076293945,80663300,6.929999828338623
1767,2025-09-24,7.119999885559082,7.079999923706055,6.980000019073486,7.340000152587891,76711800,7.119999885559082
1768,2025-09-25,7.46999979019165,7.050000190734863,7.0,7.679999828338623,92782900,7.46999979019165
1769,2025-09-26,7.039999961853027,7.309999942779541,6.960000038146973,7.369999885559082,92524000,7.039999961853027
1770,2025-09-29,7.210000038146973,7.130000114440918,6.920000076293945,7.269999980926514,65361300,7.210000038146973
1771,2025-09-30,7.619999885559082,7.300000190734863,7.300000190734863,7.78000020980835,107657600,7.619999885559082
1772,2025-10-01,7.650000095367432,7.789999961853027,7.539999961853027,7.900000095367432,57383700,7.650000095367432
1773,2025-10-02,7.889999866485596,7.849999904632568,7.639999866485596,8.020000457763672,86946400,7.889999866485596
1774,2025-10-03,7.699999809265137,7.800000190734863,7.5,7.800000190734863,68069200,7.699999809265137
1775,2025-10-06,7.590000152587891,7.630000114440918,7.579999923706055,7.849999904632568,61137200,7.590000152587891
1776,2025-10-07,7.5,7.570000171661377,7.289999961853027,7.599999904632568,75295400,7.5
1777,2025-10-08,7.849999904632568,7.599999904632568,7.570000171661377,7.860000133514404,75642200,7.849999904632568
1778,2025-10-09,7.460000038146973,7.760000228881836,7.400000095367432,7.800000190734863,64913000,7.460000038146973
1779,2025-10-10,6.710000038146973,7.440000057220459,6.659999847412109,7.440000057220459,126261800,6.710000038146973
1780,2025-10-13,7.179999828338623,7.010000228881836,6.960000038146973,7.21999979019165,65388200,7.179999828338623
1781,2025-10-14,6.800000190734863,6.900000095367432,6.769999980926514,7.0,56830400,6.800000190734863
1782,2025-10-15,6.820000171661377,6.989999771118164,6.739999771118164,7.039999961853027,40112300,6.820000171661377
1783,2025-10-16,6.829999923706055,6.289999961853027,6.28000020980835,6.869999885559082,125559000,6.829999923706055
1784,2025-10-17,6.75,6.53000020980835,6.519999980926514,6.769999980926514,76615100,6.75
1785,2025-10-20,7.059999942779541,6.75,6.71999979019165,7.079999923706055,52665400,7.059999942779541
1786,2025-10-21,6.800000190734863,6.880000114440918,6.800000190734863,6.920000076293945,35680900,6.800000190734863
1787,2025-10-22,6.840000152587891,6.889999866485596,6.679999828338623,7.059999942779541,52458200,6.840000152587891
1788,2025-10-23,6.889999866485596,6.920000076293945,6.869999885559082,6.96999979019165,30262000,6.889999866485596
1789,2025-10-24,6.900000095367432,6.840000152587891,6.769999980926514,7.03000020980835,38381200,6.900000095367432
1790,2025-10-27,7.039999961853027,7.079999923706055,7.0,7.21999979019165,45448500,7.039999961853027
1791,2025-10-28,7.090000152587891,7.010000228881836,6.889999866485596,7.110000133514404,30947000,7.090000152587891
1792,2025-10-29,7.139999866485596,7.130000114440918,7.059999942779541,7.329999923706055,42260900,7.139999866485596
1793,2025-10-30,7.010000228881836,7.050000190734863,7.0,7.260000228881836,36452100,7.010000228881836
1794,2025-10-31,7.25,7.050000190734863,6.849999904632568,7.269999980926514,50928400,7.25
1795,2025-11-03,7.420000076293945,7.340000152587891,7.230000019073486,7.510000228881836,54540400,7.420000076293945
1796,2025-11-04,7.159999847412109,7.190000057220459,7.070000171661377,7.360000133514404,42717100,7.159999847412109
1797,2025-11-05,7.289999961853027,7.289999961853027,7.179999828338623,7.400000095367432,34733400,7.289999961853027
1798,2025-11-06,7.159999847412109,7.409999847412109,7.110000133514404,7.539999961853027,69341600,7.159999847412109
1799,2025-11-07,6.860000133514404,7.03000020980835,6.679999828338623,7.03000020980835,65995400,6.860000133514404
1800,2025-11-10,6.710000038146973,6.96999979019165,6.650000095367432,7.059999942779541,58131400,6.710000038146973
1801,2025-11-11,6.630000114440918,6.949999809265137,6.590000152587891,7.0,53443400,6.630000114440918
1802,2025-11-12,6.449999809265137,6.519999980926514,6.340000152587891,6.53000020980835,45784700,6.449999809265137
1803,2025-11-13,6.239999771118164,6.440000057220459,6.139999866485596,6.489999771118164,62534800,6.239999771118164
1804,2025-11-14,6.159999847412109,5.989999771118164,5.949999809265137,6.300000190734863,54490400,6.159999847412109
1805,2025-11-17,6.079999923706055,6.130000114440918,6.019999980926514,6.289999961853027,53189600,6.079999923706055
1806,2025-11-18,5.980000019073486,5.980000019073486,5.829999923706055,6.03000020980835,59008100,5.980000019073486
1807,2025-11-19,5.75,5.940000057220459,5.730000019073486,5.989999771118164,44693100,5.75
1808,2025-11-20,5.400000095367432,5.820000171661377,5.380000114440918,5.869999885559082,70236800,5.400000095367432
1809,2025-11-21,5.579999923706055,5.489999771118164,5.389999866485596,5.699999809265137,56288300,5.579999923706055
1810,2025-11-24,5.75,5.78000020980835,5.710000038146973,5.860000133514404,52450700,5.75
1811,2025-11-25,5.5,5.590000152587891,5.380000114440918,5.699999809265137,88421200,5.5
1812,2025-11-26,5.460000038146973,5.539999961853027,5.300000190734863,5.730000019073486,85900500,5.460000038146973
1813,2025-11-28,5.5,5.5,5.429999828338623,5.630000114440918,30218900,5.5
1814,2025-12-01,5.179999828338623,5.329999923706055,5.139999866485596,5.429999828338623,58805800,5.179999828338623
1815,2025-12-02,5.03000020980835,5.159999847412109,5.03000020980835,5.179999828338623,43612900,5.03000020980835
1816,2025-12-03,4.789999961853027,4.980000019073486,4.730000019073486,4.989999771118164,94553700,4.789999961853027
1817,2025-12-04,5.010000228881836,4.940000057220459,4.909999847412109,5.03000020980835,57001900,5.010000228881836
1818,2025-12-05,5.039999961853027,5.170000076293945,5.03000020980835,5.179999828338623,36110800,5.039999961853027
1819,2025-12-08,5.099999904632568,5.059999942779541,5.019999980926514,5.230000019073486,32866700,5.099999904632568
1820,2025-12-09,5.03000020980835,5.010000228881836,4.96999979019165,5.079999923706055,29799600,5.03000020980835
1821,2025-12-10,5.03000020980835,5.019999980926514,4.96999979019165,5.110000133514404,24577000,5.03000020980835
1822,2025-12-11,5.130000114440918,4.989999771118164,4.900000095367432,5.190000057220459,39079200,5.130000114440918
1823,2025-12-12,5.03000020980835,5.130000114440918,5.019999980926514,5.260000228881836,33069400,5.03000020980835
1824,2025-12-15,4.989999771118164,5.050000190734863,4.96999979019165,5.079999923706055,31213200,4.989999771118164
1825,2025-12-16,5.03000020980835,4.960000038146973,4.949999809265137,5.03000020980835,32067600,5.03000020980835
1826,2025-12-17,4.860000133514404,5.010000228881836,4.849999904632568,5.059999942779541,29067700,4.860000133514404
1827,2025-12-18,4.929999828338623,4.949999809265137,4.920000076293945,5.010000228881836,20020900,4.929999828338623
1828,2025-12-19,4.989999771118164,4.989999771118164,4.980000019073486,5.03000020980835,29190000,4.989999771118164
1829,2025-12-22,5.0,5.019999980926514,4.980000019073486,5.050000190734863,23199300,5.0
1830,2025-12-23,4.889999866485596,4.96999979019165,4.860000133514404,4.980000019073486,24743900,4.889999866485596
1831,2025-12-24,4.909999847412109,4.889999866485596,4.880000114440918,4.929999828338623,13280300,4.909999847412109
1832,2025-12-26,5.099999904632568,4.900000095367432,4.900000095367432,5.150000095367432,49094700,5.099999904632568
1833,2025-12-29,5.340000152587891,5.079999923706055,5.079999923706055,5.380000114440918,68744800,5.340000152587891
1834,2025-12-30,5.5,5.539999961853027,5.5,5.789999961853027,80148000,5.5
1835,2025-12-31,5.099999904632568,5.309999942779541,4.949999809265137,5.320000171661377,83294700,5.099999904632568
1836,2026-01-02,5.139999866485596,5.320000171661377,5.079999923706055,5.380000114440918,40104100,5.139999866485596
